-- MySQL dump 10.17  Distrib 10.3.24-MariaDB, for Linux (x86_64)
--
-- Host: localhost    Database: cic15787_vietnambim
-- ------------------------------------------------------
-- Server version	10.3.24-MariaDB-log

/*!40101 SET @OLD_CHARACTER_SET_CLIENT=@@CHARACTER_SET_CLIENT */;
/*!40101 SET @OLD_CHARACTER_SET_RESULTS=@@CHARACTER_SET_RESULTS */;
/*!40101 SET @OLD_COLLATION_CONNECTION=@@COLLATION_CONNECTION */;
/*!40101 SET NAMES utf8mb4 */;
/*!40103 SET @OLD_TIME_ZONE=@@TIME_ZONE */;
/*!40103 SET TIME_ZONE='+00:00' */;
/*!40014 SET @OLD_UNIQUE_CHECKS=@@UNIQUE_CHECKS, UNIQUE_CHECKS=0 */;
/*!40014 SET @OLD_FOREIGN_KEY_CHECKS=@@FOREIGN_KEY_CHECKS, FOREIGN_KEY_CHECKS=0 */;
/*!40101 SET @OLD_SQL_MODE=@@SQL_MODE, SQL_MODE='NO_AUTO_VALUE_ON_ZERO' */;
/*!40111 SET @OLD_SQL_NOTES=@@SQL_NOTES, SQL_NOTES=0 */;

--
-- Table structure for table `banners`
--

DROP TABLE IF EXISTS `banners`;
/*!40101 SET @saved_cs_client     = @@character_set_client */;
/*!40101 SET character_set_client = utf8 */;
CREATE TABLE `banners` (
  `id` int(10) unsigned NOT NULL AUTO_INCREMENT,
  `priority` int(11) NOT NULL DEFAULT 0,
  `link` varchar(500) COLLATE utf8mb4_unicode_ci DEFAULT NULL,
  `featured_image` varchar(191) COLLATE utf8mb4_unicode_ci NOT NULL,
  `status` tinyint(1) NOT NULL DEFAULT 0,
  `created_by` int(10) unsigned NOT NULL,
  `updated_by` int(10) unsigned DEFAULT NULL,
  `created_at` timestamp NULL DEFAULT NULL,
  `updated_at` timestamp NULL DEFAULT NULL,
  `deleted_at` timestamp NULL DEFAULT NULL,
  PRIMARY KEY (`id`)
) ENGINE=InnoDB DEFAULT CHARSET=utf8mb4 COLLATE=utf8mb4_unicode_ci;
/*!40101 SET character_set_client = @saved_cs_client */;

--
-- Dumping data for table `banners`
--

LOCK TABLES `banners` WRITE;
/*!40000 ALTER TABLE `banners` DISABLE KEYS */;
/*!40000 ALTER TABLE `banners` ENABLE KEYS */;
UNLOCK TABLES;

--
-- Table structure for table `banners_translations`
--

DROP TABLE IF EXISTS `banners_translations`;
/*!40101 SET @saved_cs_client     = @@character_set_client */;
/*!40101 SET character_set_client = utf8 */;
CREATE TABLE `banners_translations` (
  `id` int(10) unsigned NOT NULL AUTO_INCREMENT,
  `banner_id` int(10) unsigned NOT NULL,
  `locale` varchar(191) COLLATE utf8mb4_unicode_ci NOT NULL,
  `title1` varchar(191) COLLATE utf8mb4_unicode_ci NOT NULL,
  `title2` varchar(191) COLLATE utf8mb4_unicode_ci NOT NULL,
  `deleted_at` timestamp NULL DEFAULT NULL,
  PRIMARY KEY (`id`),
  UNIQUE KEY `banners_translations_banner_id_locale_unique` (`banner_id`,`locale`),
  KEY `banners_translations_locale_index` (`locale`),
  CONSTRAINT `banners_translations_banner_id_foreign` FOREIGN KEY (`banner_id`) REFERENCES `banners` (`id`) ON DELETE CASCADE
) ENGINE=InnoDB DEFAULT CHARSET=utf8mb4 COLLATE=utf8mb4_unicode_ci;
/*!40101 SET character_set_client = @saved_cs_client */;

--
-- Dumping data for table `banners_translations`
--

LOCK TABLES `banners_translations` WRITE;
/*!40000 ALTER TABLE `banners_translations` DISABLE KEYS */;
/*!40000 ALTER TABLE `banners_translations` ENABLE KEYS */;
UNLOCK TABLES;

--
-- Table structure for table `blog_categories`
--

DROP TABLE IF EXISTS `blog_categories`;
/*!40101 SET @saved_cs_client     = @@character_set_client */;
/*!40101 SET character_set_client = utf8 */;
CREATE TABLE `blog_categories` (
  `id` int(10) unsigned NOT NULL AUTO_INCREMENT,
  `slug` varchar(500) COLLATE utf8mb4_unicode_ci DEFAULT NULL,
  `priority` int(11) NOT NULL DEFAULT 0,
  `status` tinyint(1) NOT NULL DEFAULT 1,
  `created_by` int(10) unsigned NOT NULL,
  `updated_by` int(10) unsigned DEFAULT NULL,
  `created_at` timestamp NULL DEFAULT NULL,
  `updated_at` timestamp NULL DEFAULT NULL,
  `deleted_at` timestamp NULL DEFAULT NULL,
  PRIMARY KEY (`id`)
) ENGINE=InnoDB AUTO_INCREMENT=5 DEFAULT CHARSET=utf8mb4 COLLATE=utf8mb4_unicode_ci;
/*!40101 SET character_set_client = @saved_cs_client */;

--
-- Dumping data for table `blog_categories`
--

LOCK TABLES `blog_categories` WRITE;
/*!40000 ALTER TABLE `blog_categories` DISABLE KEYS */;
INSERT INTO `blog_categories` VALUES (1,'bim-co-ban',0,1,2,NULL,'2021-08-15 00:51:04','2021-08-15 00:51:04',NULL),(2,'bim-nang-cao',1,1,2,2,'2021-08-15 00:58:23','2021-08-15 00:58:31',NULL),(3,'bim-su-kien',3,0,2,2,'2021-08-15 00:59:07','2021-08-15 01:00:51',NULL),(4,'chuyen-san-bim-hoc-thuong-thuc',4,1,2,NULL,'2021-08-15 01:00:44','2021-08-15 01:00:44',NULL);
/*!40000 ALTER TABLE `blog_categories` ENABLE KEYS */;
UNLOCK TABLES;

--
-- Table structure for table `blog_categories_translations`
--

DROP TABLE IF EXISTS `blog_categories_translations`;
/*!40101 SET @saved_cs_client     = @@character_set_client */;
/*!40101 SET character_set_client = utf8 */;
CREATE TABLE `blog_categories_translations` (
  `id` int(10) unsigned NOT NULL AUTO_INCREMENT,
  `blog_category_id` int(10) unsigned NOT NULL,
  `locale` varchar(191) COLLATE utf8mb4_unicode_ci NOT NULL,
  `name` varchar(256) COLLATE utf8mb4_unicode_ci NOT NULL,
  `deleted_at` timestamp NULL DEFAULT NULL,
  PRIMARY KEY (`id`),
  UNIQUE KEY `blog_categories_translations_blog_category_id_locale_unique` (`blog_category_id`,`locale`),
  KEY `blog_categories_translations_locale_index` (`locale`),
  CONSTRAINT `blog_categories_translations_blog_category_id_foreign` FOREIGN KEY (`blog_category_id`) REFERENCES `blog_categories` (`id`) ON DELETE CASCADE
) ENGINE=InnoDB AUTO_INCREMENT=9 DEFAULT CHARSET=utf8mb4 COLLATE=utf8mb4_unicode_ci;
/*!40101 SET character_set_client = @saved_cs_client */;

--
-- Dumping data for table `blog_categories_translations`
--

LOCK TABLES `blog_categories_translations` WRITE;
/*!40000 ALTER TABLE `blog_categories_translations` DISABLE KEYS */;
INSERT INTO `blog_categories_translations` VALUES (1,1,'en','Basic BIM',NULL),(2,1,'vi','BIM cơ bản',NULL),(3,2,'en','Advance BIM',NULL),(4,2,'vi','BIM Nâng cao',NULL),(5,3,'en','BIM Event',NULL),(6,3,'vi','BIM sự kiện',NULL),(7,4,'en','Common sense BIM journal',NULL),(8,4,'vi','Chuyên san BIM học thường thức',NULL);
/*!40000 ALTER TABLE `blog_categories_translations` ENABLE KEYS */;
UNLOCK TABLES;

--
-- Table structure for table `blog_map_categories`
--

DROP TABLE IF EXISTS `blog_map_categories`;
/*!40101 SET @saved_cs_client     = @@character_set_client */;
/*!40101 SET character_set_client = utf8 */;
CREATE TABLE `blog_map_categories` (
  `id` int(10) unsigned NOT NULL AUTO_INCREMENT,
  `blog_id` int(10) unsigned NOT NULL,
  `category_id` int(10) unsigned NOT NULL,
  PRIMARY KEY (`id`),
  KEY `blog_map_categories_blog_id_index` (`blog_id`),
  KEY `blog_map_categories_category_id_index` (`category_id`)
) ENGINE=InnoDB AUTO_INCREMENT=13 DEFAULT CHARSET=utf8mb4 COLLATE=utf8mb4_unicode_ci;
/*!40101 SET character_set_client = @saved_cs_client */;

--
-- Dumping data for table `blog_map_categories`
--

LOCK TABLES `blog_map_categories` WRITE;
/*!40000 ALTER TABLE `blog_map_categories` DISABLE KEYS */;
INSERT INTO `blog_map_categories` VALUES (1,1,1),(3,3,1),(4,4,2),(5,5,1),(6,5,2),(7,6,2),(8,6,4),(9,7,1),(10,7,3),(11,8,1),(12,8,2);
/*!40000 ALTER TABLE `blog_map_categories` ENABLE KEYS */;
UNLOCK TABLES;

--
-- Table structure for table `blog_map_tags`
--

DROP TABLE IF EXISTS `blog_map_tags`;
/*!40101 SET @saved_cs_client     = @@character_set_client */;
/*!40101 SET character_set_client = utf8 */;
CREATE TABLE `blog_map_tags` (
  `id` int(10) unsigned NOT NULL AUTO_INCREMENT,
  `blog_id` int(10) unsigned NOT NULL,
  `tag_id` int(10) unsigned NOT NULL,
  PRIMARY KEY (`id`),
  KEY `blog_map_tags_blog_id_index` (`blog_id`),
  KEY `blog_map_tags_tag_id_index` (`tag_id`)
) ENGINE=InnoDB AUTO_INCREMENT=16 DEFAULT CHARSET=utf8mb4 COLLATE=utf8mb4_unicode_ci;
/*!40101 SET character_set_client = @saved_cs_client */;

--
-- Dumping data for table `blog_map_tags`
--

LOCK TABLES `blog_map_tags` WRITE;
/*!40000 ALTER TABLE `blog_map_tags` DISABLE KEYS */;
INSERT INTO `blog_map_tags` VALUES (1,1,1),(2,1,2),(4,3,1),(5,3,2),(6,4,2),(7,4,3),(8,5,1),(9,5,2),(10,6,3),(11,6,4),(12,7,1),(13,7,2),(14,8,2),(15,8,3);
/*!40000 ALTER TABLE `blog_map_tags` ENABLE KEYS */;
UNLOCK TABLES;

--
-- Table structure for table `blog_tags`
--

DROP TABLE IF EXISTS `blog_tags`;
/*!40101 SET @saved_cs_client     = @@character_set_client */;
/*!40101 SET character_set_client = utf8 */;
CREATE TABLE `blog_tags` (
  `id` int(10) unsigned NOT NULL AUTO_INCREMENT,
  `status` tinyint(1) NOT NULL DEFAULT 1,
  `priority` tinyint(1) NOT NULL DEFAULT 0,
  `created_by` int(10) unsigned NOT NULL,
  `updated_by` int(10) unsigned DEFAULT NULL,
  `created_at` timestamp NULL DEFAULT NULL,
  `updated_at` timestamp NULL DEFAULT NULL,
  `deleted_at` timestamp NULL DEFAULT NULL,
  PRIMARY KEY (`id`)
) ENGINE=InnoDB AUTO_INCREMENT=5 DEFAULT CHARSET=utf8mb4 COLLATE=utf8mb4_unicode_ci;
/*!40101 SET character_set_client = @saved_cs_client */;

--
-- Dumping data for table `blog_tags`
--

LOCK TABLES `blog_tags` WRITE;
/*!40000 ALTER TABLE `blog_tags` DISABLE KEYS */;
INSERT INTO `blog_tags` VALUES (1,1,1,2,NULL,'2021-08-15 01:04:06','2021-08-15 01:04:06',NULL),(2,1,2,2,NULL,'2021-08-15 01:04:23','2021-08-15 01:04:23',NULL),(3,0,3,2,NULL,'2021-08-15 01:04:50','2021-08-15 01:04:50',NULL),(4,1,4,2,NULL,'2021-08-15 01:05:13','2021-08-15 01:05:13',NULL);
/*!40000 ALTER TABLE `blog_tags` ENABLE KEYS */;
UNLOCK TABLES;

--
-- Table structure for table `blog_tags_translations`
--

DROP TABLE IF EXISTS `blog_tags_translations`;
/*!40101 SET @saved_cs_client     = @@character_set_client */;
/*!40101 SET character_set_client = utf8 */;
CREATE TABLE `blog_tags_translations` (
  `id` int(10) unsigned NOT NULL AUTO_INCREMENT,
  `blog_tag_id` int(10) unsigned NOT NULL,
  `locale` varchar(191) COLLATE utf8mb4_unicode_ci NOT NULL,
  `name` varchar(256) COLLATE utf8mb4_unicode_ci NOT NULL,
  `deleted_at` timestamp NULL DEFAULT NULL,
  PRIMARY KEY (`id`),
  UNIQUE KEY `blog_tags_translations_blog_tag_id_locale_unique` (`blog_tag_id`,`locale`),
  KEY `blog_tags_translations_locale_index` (`locale`),
  CONSTRAINT `blog_tags_translations_blog_tag_id_foreign` FOREIGN KEY (`blog_tag_id`) REFERENCES `blog_tags` (`id`) ON DELETE CASCADE
) ENGINE=InnoDB AUTO_INCREMENT=9 DEFAULT CHARSET=utf8mb4 COLLATE=utf8mb4_unicode_ci;
/*!40101 SET character_set_client = @saved_cs_client */;

--
-- Dumping data for table `blog_tags_translations`
--

LOCK TABLES `blog_tags_translations` WRITE;
/*!40000 ALTER TABLE `blog_tags_translations` DISABLE KEYS */;
INSERT INTO `blog_tags_translations` VALUES (1,1,'en','Basic BIM',NULL),(2,1,'vi','BIM cơ bản',NULL),(3,2,'en','Advance BIM',NULL),(4,2,'vi','BIM Nâng cao',NULL),(5,3,'en','BIM Event',NULL),(6,3,'vi','BIM sự kiện',NULL),(7,4,'en','Common sense BIM journal',NULL),(8,4,'vi','Chuyên san BIM học thường thức',NULL);
/*!40000 ALTER TABLE `blog_tags_translations` ENABLE KEYS */;
UNLOCK TABLES;

--
-- Table structure for table `blogs`
--

DROP TABLE IF EXISTS `blogs`;
/*!40101 SET @saved_cs_client     = @@character_set_client */;
/*!40101 SET character_set_client = utf8 */;
CREATE TABLE `blogs` (
  `id` int(10) unsigned NOT NULL AUTO_INCREMENT,
  `publish_datetime` datetime NOT NULL,
  `featured_image` varchar(512) COLLATE utf8mb4_unicode_ci DEFAULT NULL,
  `slug` varchar(512) COLLATE utf8mb4_unicode_ci NOT NULL,
  `status` enum('Published','InActive') COLLATE utf8mb4_unicode_ci NOT NULL DEFAULT 'InActive',
  `created_by` int(10) unsigned NOT NULL,
  `updated_by` int(10) unsigned DEFAULT NULL,
  `show` tinyint(1) NOT NULL DEFAULT 0,
  `priority` int(11) NOT NULL DEFAULT 0,
  `created_at` timestamp NULL DEFAULT NULL,
  `updated_at` timestamp NULL DEFAULT NULL,
  `deleted_at` timestamp NULL DEFAULT NULL,
  PRIMARY KEY (`id`)
) ENGINE=InnoDB AUTO_INCREMENT=9 DEFAULT CHARSET=utf8mb4 COLLATE=utf8mb4_unicode_ci;
/*!40101 SET character_set_client = @saved_cs_client */;

--
-- Dumping data for table `blogs`
--

LOCK TABLES `blogs` WRITE;
/*!40000 ALTER TABLE `blogs` DISABLE KEYS */;
INSERT INTO `blogs` VALUES (1,'2021-08-15 08:05:00','1629028386-cach-thuc-phoi-hop-bim-trong-cac-du-an-nha-cao-tang-o-viet-nam.jpg','cach-thuc-phoi-hop-bim-trong-cac-du-an-nha-cao-tang-o-viet-nam','Published',2,2,1,0,'2021-08-15 01:06:29','2021-08-15 04:53:06',NULL),(2,'2021-08-15 08:20:00','1629015675-the-2.png','the-2','Published',2,NULL,0,0,'2021-08-15 01:21:15','2021-08-15 01:21:20','2021-08-15 01:21:20'),(3,'2021-08-15 12:12:00','1629029706-trinh-tu-lap-mo-hinh-bim.jpg','trinh-tu-lap-mo-hinh-bim','Published',2,2,1,0,'2021-08-15 05:15:06','2021-08-15 05:18:05',NULL),(4,'2021-08-15 13:58:00','1629036959-sach-bim-mien-phi-so-tay-bim-danh-cho-chu-dau-tu-nha-quan-ly-don-vi-thiet-ke-nha-thau.png','sach-bim-mien-phi-so-tay-bim-danh-cho-chu-dau-tu-nha-quan-ly-don-vi-thiet-ke-nha-thau','Published',2,2,1,0,'2021-08-15 07:15:59','2021-08-15 07:16:35',NULL),(5,'2021-08-15 14:16:00','1629037211-huong-toi-tu-dong-hoa-trong-viec-tao-mo-hinh-bim-va-quy-trinh-cong-viec-duoc-cai-thien-trong-cac-cong-ty-aec.jpg','huong-toi-tu-dong-hoa-trong-viec-tao-mo-hinh-bim-va-quy-trinh-cong-viec-duoc-cai-thien-trong-cac-cong-ty-aec','Published',2,NULL,1,0,'2021-08-15 07:20:11','2021-08-15 07:20:11',NULL),(6,'2021-08-15 14:23:00','1629037603-bim-la-gi.png','bim-la-gi','Published',2,NULL,0,0,'2021-08-15 07:26:43','2021-08-15 07:26:43',NULL),(7,'2021-08-15 14:27:00','1629037800-thanh-pho-ai-thanh-pho-tuong-lai-duoc-ho-tro-boi-cac-cong-nghe-moi-nhu-ai-gis-bim.jpg','thanh-pho-ai-thanh-pho-tuong-lai-duoc-ho-tro-boi-cac-cong-nghe-moi-nhu-ai-gis-bim','Published',2,NULL,1,0,'2021-08-15 07:30:00','2021-08-15 07:30:00',NULL),(8,'2021-08-15 14:31:00','1629038049-cong-nghe-in-3d-nong-chay-lang-dong-fused-deposition-modelling-fdm.jpg','cong-nghe-in-3d-nong-chay-lang-dong-fused-deposition-modelling-fdm','Published',2,NULL,1,0,'2021-08-15 07:34:09','2021-08-15 07:34:09',NULL);
/*!40000 ALTER TABLE `blogs` ENABLE KEYS */;
UNLOCK TABLES;

--
-- Table structure for table `blogs_translations`
--

DROP TABLE IF EXISTS `blogs_translations`;
/*!40101 SET @saved_cs_client     = @@character_set_client */;
/*!40101 SET character_set_client = utf8 */;
CREATE TABLE `blogs_translations` (
  `id` int(10) unsigned NOT NULL AUTO_INCREMENT,
  `blog_id` int(10) unsigned NOT NULL,
  `locale` varchar(191) COLLATE utf8mb4_unicode_ci NOT NULL,
  `name` varchar(256) COLLATE utf8mb4_unicode_ci NOT NULL,
  `description` varchar(500) COLLATE utf8mb4_unicode_ci DEFAULT NULL,
  `content` text COLLATE utf8mb4_unicode_ci DEFAULT NULL,
  `meta_title` varchar(191) COLLATE utf8mb4_unicode_ci DEFAULT NULL,
  `cannonical_link` varchar(191) COLLATE utf8mb4_unicode_ci DEFAULT NULL,
  `meta_description` text COLLATE utf8mb4_unicode_ci DEFAULT NULL,
  `meta_keywords` text COLLATE utf8mb4_unicode_ci DEFAULT NULL,
  `deleted_at` timestamp NULL DEFAULT NULL,
  PRIMARY KEY (`id`),
  UNIQUE KEY `blogs_translations_blog_id_locale_unique` (`blog_id`,`locale`),
  KEY `blogs_translations_locale_index` (`locale`),
  CONSTRAINT `blogs_translations_blog_id_foreign` FOREIGN KEY (`blog_id`) REFERENCES `blogs` (`id`) ON DELETE CASCADE
) ENGINE=InnoDB AUTO_INCREMENT=17 DEFAULT CHARSET=utf8mb4 COLLATE=utf8mb4_unicode_ci;
/*!40101 SET character_set_client = @saved_cs_client */;

--
-- Dumping data for table `blogs_translations`
--

LOCK TABLES `blogs_translations` WRITE;
/*!40000 ALTER TABLE `blogs_translations` DISABLE KEYS */;
INSERT INTO `blogs_translations` VALUES (1,1,'en','How to coordinate BIM in high-rise projects in Vietnam','In a study published in early 2018, the authors Le Ngoc Quyet, Nguyen Nhu Trang, and Le Minh Canh compared common BIM coordination methods at large construction companies in the South, and analyzed causes affecting the success of BIM implementation through the theory of \"behavior\".','<p>In a study published in early 2018, the authors Le Ngoc Quyet, Nguyen Nhu Trang, and Le Minh Canh compared common BIM coordination methods at large construction companies in the South, and analyzed causes affecting the success of BIM implementation through the theory of \"behavior\".</p>\r\n<p>The authors rely on behavioral theory to compile a semi-structured interview questionnaire. The results obtained are the two most popular BIM coordination methods being used by large consultants, designers and contractors in the southern market.</p>\r\n<p>&nbsp;</p>\r\n<figure class=\"wp-block-image\"><img class=\"wp-image-11542 lazyloaded\" src=\"http://vietnambim.net/wp-content/uploads/2019/10/Untitled.png\" srcset=\"https://vietnambim.net/wp-content/uploads/2019/10/Untitled.png 911w, https://vietnambim.net/wp-content/uploads/2019/10/Untitled-300x201.png 300w, https://vietnambim.net/wp-content/uploads/2019/10/Untitled-768x513.png 768w, https://vietnambim.net/wp-content/uploads/2019/10/Untitled-696x465.png 696w, https://vietnambim.net/wp-content/uploads/2019/10/Untitled-628x420.png 628w\" alt=\"\" data-lazy-src=\"http://vietnambim.net/wp-content/uploads/2019/10/Untitled.png\" data-lazy-srcset=\"https://vietnambim.net/wp-content/uploads/2019/10/Untitled.png 911w, https://vietnambim.net/wp-content/uploads/2019/10/Untitled-300x201.png 300w, https://vietnambim.net/wp-content/uploads/2019/10/Untitled-768x513.png 768w, https://vietnambim.net/wp-content/uploads/2019/10/Untitled-696x465.png 696w, https://vietnambim.net/wp-content/uploads/2019/10/Untitled-628x420.png 628w\" data-lazy-sizes=\"(max-width: 911px) 100vw, 911px\" data-was-processed=\"true\" />\r\n<figcaption>Hai trường hợp phối hợp BIM trong thiết kế v&agrave; thi c&ocirc;ng</figcaption>\r\n</figure>\r\n<p><br />Two cases of BIM coordination in design and construction<br />Compare the structure of two BIM coordination options</p>\r\n<p>Case A shows a high concentration of power in BIM coordination, the investor only works with the general contractor, while the general contractor directly manages the design and installation subcontractors. The design team of the general contractor consists of a design team and a BIM team - in which the design team is responsible for managing and evaluating construction design documents with the support of information management from the BIM team. The BIM team collaborates with subcontractors to build and manage 3D models, then report to the design team complex conflicts that require major design adjustments, while minor tweaks the BIM team can automatically handle. Case B presents a more decentralized power but at the same time is more complex than Case A because it requires the coordinated participation of all stakeholders &ndash; so that the information flow is always moving and updated in different phases. different sections of the project. This way of coordination follows a collaborative coordination model that allows the participating units to develop the project with a more equal position. Normally, BIM consultants have to actively organize many meetings to get consensus from the parties.</p>\r\n<p>Compare advantages and disadvantages of two BIM coordination options</p>\r\n<p>Case A shows the speed in the process of directing and deciding on BIM implementation because the general contractor has the capacity to coordinate BIM and the authority to manage subcontractors. However, this way of coordination easily falls into a single BIM situation [7] when the information flow is absolutely controlled by the general contractor while the role of the design and construction subcontractors is very vague. Another minus point is that when implementing BIM according to the subjective opinion of one party, the BIM process is easy to fail due to: 1) mistakes in the direction from the general contractor, or 2) only doing BIM in parts and moving towards interests of the general contractor. Case B shows more cooperation between the parties when it is always necessary to contribute and agree from everyone before deciding to change or adjust the design. However, this approach takes a lot of time to hold meetings to finalize the plan and coordinate efforts to ensure equal benefits between the units. Another disadvantage is that when there is a large difference in the knowledge and ability to do BIM of the units, many optimal BIM solutions cannot be implemented, but must accept the solution that is suitable for the existing capacity. of the participating units.</p>\r\n<p>A few comments</p>\r\n<p>The mindset of doing BIM and BIM tools is towards green design and prefabricated components, while the Vietnamese construction industry has remained largely unchanged, still using cast-in-place reinforced concrete. That leads to units not being able to take full advantage of BIM tools and even, in many cases, having to reconfigure BIM tools to serve the aging construction process. &ldquo;Temporary&rdquo; causes (lack of standards and guidelines from the state) are also analyzed. Businesses are looking forward to the government to soon issue a set of BIM standards/regulations/guidelines to enhance cooperation as well as have a basis to calculate the cost of making BIM-bringing BIM into a service. officially into the project. At the same time, the criteria of green building (energy saving/emission reduction) and material saving (prefabricated components) should be mandatory in large projects (depending on the scale of the project). to create momentum for BIM development.</p>\r\n<p>See the full scientific article here.</p>\r\n<p>If you are interested in other scientific articles on BIM, please click here to view.</p>\r\n<p>VBN summarizes and introduces</p>','How to coordinate BIM in high-rise projects in Vietnam','cach-thuc-phoi-hop-bim-trong-cac-du-an-nha-cao-tang-o-viet-nam','In a study published in early 2018, the authors Le Ngoc Quyet, Nguyen Nhu Trang, and Le Minh Canh compared common BIM coordination methods at large construction companies in the South, and analyzed causes affecting the success of BIM implementation through the theory of \"behavior\".','BIM, Basic BIM',NULL),(2,1,'vi','Cách thức phối hợp BIM trong các dự án nhà cao tầng ở Việt Nam','Trong một nghiên cứu xuất bản đầu năm 2018, các tác giả Lê Ngọc Quyết, Nguyễn Như Trang, Lê Minh Cảnh đã so sánh các cách thức phối hợp BIM phổ biến tại các công ty xây dựng lớn ở miền Nam, đồng thời phân tích nguyên nhân ảnh hưởng đến sự thành công của việc triển khai BIM thông qua lý thuyết “hành vi”.','<p>Trong một nghi&ecirc;n cứu xuất bản đầu năm 2018, c&aacute;c t&aacute;c giả L&ecirc; Ngọc Quyết, Nguyễn Như Trang, L&ecirc; Minh Cảnh đ&atilde; so s&aacute;nh c&aacute;c c&aacute;ch thức phối hợp BIM phổ biến tại c&aacute;c c&ocirc;ng ty x&acirc;y dựng lớn ở miền Nam, đồng thời ph&acirc;n t&iacute;ch nguy&ecirc;n nh&acirc;n ảnh hưởng đến sự th&agrave;nh c&ocirc;ng của việc triển khai BIM th&ocirc;ng qua l&yacute; thuyết &ldquo;h&agrave;nh vi&rdquo;.</p>\r\n<p>Nh&oacute;m t&aacute;c giả dựa v&agrave;o l&yacute; thuyết h&agrave;nh vi để bi&ecirc;n soạn bộ c&acirc;u hỏi b&aacute;n cấu tr&uacute;c d&agrave;nh cho phỏng vấn. Kết quả thu được hai phương ph&aacute;p phối hợp BIM phổ biến nhất đang được c&aacute;c đơn vị tư vấn, thiết kế, nh&agrave; thầu lớn sử dụng tại thị trường miền Nam.</p>\r\n<figure class=\"wp-block-image\"><img class=\"wp-image-11542 lazyloaded\" src=\"http://vietnambim.net/wp-content/uploads/2019/10/Untitled.png\" srcset=\"https://vietnambim.net/wp-content/uploads/2019/10/Untitled.png 911w, https://vietnambim.net/wp-content/uploads/2019/10/Untitled-300x201.png 300w, https://vietnambim.net/wp-content/uploads/2019/10/Untitled-768x513.png 768w, https://vietnambim.net/wp-content/uploads/2019/10/Untitled-696x465.png 696w, https://vietnambim.net/wp-content/uploads/2019/10/Untitled-628x420.png 628w\" alt=\"\" data-lazy-src=\"http://vietnambim.net/wp-content/uploads/2019/10/Untitled.png\" data-lazy-srcset=\"https://vietnambim.net/wp-content/uploads/2019/10/Untitled.png 911w, https://vietnambim.net/wp-content/uploads/2019/10/Untitled-300x201.png 300w, https://vietnambim.net/wp-content/uploads/2019/10/Untitled-768x513.png 768w, https://vietnambim.net/wp-content/uploads/2019/10/Untitled-696x465.png 696w, https://vietnambim.net/wp-content/uploads/2019/10/Untitled-628x420.png 628w\" data-lazy-sizes=\"(max-width: 911px) 100vw, 911px\" data-was-processed=\"true\" />\r\n<figcaption>Hai trường hợp phối hợp BIM trong thiết kế v&agrave; thi c&ocirc;ng</figcaption>\r\n</figure>\r\n<p><strong>So s&aacute;nh cấu tr&uacute;c hai phương &aacute;n phối hợp BIM</strong></p>\r\n<div class=\"td-g-rec td-g-rec-id-content_inline td_uid_11_6118bb2968f87_rand td_block_template_9 \">&nbsp;</div>\r\n<p>Trường hợp A thể hiện sự tập trung quyền lực cao trong phối hợp BIM, CĐT chỉ l&agrave;m việc với tổng thầu, c&ograve;n tổng thầu trực tiếp quản l&yacute; thầu phụ thiết kế v&agrave; thầu phụ thi c&ocirc;ng lắp đặt. Ban thiết kế của tổng thầu gồm đội thiết kế v&agrave; đội BIM-trong đ&oacute; đội thiết kế chịu tr&aacute;ch nhiệm quản l&yacute; v&agrave; thẩm định hồ sơ thiết kế thi c&ocirc;ng với sự hỗ trợ quản l&yacute; cập nhật th&ocirc;ng tin từ đội BIM. Đội BIM phối hợp với c&aacute;c đơn vị thầu phụ dựng v&agrave; quản l&yacute; m&ocirc; h&igrave;nh 3D, sau đ&oacute; b&aacute;o c&aacute;o đội thiết kế c&aacute;c xung đột phức tạp cần sự điều chỉnh lớn trong thiết kế, trong khi c&aacute;c chỉnh sửa nhỏ đội BIM c&oacute; thể tự xử l&yacute;. Trường hợp B thể hiện sự ph&acirc;n t&aacute;n quyền lực hơn nhưng đồng thời lại phức tạp hơn trường hợp A v&igrave; cần sự tham gia phối hợp của tất cả c&aacute;c b&ecirc;n li&ecirc;n quan-để luồng th&ocirc;ng tin lu&ocirc;n được chuyển động v&agrave; cập nhật trong c&aacute;c giai đoạn kh&aacute;c nhau của dự &aacute;n. C&aacute;ch phối hợp n&agrave;y tu&acirc;n theo m&ocirc; h&igrave;nh phối hợp li&ecirc;n kết cho ph&eacute;p c&aacute;c đơn vị tham gia ph&aacute;t triển dự &aacute;n với vị thế b&igrave;nh đẳng hơn. Th&ocirc;ng thường, đơn vị tư vấn BIM phải chủ động tổ chức rất nhiều cuộc họp để lấy &yacute; kiến thống nhất từ c&aacute;c b&ecirc;n.</p>\r\n<p><strong>So s&aacute;nh ưu nhược điểm hai phương &aacute;n phối hợp BIM</strong></p>\r\n<p>Trường hợp A thể hiện sự nhanh gọn trong qu&aacute; tr&igrave;nh chỉ đạo v&agrave; quyết định triển khai BIM v&igrave; tổng thầu c&oacute; năng lực để điều phối BIM v&agrave; quyền hạn để quản l&yacute; c&aacute;c thầu phụ. Tuy nhi&ecirc;n c&aacute;ch phối hợp n&agrave;y dễ rơi v&agrave;o t&igrave;nh trạng l&agrave;m BIM đơn lẻ [7] khi luồng th&ocirc;ng tin được kiểm so&aacute;t tuyệt đối bởi tổng thầu trong khi vai tr&ograve; của thầu phụ thiết kế v&agrave; thi c&ocirc;ng rất mờ nhạt. Một điểm trừ nữa l&agrave; khi triển khai BIM theo &yacute; kiến chủ quan của một b&ecirc;n th&igrave; quy tr&igrave;nh l&agrave;m BIM rất dễ thất bại do: 1) sai lầm trong chỉ đạo từ tổng thầu, hoặc 2) chỉ l&agrave;m BIM từng phần m&agrave; hướng về lợi &iacute;ch của tổng thầu. Trường hợp B thể hiện r&otilde; sự hợp t&aacute;c giữa c&aacute;c b&ecirc;n hơn khi lu&ocirc;n cần sự đ&oacute;ng g&oacute;p v&agrave; đồng &yacute; của mọi người trước khi quyết định thay đổi hoặc điều chỉnh thiết kế. D&ugrave; vậy, c&aacute;ch l&agrave;m n&agrave;y rất tốn thời gian họp h&agrave;nh để chốt phương &aacute;n v&agrave; c&ocirc;ng sức phối hợp để đảm bảo được lợi &iacute;ch đồng đều giữa c&aacute;c đơn vị. Một nhược điểm nữa l&agrave; khi tr&igrave;nh độ hiểu biết v&agrave; khả năng l&agrave;m BIM của c&aacute;c đơn vị c&oacute; ch&ecirc;nh lệch lớn th&igrave; nhiều giải ph&aacute;p BIM tối ưu kh&ocirc;ng thể thực hiện được, m&agrave; đ&agrave;nh phải chấp nhận giải ph&aacute;p ph&ugrave; hợp với năng lực hiện c&oacute; của c&aacute;c đơn vị tham gia.</p>\r\n<p><strong>Một v&agrave;i nhận định</strong></p>\r\n<p>Tư duy l&agrave;m BIM v&agrave; c&aacute;c c&ocirc;ng cụ BIM hướng về thiết kế xanh v&agrave; cấu kiện đ&uacute;c sẵn, trong khi ng&agrave;nh x&acirc;y dựng Việt Nam hầu như kh&ocirc;ng thay đổi vẫn sử dụng BTCT đổ tại chỗ. Điều đ&oacute; dẫn đến c&aacute;c đơn vị kh&ocirc;ng thể tận dụng hết sức mạnh của c&ocirc;ng cụ BIM v&agrave; thậm ch&iacute;, trong nhiều trường hợp, phải cấu h&igrave;nh lại c&ocirc;ng cụ BIM để phục vụ cho quy tr&igrave;nh x&acirc;y dựng cũ kỹ. Nguy&ecirc;n nh&acirc;n mang t&iacute;nh &ldquo;tạm thời&rdquo; (thiếu c&aacute;c ti&ecirc;u chuẩn v&agrave; định hướng từ nh&agrave; nước) cũng được ph&acirc;n t&iacute;ch. C&aacute;c doanh nghiệp đang rất mong mỏi nh&agrave; nước sớm đưa ra bộ ti&ecirc;u chuẩn/quy định/ hướng dẫn thực h&agrave;nh BIM để tăng cường khả năng hợp t&aacute;c cũng như c&oacute; cơ sở để t&iacute;nh to&aacute;n chi ph&iacute; l&agrave;m BIM-đưa BIM th&agrave;nh một dịch vụ ch&iacute;nh thức v&agrave;o c&aacute;c dự &aacute;n. Đồng thời, c&aacute;c ti&ecirc;u ch&iacute; về c&ocirc;ng tr&igrave;nh xanh (tiết kiệm năng lượng/giảm kh&iacute; thải) v&agrave; tiết kiệm vật liệu (cấu kiện đ&uacute;c sẵn) n&ecirc;n được bắt buộc trong c&aacute;c dự &aacute;n lớn (tuỳ theo mức độ quy m&ocirc; c&ocirc;ng tr&igrave;nh) để tạo đ&agrave; cho BIM ph&aacute;t triển.</p>\r\n<p>Xem đầy đủ b&agrave;i b&aacute;o khoa học tại&nbsp;<a href=\"http://stce.nuce.edu.vn/index.php/vn/article/view/963/117\">đ&acirc;y</a>.</p>\r\n<p>Nếu c&aacute;c bạn quan t&acirc;m đến c&aacute;c b&agrave;i b&aacute;o khoa học kh&aacute;c về BIM, h&atilde;y ấn v&agrave;o&nbsp;<a href=\"http://stce.nuce.edu.vn/index.php/vn/issue/view/58\">đ&acirc;y</a>&nbsp;để xem.</p>\r\n<p><em>VBN tổng hợp v&agrave; giới thiệu</em></p>\r\n<div id=\"gtx-trans\" style=\"position: absolute; left: 198px; top: 160.403px;\">\r\n<div class=\"gtx-trans-icon\">&nbsp;</div>\r\n</div>','Cách thức phối hợp BIM trong các dự án nhà cao tầng ở Việt Nam','cach-thuc-phoi-hop-bim-trong-cac-du-an-nha-cao-tang-o-viet-nam','Trong một nghiên cứu xuất bản đầu năm 2018, các tác giả Lê Ngọc Quyết, Nguyễn Như Trang, Lê Minh Cảnh đã so sánh các cách thức phối hợp BIM phổ biến tại các công ty xây dựng lớn ở miền Nam, đồng thời phân tích nguyên nhân ảnh hưởng đến sự thành công của việc triển khai BIM thông qua lý thuyết “hành vi”.','BIM, BIM cơ bản',NULL),(3,2,'en','Tag 2',NULL,NULL,NULL,NULL,NULL,NULL,'2021-08-15 01:21:20'),(4,2,'vi','Thẻ 2',NULL,NULL,NULL,NULL,NULL,NULL,'2021-08-15 01:21:20'),(5,3,'en','BIM MODELING Sequence','Depending on the requirements and goals of the project, one of the two methods above is applied. For BIM modeling from 2D design drawings, which is only done when a 2D design is available, usually the design consultancy unit will transfer the design drawing to the BIM consultant to carry out the preparation. paradigm. For the direct BIM-based design method, usually the design consultant will combine the design and modeling, then the BIM consultant may continue to add additional information based','<p>1. Overview<br />3D BIM modeling is done by two methods:</p>\r\n<p>- Create BIM models from 2D design drawings.</p>\r\n<p>- Design directly on BIM platform.</p>\r\n<p>Depending on the requirements and goals of the project, one of the two methods above is applied. For BIM modeling from 2D design drawings, which is only done when a 2D design is available, usually the design consultancy unit will transfer the design drawing to the BIM consultant to carry out the preparation. paradigm. For the direct BIM-based design method, usually the design consultant will combine the design and modeling, then the BIM consultant may continue to add additional information based on the design. on the model provided by the design consultant to serve different purposes.</p>\r\n<p>2. BIM modeling sequence<br />2.1 BIM modeling from 2D design<br />BIM modeling from 2D design is carried out in the following order:</p>\r\n<p>Step 1: Research 2D design documents</p>\r\n<p>The first step is to conduct a study of 2D design drawings, arranged in sequence for modeling work (normally, drawings should be arranged in the order of construction), including the ground, elevation, section, details. Each file should represent only one drawing, for input into the modeling tool.</p>\r\n<p>The study of drawings also supports the modeling work quickly, limiting errors.</p>\r\n<p>Step 2: Set up the template file</p>\r\n<p>Depending on the purpose, the design discipline to set up different template files.</p>\r\n<p>&ndash; Architectural modeling template file.</p>\r\n<p>&ndash; Texture modeling template file.</p>\r\n<p>&ndash; Model file for modeling ventilation.</p>\r\n<p>&ndash; Sample file for modeling water supply and drainage.</p>\r\n<p>&ndash; Fire protection modeling template file.</p>\r\n<p>&ndash; Lighting electrical modeling template file.</p>\r\n<p>&ndash; Electrodynamic modeling template file.</p>\r\n<p>&ndash; Model files for all subjects.</p>\r\n<p>The preparation of sample files in advance will make modeling quick, accurate and easy in model management and exploitation. The sample files must ensure the availability of the directory tree, line standards, materials, sample views, necessary BIM object libraries, etc.</p>\r\n<p>Step 3: Conduct modeling</p>\r\n<p>The modeling work is carried out as follows:</p>\r\n<p>&ndash; Use the appropriate template file;</p>\r\n<p>&ndash; Set up the grid system and necessary elevation;</p>\r\n<p>&ndash; Set up the necessary views (plans, elevations, 3D sections);</p>\r\n<p>&ndash; Import the drawing file for modeling (it is recommended that the model is based on the floor plan first);</p>\r\n<p>Use the BIM object library to represent objects according to drawings.</p>\r\n<p>&ndash; Add other BIM objects to complete the model (if any).</p>\r\n<p>Note: The model needs to comply with the specified requirements and principles.</p>\r\n<p>Step 4: Check the model</p>\r\n<p>Test the model as specified.</p>\r\n<p>Step 5: Coordinate interdisciplinary model</p>\r\n<p>The interdisciplinary model coordination aims to detect conflicts and handle them before exploiting the model. The conflict detection standards need to comply with the collision matrix.</p>\r\n<p>Step 6: Exploit the model</p>\r\n<p>Products can be exploited from models such as drawings, volume statistics, visualizations, etc.</p>\r\n<p>2.2 Design directly on BIM platform<br />Direct design work on BIM platform is carried out in the following order:</p>\r\n<p>Step 1: Research design requirements</p>\r\n<p>Step 2: Set up the template file</p>\r\n<p>Depending on the purpose, the design department to create different template files.</p>\r\n<p>&ndash; Architectural modeling template file.</p>\r\n<p>&ndash; Texture modeling template file.</p>\r\n<p>&ndash; Model file for modeling ventilation.</p>\r\n<p>&ndash; Sample file for modeling water supply and drainage.</p>\r\n<p>&ndash; Fire protection modeling template file.</p>\r\n<p>&ndash; Lighting electrical modeling template file.</p>\r\n<p>&ndash; Electrodynamic modeling template file.</p>\r\n<p>&ndash; Model files for all subjects.</p>\r\n<p>The preparation of sample files in advance will make modeling quick, accurate and easy in model management and exploitation. The sample files must ensure the availability of the directory tree, line standards, materials, sample views, necessary BIM object libraries, etc.</p>\r\n<p>Step 3: Conduct modeling</p>\r\n<p>The modeling work is carried out as follows:</p>\r\n<p>&ndash; Use the appropriate template file;</p>\r\n<p>&ndash; Set up the grid system and the necessary elevation;</p>\r\n<p>&ndash; Set up the necessary views (plans, elevations, 3D sections);</p>\r\n<p>&ndash; Import drawing file for modeling (should model based on floor plan);</p>\r\n<p>&ndash; Use BIM object library to represent objects according to drawings;</p>\r\n<p>&ndash; Add other BIM objects to complete the model (if any).</p>\r\n<p>Note: The model needs to comply with the specified requirements and principles.</p>\r\n<p>Step 4: Check the model</p>\r\n<p>Test the model as specified.</p>\r\n<p>Step 5: Coordinate interdisciplinary model</p>\r\n<p>The interdisciplinary model coordination aims to detect conflicts and handle them before exploiting the model. The conflict detection standards need to comply with the collision matrix.</p>\r\n<p>Step 6: Exploit the model</p>\r\n<p>Products can be exploited from models such as drawings, volume statistics, visualizations, etc.</p>','BIM MODELING Sequence','trinh-tu-lap-mo-hinh-bim','Depending on the requirements and goals of the project, one of the two methods above is applied. For BIM modeling from 2D design drawings, which is only done when a 2D design is available, usually the design consultancy unit will transfer the design drawing to the BIM consultant to carry out the preparation. paradigm. For the direct BIM-based design method, usually the design consultant will combine the design and modeling, then the BIM consultant may continue to add additional information based','BIM, Advance BIM',NULL),(6,3,'vi','TRÌNH TỰ LẬP MÔ HÌNH BIM','Tùy theo yêu cầu và mục tiêu của dự án mà áp dụng một trong hai phương pháp trên. Đối với việc lập mô hình BIM từ bản vẽ thiết kế 2D chỉ được thực hiện khi đã có thiết kế 2D, thông thường đơn vị tư vấn thiết kế sẽ chuyển giao bản vẽ thiết kế cho đơn vị tư vấn BIM để thực hiện việc lập mô hình. Đối với phương pháp thiết kế trực tiếp trên nền BIM, thông thường đơn vị tư vấn thiết kế sẽ kết hợp việc thiết kế và lập mô hình, sau đó có thể đơn vị tư vấn BIM sẽ tiếp tục bổ sung thêm các thông tin dựa','<h1><a>1. Tổng quan</a></h1>\r\n<p>Việc lập m&ocirc; h&igrave;nh 3D BIM được thực hiện theo hai phương ph&aacute;p:</p>\r\n<p>&ndash; Lập m&ocirc; h&igrave;nh BIM từ bản vẽ thiết kế 2D.</p>\r\n<p>&ndash; Thiết kế trực tiếp tr&ecirc;n nền BIM.</p>\r\n<div class=\"td-g-rec td-g-rec-id-content_inline td_uid_11_611905a6224c8_rand td_block_template_9 \">&nbsp;</div>\r\n<p>T&ugrave;y theo y&ecirc;u cầu v&agrave; mục ti&ecirc;u của dự &aacute;n m&agrave; &aacute;p dụng một trong hai phương ph&aacute;p tr&ecirc;n. Đối với việc lập m&ocirc; h&igrave;nh BIM từ bản vẽ thiết kế 2D chỉ được thực hiện khi đ&atilde; c&oacute; thiết kế 2D, th&ocirc;ng thường đơn vị tư vấn thiết kế sẽ chuyển giao bản vẽ thiết kế cho đơn vị tư vấn BIM để thực hiện việc lập m&ocirc; h&igrave;nh. Đối với phương ph&aacute;p thiết kế trực tiếp tr&ecirc;n nền BIM, th&ocirc;ng thường đơn vị tư vấn thiết kế sẽ kết hợp việc thiết kế v&agrave; lập m&ocirc; h&igrave;nh, sau đ&oacute; c&oacute; thể đơn vị tư vấn BIM sẽ tiếp tục bổ sung th&ecirc;m c&aacute;c th&ocirc;ng tin dựa tr&ecirc;n m&ocirc; h&igrave;nh do đơn vị tư vấn thiết kế cung cấp để phục vụ c&aacute;c mục đ&iacute;ch kh&aacute;c nhau.</p>\r\n<h1><a>2. Tr&igrave;nh tự lập m&ocirc; h&igrave;nh BIM</a></h1>\r\n<h2><a>2.1 Lập m&ocirc; h&igrave;nh BIM từ thiết kế 2D</a></h2>\r\n<p>C&ocirc;ng t&aacute;c lập m&ocirc; h&igrave;nh BIM từ thiết kế 2D được tiến h&agrave;nh theo tr&igrave;nh tự sau:</p>\r\n<p><em>Bước 1: Nghi&ecirc;n cứu hồ sơ thiết kế 2D</em></p>\r\n<p>Bước đầu ti&ecirc;n l&agrave; tiến h&agrave;nh nghi&ecirc;n cứu c&aacute;c bản vẽ thiết kế 2D, sắp xếp theo tr&igrave;nh tự phục vụ c&ocirc;ng t&aacute;c lập m&ocirc; h&igrave;nh (th&ocirc;ng thường n&ecirc;n sắp xếp c&aacute;c bản vẽ theo tr&igrave;nh tự thi c&ocirc;ng x&acirc;y dựng), bao gồm mặt bằng, mặt đứng, mặt cắt, c&aacute;c chi tiết. Mỗi tệp chỉ n&ecirc;n thể hiện một bản vẽ duy nhất, phục vụ việc nhập liệu v&agrave;o c&ocirc;ng cụ lập m&ocirc; h&igrave;nh.</p>\r\n<p>Việc nghi&ecirc;n cứu bản vẽ cũng hỗ trợ c&ocirc;ng t&aacute;c lập m&ocirc; h&igrave;nh được nhanh ch&oacute;ng, hạn chế sai lỗi.</p>\r\n<p><em>Bước 2: Thiết lập tệp mẫu</em></p>\r\n<p>T&ugrave;y theo mục đ&iacute;ch, bộ m&ocirc;n thiết kế để thiết lập c&aacute;c tệp mẫu kh&aacute;c nhau.</p>\r\n<p>&ndash; Tệp mẫu lập m&ocirc; h&igrave;nh kiến tr&uacute;c.</p>\r\n<p>&ndash; Tệp mẫu lập m&ocirc; h&igrave;nh kết cấu.</p>\r\n<p>&ndash; Tệp mẫu lập m&ocirc; h&igrave;nh điều h&ograve;a th&ocirc;ng gi&oacute;.</p>\r\n<p>&ndash; Tệp mẫu lập m&ocirc; h&igrave;nh cấp tho&aacute;t nước.</p>\r\n<p>&ndash; Tệp mẫu lập m&ocirc; h&igrave;nh ph&ograve;ng ch&aacute;y chữa ch&aacute;y.</p>\r\n<p>&ndash; Tệp mẫu lập m&ocirc; h&igrave;nh điện chiếu s&aacute;ng.</p>\r\n<p>&ndash; Tệp mẫu lập m&ocirc; h&igrave;nh điện động lực.</p>\r\n<p>&ndash; Tệp mẫu lập m&ocirc; h&igrave;nh tất cả c&aacute;c bộ m&ocirc;n.</p>\r\n<p>Việc lập trước c&aacute;c tệp mẫu sẽ gi&uacute;p việc lập m&ocirc; h&igrave;nh được nhanh ch&oacute;ng, ch&iacute;nh x&aacute;c, dễ d&agrave;ng trong c&ocirc;ng t&aacute;c quản l&yacute;, khai th&aacute;c m&ocirc; h&igrave;nh. C&aacute;c tệp mẫu phải đảm bảo c&oacute; sẵn c&acirc;y thư mục, ti&ecirc;u chuẩn đường n&eacute;t, vật liệu, c&aacute;c khung nh&igrave;n mẫu, c&aacute;c thư viện đối tượng BIM cần thiết&hellip;</p>\r\n<p><em>Bước 3: Tiến h&agrave;nh lập m&ocirc; h&igrave;nh</em></p>\r\n<p>C&ocirc;ng t&aacute;c lập m&ocirc; h&igrave;nh được tiến h&agrave;nh như sau:</p>\r\n<p>&ndash; Sử dụng tệp mẫu ph&ugrave; hợp;</p>\r\n<p>&ndash; Thiết lập hệ lưới trục v&agrave; cao tr&igrave;nh cần thiết;</p>\r\n<p>&ndash; Thiết lập c&aacute;c khung nh&igrave;n cần thiết (mặt bằng, mặt đứng, mặt cắt 3D);</p>\r\n<p>&ndash; Nhập tệp bản vẽ để lập m&ocirc; h&igrave;nh (n&ecirc;n m&ocirc; h&igrave;nh dựa tr&ecirc;n bản vẽ mặt bằng trước ti&ecirc;n);</p>\r\n<p>&ndash; Sử dụng thư viện đối tượng BIM để thể hiện c&aacute;c đối tượng theo bản vẽ.</p>\r\n<p>&ndash; Bổ sung c&aacute;c đối tượng BIM kh&aacute;c để ho&agrave;n thiện m&ocirc; h&igrave;nh (nếu c&oacute;).</p>\r\n<p><strong><em>Ghi ch&uacute;: M&ocirc; h&igrave;nh cần tu&acirc;n thủ c&aacute;c y&ecirc;u cầu, nguy&ecirc;n tắc quy định.</em></strong></p>\r\n<p><em>Bước 4: Kiểm tra m&ocirc; h&igrave;nh</em></p>\r\n<p>Tiến h&agrave;nh kiểm tra m&ocirc; h&igrave;nh theo quy định.</p>\r\n<p><em>Bước 5: Phối hợp m&ocirc; h&igrave;nh li&ecirc;n bộ m&ocirc;n</em></p>\r\n<p>Việc phối hợp m&ocirc; h&igrave;nh li&ecirc;n bộ m&ocirc;n nhằm ph&aacute;t hiện c&aacute;c xung đột v&agrave; xử l&yacute; trước khi khai th&aacute;c m&ocirc; h&igrave;nh. C&aacute;c ti&ecirc;u chuẩn ph&aacute;t hiện xung đột cần tu&acirc;n thủ ma trận xung đột.</p>\r\n<p><em>Bước 6: Khai th&aacute;c m&ocirc; h&igrave;nh</em></p>\r\n<p>C&aacute;c sản phẩm c&oacute; thể khai th&aacute;c từ m&ocirc; h&igrave;nh như bản vẽ, bảng thống k&ecirc; khối lượng, h&igrave;nh ảnh diễn họa&hellip;</p>\r\n<h2><a>2.2 Thiết kế trực tiếp tr&ecirc;n nền BIM</a></h2>\r\n<p>C&ocirc;ng t&aacute;c thiết kế trực tiếp tr&ecirc;n nền BIM được tiến h&agrave;nh theo tr&igrave;nh tự sau:</p>\r\n<p><em>Bước 1: Nghi&ecirc;n cứu y&ecirc;u cầu thiết kế</em></p>\r\n<p><em>Bước 2: Thiết lập tệp mẫu</em></p>\r\n<p>T&ugrave;y theo mục đ&iacute;ch, bộ m&ocirc;n thiết kế để lập c&aacute;c tệp mẫu kh&aacute;c nhau.</p>\r\n<p>&ndash; Tệp mẫu lập m&ocirc; h&igrave;nh kiến tr&uacute;c.</p>\r\n<p>&ndash; Tệp mẫu lập m&ocirc; h&igrave;nh kết cấu.</p>\r\n<p>&ndash; Tệp mẫu lập m&ocirc; h&igrave;nh điều h&ograve;a th&ocirc;ng gi&oacute;.</p>\r\n<p>&ndash; Tệp mẫu lập m&ocirc; h&igrave;nh cấp tho&aacute;t nước.</p>\r\n<p>&ndash; Tệp mẫu lập m&ocirc; h&igrave;nh ph&ograve;ng ch&aacute;y chữa ch&aacute;y.</p>\r\n<p>&ndash; Tệp mẫu lập m&ocirc; h&igrave;nh điện chiếu s&aacute;ng.</p>\r\n<p>&ndash; Tệp mẫu lập m&ocirc; h&igrave;nh điện động lực.</p>\r\n<p>&ndash; Tệp mẫu lập m&ocirc; h&igrave;nh tất cả c&aacute;c bộ m&ocirc;n.</p>\r\n<p>Việc lập trước c&aacute;c tệp mẫu sẽ gi&uacute;p việc lập m&ocirc; h&igrave;nh được nhanh ch&oacute;ng, ch&iacute;nh x&aacute;c, dễ d&agrave;ng trong c&ocirc;ng t&aacute;c quản l&yacute;, khai th&aacute;c m&ocirc; h&igrave;nh. C&aacute;c tệp mẫu phải đảm bảo c&oacute; sẵn c&acirc;y thư mục, ti&ecirc;u chuẩn đường n&eacute;t, vật liệu, c&aacute;c khung nh&igrave;n mẫu, c&aacute;c thư viện đối tượng BIM cần thiết&hellip;</p>\r\n<p><em>Bước 3: Tiến h&agrave;nh lập m&ocirc; h&igrave;nh</em></p>\r\n<p>C&ocirc;ng t&aacute;c lập m&ocirc; h&igrave;nh được tiến h&agrave;nh như sau:</p>\r\n<p>&ndash; Sử dụng tệp mẫu ph&ugrave; hợp;</p>\r\n<p>&ndash; Thiết lập hệ lưới trục v&agrave; cao tr&igrave;nh cần thiết;</p>\r\n<p>&ndash; Thiết lập c&aacute;c khung nh&igrave;n cần thiết (mặt bằng, mặt đứng, mặt cắt 3D);</p>\r\n<p>&ndash; Nhập tệp bản vẽ để lập m&ocirc; h&igrave;nh (n&ecirc;n m&ocirc; h&igrave;nh dựa tr&ecirc;n bản vẽ mặt bằng);</p>\r\n<p>&ndash; Sử dụng thư viện đối tượng BIM để thể hiện c&aacute;c đối tượng theo bản vẽ;</p>\r\n<p>&ndash; Bổ sung c&aacute;c đối tượng BIM kh&aacute;c để ho&agrave;n thiện m&ocirc; h&igrave;nh (nếu c&oacute;).</p>\r\n<p><strong><em>Ghi ch&uacute;: M&ocirc; h&igrave;nh cần tu&acirc;n thủ c&aacute;c y&ecirc;u cầu, nguy&ecirc;n tắc quy định.</em></strong></p>\r\n<p><em>Bước 4: Kiểm tra m&ocirc; h&igrave;nh</em></p>\r\n<p>Tiến h&agrave;nh kiểm tra m&ocirc; h&igrave;nh theo quy định.</p>\r\n<p><em>Bước 5: Phối hợp m&ocirc; h&igrave;nh li&ecirc;n bộ m&ocirc;n</em></p>\r\n<p>Việc phối hợp m&ocirc; h&igrave;nh li&ecirc;n bộ m&ocirc;n nhằm ph&aacute;t hiện c&aacute;c xung đột v&agrave; xử l&yacute; trước khi khai th&aacute;c m&ocirc; h&igrave;nh. C&aacute;c ti&ecirc;u chuẩn ph&aacute;t hiện xung đột cần tu&acirc;n thủ ma trận xung đột.</p>\r\n<p><em>Bước 6: Khai th&aacute;c m&ocirc; h&igrave;nh</em></p>\r\n<p>C&aacute;c sản phẩm c&oacute; thể khai th&aacute;c từ m&ocirc; h&igrave;nh như bản vẽ, bảng thống k&ecirc; khối lượng, h&igrave;nh ảnh diễn họa&hellip;</p>','TRÌNH TỰ LẬP MÔ HÌNH BIM','trinh-tu-lap-mo-hinh-bim','Tùy theo yêu cầu và mục tiêu của dự án mà áp dụng một trong hai phương pháp trên. Đối với việc lập mô hình BIM từ bản vẽ thiết kế 2D chỉ được thực hiện khi đã có thiết kế 2D, thông thường đơn vị tư vấn thiết kế sẽ chuyển giao bản vẽ thiết kế cho đơn vị tư vấn BIM để thực hiện việc lập mô hình. Đối với phương pháp thiết kế trực tiếp trên nền BIM, thông thường đơn vị tư vấn thiết kế sẽ kết hợp việc thiết kế và lập mô hình, sau đó có thể đơn vị tư vấn BIM sẽ tiếp tục bổ sung thêm các thông tin dựa','BIM, Bim nâng cao',NULL),(7,4,'en','Free BIM Book: BIM Handbook for Owners, Managers, Designers, Contractors','One of the good and practical books on BIM is now available to readers for 0 dong. Do not hesitate any longer without downloading immediately to \"rescue\". If you find something interesting or have any questions, don\'t hesitate to post it to VBN\'s group on Facebook.',NULL,'Free BIM Book: BIM Handbook for Owners, Managers, Designers, Contractors','sach-bim-mien-phi-so-tay-bim-danh-cho-chu-dau-tu-nha-quan-ly-don-vi-thiet-ke-nha-thau',NULL,'BIM, Advance BIM',NULL),(8,4,'vi','Sách BIM miễn phí: Sổ tay BIM dành cho Chủ đầu tư, Nhà quản lý, Đơn vị thiết kế, Nhà thầu','Một trong những cuốn sách hay và có tính thực hành cao về BIM nay đã tới tay bạn đọc với giá 0 đồng. Còn chần chừ gì nữa mà không tải ngay về để “ngâm cứu”. Nếu phát hiện điều gì thú vị hay có bất kỳ khúc mắc nào, đừng ngần ngại đăng lên group của VBN trên Facebook nhé.',NULL,'Sách BIM miễn phí: Sổ tay BIM dành cho Chủ đầu tư, Nhà quản lý, Đơn vị thiết kế, Nhà thầu','sach-bim-mien-phi-so-tay-bim-danh-cho-chu-dau-tu-nha-quan-ly-don-vi-thiet-ke-nha-thau','Một trong những cuốn sách hay và có tính thực hành cao về BIM nay đã tới tay bạn đọc với giá 0 đồng. Còn chần chừ gì nữa mà không tải ngay về để “ngâm cứu”. Nếu phát hiện điều gì thú vị hay có bất kỳ khúc mắc nào, đừng ngần ngại đăng lên group của VBN trên Facebook nhé.','BIM, BIM Nâng cao',NULL),(9,5,'en','Towards automation in BIM modeling and improved workflows in AEC companies','One of the areas that has been receiving a lot of attention recently is automation in the field of construction engineering and architecture. It\'s easy to find a lot of literature on the topic, and you can see people discussing how to streamline design processes, simplify repetitive tasks, and quickly. effective. As part of the industry, mainly representing BIM and infrastructure design','<p>However, through discussions with partners, colleagues and people from the field in general, we have found that often companies are either headed for rapid leaps in automatic adoption. automate or choose to play too safe with these ideas. We rarely come across companies that try to maintain a more natural and flexible pace.</p>\r\n<p>After the morning discussion on what automation of the BIM design process is all about we came to some interesting conclusions and so we thought why not share it with a wider audience. . Hopefully, the insights we share will give those who are undecided in the right direction the boost they need and guide them on their journey to increased efficiency. fruit. It\'s not a short read though, so for those who don\'t have enough time or don\'t like reading, we have a TLDR section at the end.</p>\r\n<p>The relationship between time and quality<br />Obviously if you want higher quality you will need more time. Sadly, an engineer/architect often never gets enough time to complete a project. If you ask for an extra month and you get a yes, then it must be your lucky day. The push from customers and the competition to complete projects in less time is being seen as one of the core issues in the AEC sector. We want to briefly illustrate this problem with the image below:</p>\r\n<p>Ideally, the time given to the project is sufficient to maximize quality as close to a certain reasonable level as possible. The green part represents the optimal time and quality relationship. We display three project quality curves as different S-curves to illustrate that most &ldquo;quality&rdquo; is not always the same at the same time or in the same or the same job. 1 stage&hellip;Projects, especially infrastructure related projects, will have different problems even for identical objects, hence three different curves in each illustration. The diagram shows uneven progress from project to project. The relatively flat final stage is also when we begin to receive diminishing returns over the investment period. The image on the right illustrates that too strict deadlines and narrow timeframes have different effects on the project. In some cases the quality may not be affected much, in others, the engineers/architects will have to cut some important parts to fit the timeframe. For an engineering company, sometimes having a quality project is not enough, we are aiming for consistent output quality across all projects.</p>\r\n<p>Now we come to &ldquo;project quality&rdquo;, a very abstract concept. Without going into the \"philosophical\" discussion, we generalize it into two separate parts, namely: the quality of the engineers\' decisions, the quality of the BIM model. To go deeper, we tend to describe quality without mistakes that can cause loss of resources (like time, money, etc.), when talking about BIM, also mean saying to the accuracy of the information and of the model.</p>\r\n<p>(to be continued)</p>','Towards automation in BIM modeling and improved workflows in AEC companies','huong-toi-tu-dong-hoa-trong-viec-tao-mo-hinh-bim-va-quy-trinh-cong-viec-duoc-cai-thien-trong-cac-cong-ty-aec','One of the areas that has been receiving a lot of attention recently is automation in the field of construction engineering and architecture. It\'s easy to find a lot of literature on the topic, and you can see people discussing how to streamline design processes, simplify repetitive tasks, and quickly. effective. As part of the industry, mainly representing BIM and infrastructure design','BIM, Advance BIM',NULL),(10,5,'vi','Hướng tới tự động hóa trong việc tạo mô hình BIM và quy trình công việc được cải thiện trong các công ty AEC','Một trong những lĩnh vực đã và đang nhận được rất nhiều sự chú ý gần đây là tự động hóa trong lĩnh vực kỹ thuật xây dựng và kiến trúc. Thật dễ dàng để có thể tìm thấy nhiều tài liệu về chủ đề này và bạn có thể thấy mọi người thảo luận về cách hợp lý hóa những quy trình thiết kế, đơn giản hóa các tác vụ lặp đi lặp lại một cách nhanh chóng và hiệu quả. Là một phần của ngành, chủ yếu là đại diện cho BIM và thiết kế cơ sở hạ tầng','<p>Tuy nhi&ecirc;n, th&ocirc;ng qua c&aacute;c cuộc thảo luận với c&aacute;c đối t&aacute;c, đồng nghiệp v&agrave; những người từ lĩnh vực n&agrave;y n&oacute;i chung, ch&uacute;ng t&ocirc;i nhận thấy rằng thường c&aacute;c c&ocirc;ng ty hoặc l&agrave; hướng tới những bước nhảy vọt nhanh ch&oacute;ng trong việc &aacute;p dụng tự động h&oacute;a hoặc chọn c&aacute;ch chơi qu&aacute; an to&agrave;n với những &yacute; tưởng n&agrave;y. Ch&uacute;ng t&ocirc;i hiếm khi gặp c&aacute;c c&ocirc;ng ty cố gắng duy tr&igrave; tốc độ 1 c&aacute;ch tự nhi&ecirc;n v&agrave; linh hoạt hơn.</p>\r\n<p>Sau buổi thảo luận buổi s&aacute;ng về những g&igrave; m&agrave; qu&aacute; tr&igrave;nh tự động ho&aacute; qu&aacute; tr&igrave;nh thiết kế BIM ch&uacute;ng t&ocirc;i đ&atilde; đi đến một số những kết luận th&uacute; vị v&agrave; v&igrave; vậy ch&uacute;ng t&ocirc;i nghĩ tại sao kh&ocirc;ng chia sẻ tới lượng kh&aacute;n giả đ&ocirc;ng đảo hơn. Hy vọng rằng, th&ocirc;ng tin chi tiết m&agrave; ch&uacute;ng t&ocirc;i chia sẻ sẽ mang đến sự th&uacute;c đẩy cần thiết v&agrave; đ&uacute;ng hướng cho những người chưa quyết định đi đến tự động h&oacute;a v&agrave; hướng dẫn những người đang đi tr&ecirc;n h&agrave;nh tr&igrave;nh của m&igrave;nh để tăng hiệu quả. Mặc d&ugrave; vậy, đ&acirc;y kh&ocirc;ng phải l&agrave; một b&agrave;i đọc ngắn, v&igrave; vậy đối với những người kh&ocirc;ng đủ thời gian hoặc kh&ocirc;ng th&iacute;ch đọc, ch&uacute;ng t&ocirc;i c&oacute; phần TLDR ở cuối.</p>\r\n<p><strong>Mối quan hệ giữa thời gian v&agrave; chất lượng</strong><br />R&otilde; r&agrave;ng nếu muốn chất lượng cao hơn, bạn sẽ cần nhiều thời gian hơn. Đ&aacute;ng buồn thay, một kỹ sư / kiến tr&uacute;c sư thường chẳng bao giờ được d&agrave;nh đủ thời gian để ho&agrave;n th&agrave;nh một dự &aacute;n. Nếu bạn y&ecirc;u cầu th&ecirc;m một th&aacute;ng v&agrave; bạn nhận được c&acirc;u trả lời l&agrave; c&oacute; th&igrave; hẳn đ&oacute; l&agrave; ng&agrave;y v&ocirc; c&ugrave;ng may mắn của bạn. Sự th&uacute;c đẩy từ kh&aacute;ch h&agrave;ng v&agrave; sự cạnh tranh để ho&agrave;n th&agrave;nh c&aacute;c dự &aacute;n trong thời gian &iacute;t hơn đang được coi l&agrave; một trong những vấn đề cốt l&otilde;i trong lĩnh vực AEC. Ch&uacute;ng t&ocirc;i muốn minh họa một c&aacute;ch sơ lược về vấn đề n&agrave;y với h&igrave;nh ảnh dưới đ&acirc;y:</p>\r\n<p>L&yacute; tưởng nhất, thời gian được cung cấp cho dự &aacute;n l&agrave; đủ để tối đa h&oacute;a chất lượng c&agrave;ng gần với một mức độ hợp l&yacute; nhất định c&agrave;ng tốt. Phần m&agrave;u xanh l&aacute; c&acirc;y đại diện cho mối quan hệ chất lượng v&agrave; thời gian tối ưu. Ch&uacute;ng t&ocirc;i hiển thị ba đường cong chất lượng của dự &aacute;n dưới dạng đường cong S kh&aacute;c nhau để minh họa rằng hầu hết &ldquo;chất lượng&rdquo; kh&ocirc;ng phải l&uacute;c n&agrave;o cũng giống nhau trong c&ugrave;ng 1 thời điểm hay trong 1 c&ugrave;ng&nbsp; một c&ocirc;ng việc hay c&ugrave;ng 1 giai đoạn &hellip;C&aacute;c dự &aacute;n, đặc biệt l&agrave; c&aacute;c dự &aacute;n li&ecirc;n quan đến cơ sở hạ tầng, sẽ c&oacute; c&aacute;c vấn đề kh&aacute;c nhau ngay cả đối với c&aacute;c đối tượng giống hệt nhau, do đ&oacute; ba đường cong kh&aacute;c nhau trong mỗi minh họa cho thấy tiến tr&igrave;nh kh&ocirc;ng đồng đều từ dự &aacute;n n&agrave;y sang dự &aacute;n kh&aacute;c. Giai đoạn cuối c&ugrave;ng tương đối bằng phẳng cũng l&agrave; l&uacute;c ch&uacute;ng ta bắt đầu nhận được lợi nhuận giảm dần so với thời gian đầu tư. H&igrave;nh ảnh b&ecirc;n phải minh họa rằng thời hạn qu&aacute; nghi&ecirc;m ngặt v&agrave; khung thời gian hẹp c&oacute; ảnh hưởng kh&aacute;c nhau về dự &aacute;n. Một số trường hợp chất lượng c&oacute; thể kh&ocirc;ng bị ảnh hưởng nhiều, 1 số trường hợp kh&aacute;c, c&aacute;c kỹ sư / kiến tr&uacute;c sư sẽ phải cắt đi một số phần quan trọng để ph&ugrave; hợp với khung thời gian. Đối với một c&ocirc;ng ty kỹ thuật, đ&ocirc;i khi c&oacute; một dự &aacute;n chất lượng l&agrave; kh&ocirc;ng đủ, ch&uacute;ng ta đang hướng tới sự nhất qu&aacute;n về chất lượng đầu ra trong suốt tất cả c&aacute;c dự &aacute;n.</p>\r\n<p>B&acirc;y giờ ch&uacute;ng ta đến với &ldquo;chất lượng dự &aacute;n&rdquo;, 1 kh&aacute;i niệm v&ocirc; c&ugrave;ng trừu tượng. Kh&ocirc;ng đi s&acirc;u v&agrave;o c&aacute;c cuộc thảo luận mang t&iacute;nh &ldquo;triết học&rdquo;, ch&uacute;ng t&ocirc;i kh&aacute;i qu&aacute;t h&oacute;a n&oacute; th&agrave;nh 2 phần ri&ecirc;ng biệt, đ&oacute; l&agrave;: chất lượng của c&aacute;c quyết định của c&aacute;c kỹ sư, chất lượng của m&ocirc; h&igrave;nh BIM. Để đi s&acirc;u hơn, ch&uacute;ng ta c&oacute; xu hướng m&ocirc; tả chất lượng m&agrave; thiếu đi những sai lầm c&oacute; thể g&acirc;y ra tổn thất về t&agrave;i nguy&ecirc;n (như thời gian, tiền bạc, vv), khi n&oacute;i về BIM, cũng c&oacute; nghĩa l&agrave; n&oacute;i tới mức độ ch&iacute;nh x&aacute;c của th&ocirc;ng tin v&agrave; của m&ocirc; h&igrave;nh.</p>\r\n<p><em>(c&ograve;n tiếp)</em></p>\r\n<div class=\"td-g-rec td-g-rec-id-content_inline td_uid_11_611921d0a68f8_rand td_block_template_9 \">&nbsp;</div>','Hướng tới tự động hóa trong việc tạo mô hình BIM và quy trình công việc được cải thiện trong các công ty AEC','huong-toi-tu-dong-hoa-trong-viec-tao-mo-hinh-bim-va-quy-trinh-cong-viec-duoc-cai-thien-trong-cac-cong-ty-aec','Một trong những lĩnh vực đã và đang nhận được rất nhiều sự chú ý gần đây là tự động hóa trong lĩnh vực kỹ thuật xây dựng và kiến trúc. Thật dễ dàng để có thể tìm thấy nhiều tài liệu về chủ đề này và bạn có thể thấy mọi người thảo luận về cách hợp lý hóa những quy trình thiết kế, đơn giản hóa các tác vụ lặp đi lặp lại một cách nhanh chóng và hiệu quả. Là một phần của ngành, chủ yếu là đại diện cho BIM và thiết kế cơ sở hạ tầng','BIM, BIM cơ bản',NULL),(11,6,'en','WHAT IS BIM?','BIM (Building Information Modeling) is the process of creating and using information models in the design, construction and operation phases of a building.','<p>&nbsp;</p>\r\n<p>So the answer to &nbsp;What is BIM cannot only be understood as software like Revit, Tekla, Navisworks&hellip;but it is a complete process. From the stage of creating a 3D model to using that model in the design phase (drawing documents), construction (volume management, measure formulation, occupational safety&hellip;) and building management. (maintenance of electromechanical equipment), throughout the life of the project.</p>\r\n<p>In there:</p>\r\n<p>Building: works<br />Information: information<br />Geometry: length, width, height, distance between building components such as beams, columns, floors, doors, stairs, roofs...<br />Non-geometry: information about product characteristics, specifications, such as which supplier Lavabo washbasin is from, model, how much it costs, website and product description...<br />Modeling: models (when Models, Models), need to use software (BIM Tools) to create information models.</p>\r\n<p>All data related to the building model is stored in &nbsp;CDE (Common Data Environment) &nbsp;&ndash; a common data exchange environment, so the components involved in the construction will use this data for the stages from design, construction, completion and better project management (Facility Management). Some popular CDE managers today are BIM 360, Buzzsaw from Autodesk, or Trimble Connect from Trimble.</p>\r\n<p>Some &nbsp;BIM Tools support 3D modeling information such as:</p>\r\n<p>Architecture: Revit, ArchiCad, Grasshopper 3D, Rhinoceros, Lumion&hellip;<br />Structure: Revit, Tekla, Robot Structural Analysis, Bentley, Staad pro...<br />Electromechanical: Revit, Cadewa&hellip;<br />Energy analysis: Equest, Energy +, Ecotect, GBS, Vasari&hellip;<br />Project management: Navisworks Manage (+iConstruct+Synchro), TeklaBimsight&hellip;<br />Estimation: Vico, CostX&hellip;</p>\r\n<p>Some specific applications of BIM construction information model for construction companies today are:</p>\r\n<p>(readers refer to the above software to apply accordingly)</p>\r\n<p>Architectural design: from the ideation stage, energy analysis of the building.<br />Structural design: &nbsp;Prepare design plans, analyze structural diagrams.<br />Electromechanical design: plan design, optimize design (collision reduction, altitude assurance, performance analysis)<br />Shopdrawing drawings, statistics<br />Simulation of construction and erection sequence<br />Component fabrication service<br />Managing the total premises, assessing the feasibility of the construction site, labor safety<br />Virtual Reality, Augmented Reality, 3D Printing, 3D Scanning<br />Building management, BMS . system</p>\r\n<p>BIM serves the work for different stakeholders, including:</p>\r\n<p>BIM application for investors (Owners) and infrastructure management (Facility Managements)<br />BIM application for architects (Architects) and construction engineers (Engineers)<br />BIM application for contractors (Contractors)<br />BIM application for subcontractors (Subcontractors) and fabricators (Fabricators)</p>\r\n<p>Before implementing BIM, companies need to prepare some important and basic things such as protocols (BIM Protocols), software (BIM Softwares), Libraries (Components), templates (Templates), plans. implementation (BIM Execution Plan)&hellip; Anyway, the biggest influencing factor to work efficiency is still people, we need people (Human) to use technology (Technology) and deploy BIM in the right way. process (Process).</p>\r\n<p>Where is the best place to learn BIM?</p>\r\n<p>BIM revit course &lt;&lt; Click for details<br />Tekla BIM Course &lt;&lt; Click to view details</p>\r\n<p>Hopefully the article has partly helped readers understand what BIM is, you can refer to other BIM articles on this blog, I just wrote a few key ideas to help beginers access new technology sooner. and avoid confusion.</p>','WHAT IS BIM?','bim-la-gi','BIM (Building Information Modeling) is the process of creating and using information models in the design, construction and operation phases of a building.','BIM, Advance BIM',NULL),(12,6,'vi','BIM LÀ GÌ?','BIM (Building Information Modeling) là quá trình tạo lập và sử dụng mô hình thông tin trong các giai đoạn thiết kế, thi công và vận hành công trình.','<p>Như v&acirc;̣y c&acirc;u trả lời cho&nbsp;<strong>BIM l&agrave; g&igrave;</strong>&nbsp;kh&ocirc;ng th&ecirc;̉ chỉ hi&ecirc;̉u là những ph&acirc;̀n m&ecirc;̀m như Revit, Tekla, Navisworks&hellip;mà đó là cả m&ocirc;̣t quy trình hoàn thi&ecirc;̣n. Từ giai đoạn tạo dựng m&ocirc; hình 3D cho đ&ecirc;́n vi&ecirc;̣c dùng m&ocirc; hình đó trong giai đoạn thi&ecirc;́t k&ecirc;́ (h&ocirc;̀ sơ bản vẽ), thi c&ocirc;ng (quản lý kh&ocirc;́i lượng, l&acirc;̣p bi&ecirc;̣n pháp, an toàn lao đ&ocirc;̣ng&hellip;) và quản lý tòa nhà (bảo trì các thi&ecirc;́t bị cơ đi&ecirc;̣n nước), xuy&ecirc;n su&ocirc;́t vòng đời của c&ocirc;ng trình.</p>\r\n<p><img class=\"aligncenter wp-image-2495\" style=\"display: block; margin-left: auto; margin-right: auto;\" src=\"http://congnghebim.vn/wp-content/uploads/2017/01/Picture1-1-300x132.jpg\" sizes=\"(max-width: 500px) 100vw, 500px\" srcset=\"https://congnghebim.vn/wp-content/uploads/2017/01/Picture1-1-300x132.jpg 300w, https://congnghebim.vn/wp-content/uploads/2017/01/Picture1-1-768x339.jpg 768w, https://congnghebim.vn/wp-content/uploads/2017/01/Picture1-1-1024x451.jpg 1024w, https://congnghebim.vn/wp-content/uploads/2017/01/Picture1-1.jpg 1030w\" alt=\"bim l&agrave; g&igrave;\" width=\"500\" height=\"220\" /></p>\r\n<p>Trong đó:</p>\r\n<p><img class=\"aligncenter wp-image-2498\" style=\"display: block; margin-left: auto; margin-right: auto;\" src=\"http://congnghebim.vn/wp-content/uploads/2017/01/Picture3-300x183.png\" sizes=\"(max-width: 400px) 100vw, 400px\" srcset=\"https://congnghebim.vn/wp-content/uploads/2017/01/Picture3-300x183.png 300w, https://congnghebim.vn/wp-content/uploads/2017/01/Picture3-768x469.png 768w, https://congnghebim.vn/wp-content/uploads/2017/01/Picture3.png 899w\" alt=\"bim l&agrave; g&igrave;\" width=\"400\" height=\"244\" /></p>\r\n<div>\r\n<ul>\r\n<li>Building: c&ocirc;ng tr&igrave;nh</li>\r\n<li>Information: th&ocirc;ng tin\r\n<ul>\r\n<li>H&igrave;nh học: c&aacute;c k&iacute;ch thước d&agrave;i, rộng, cao, khoảng c&aacute;ch giữa c&aacute;c cấu kiện c&ocirc;ng tr&igrave;nh như dầm, cột, s&agrave;n, cửa, cầu thang, m&aacute;i&hellip;</li>\r\n<li>Phi h&igrave;nh học: th&ocirc;ng tin về đặc t&iacute;nh sản phẩm, th&ocirc;ng số kỹ thuật, như chậu rửa Lavabo từ nh&agrave; cung cấp n&agrave;o, model ra sao, gi&aacute; bao nhi&ecirc;u, website v&agrave; description về sản phẩm&hellip;</li>\r\n</ul>\r\n</li>\r\n<li>Modeling: m&ocirc; h&igrave;nh (khi l&agrave; Model, Models), cần sử dụng c&aacute;c phần mềm (<a href=\"http://congnghebim.vn/link-tai-phan-mem-bim/\">BIM Tools</a>) để tạo lập c&aacute;c m&ocirc; h&igrave;nh th&ocirc;ng tin.</li>\r\n</ul>\r\n<p><img class=\"aligncenter wp-image-2496\" style=\"display: block; margin-left: auto; margin-right: auto;\" src=\"http://congnghebim.vn/wp-content/uploads/2017/01/Picture1-1-300x137.png\" sizes=\"(max-width: 500px) 100vw, 500px\" srcset=\"https://congnghebim.vn/wp-content/uploads/2017/01/Picture1-1-300x137.png 300w, https://congnghebim.vn/wp-content/uploads/2017/01/Picture1-1.png 725w\" alt=\"bim l&agrave; g&igrave;\" width=\"500\" height=\"228\" /></p>\r\n<p>Tất cả c&aacute;c dữ liệu li&ecirc;n quan đến m&ocirc; h&igrave;nh c&ocirc;ng tr&igrave;nh đều được lưu trữ tại&nbsp;<strong>CDE (Common Data Environment)</strong>&nbsp;&ndash; m&ocirc;i trường trao đổi dữ liệu chung, n&ecirc;n c&aacute;c th&agrave;nh phần tham gia x&acirc;y dựng sẽ d&ugrave;ng dữ liệu n&agrave;y cho c&aacute;c giai đoạn từ thiết kế, thi c&ocirc;ng, ho&agrave;n c&ocirc;ng v&agrave; gi&uacute;p quản l&yacute; c&ocirc;ng tr&igrave;nh tốt hơn (Facility Management). Một số tr&igrave;nh quản l&yacute; CDE phổ biến hiện nay như BIM 360, Buzzsaw của h&atilde;ng Autodesk, hoặc Trimble Connect của h&atilde;ng Trimble.</p>\r\n<p><img class=\"aligncenter wp-image-2497\" style=\"display: block; margin-left: auto; margin-right: auto;\" src=\"http://congnghebim.vn/wp-content/uploads/2017/01/Picture2-300x169.png\" sizes=\"(max-width: 600px) 100vw, 600px\" srcset=\"https://congnghebim.vn/wp-content/uploads/2017/01/Picture2-300x169.png 300w, https://congnghebim.vn/wp-content/uploads/2017/01/Picture2-768x432.png 768w, https://congnghebim.vn/wp-content/uploads/2017/01/Picture2-1024x576.png 1024w, https://congnghebim.vn/wp-content/uploads/2017/01/Picture2.png 1604w\" alt=\"bim l&agrave; g&igrave;\" width=\"600\" height=\"337\" /></p>\r\n<p>Một số&nbsp;<strong><a href=\"http://congnghebim.vn/link-tai-phan-mem-bim/\">BIM Tools</a></strong>h&ocirc;̃ trợ dựng m&ocirc; hình 3D th&ocirc;ng tin như:</p>\r\n<ul>\r\n<li>Kiến tr&uacute;c: Revit, ArchiCad, Grasshopper 3D, Rhinoceros, Lumion&hellip;</li>\r\n<li>Kết cấu: Revit, Tekla, Robot Structural Analysis, Bentley, Staad pro&hellip;</li>\r\n<li>Cơ điện: Revit, Cadewa&hellip;</li>\r\n<li>Ph&acirc;n t&iacute;ch năng lượng: Equest, Energy +, Ecotect, GBS, Vasari&hellip;</li>\r\n<li>Quản l&yacute; dự &aacute;n: Navisworks Manage (+iConstruct+Synchro), TeklaBimsight&hellip;</li>\r\n<li>Dự to&aacute;n: Vico, CostX&hellip;</li>\r\n</ul>\r\n<p><strong><a href=\"http://congnghebim.vn/dich-vu-bim/\">Một số ứng dụng</a></strong>&nbsp;cụ thể của m&ocirc; h&igrave;nh th&ocirc;ng tin c&ocirc;ng tr&igrave;nh BIM cho c&aacute;c c&ocirc;ng ty x&acirc;y dựng hiện nay như:</p>\r\n<p>(bạn đọc tham khảo c&aacute;c phần mềm n&ecirc;u tr&ecirc;n để &aacute;p dụng cho ph&ugrave; hợp)</p>\r\n<ul>\r\n<li>Thiết kế kiến tr&uacute;c: từ giai đoạn l&ecirc;n &yacute; tưởng, ph&acirc;n t&iacute;ch năng lượng c&ocirc;ng tr&igrave;nh.</li>\r\n<li>Thiết kế kết cấu: &nbsp;l&ecirc;n phương &aacute;n thiết kế, ph&acirc;n t&iacute;ch sơ đồ kết cấu.</li>\r\n<li>Thiết kế cơ điện nước: l&ecirc;n phương &aacute;n thiết kế, tối ưu thiết kế (giảm va chạm, đảm bảo cao độ, ph&acirc;n t&iacute;ch hiệu suất)</li>\r\n<li>Bản vẽ Shopdrawing, thống k&ecirc;</li>\r\n<li>M&ocirc; phỏng tr&igrave;nh tự thi c&ocirc;ng, lắp dựng</li>\r\n<li>Phục vụ chế tạo cấu kiện</li>\r\n<li>Quản l&yacute; tổng mặt bằng, đ&aacute;nh gi&aacute; t&iacute;nh khả thi ngo&agrave;i c&ocirc;ng trường, an to&agrave;n lao động</li>\r\n<li>Virtual Reality, Augmented Reality, 3D Printing, 3D Scanning</li>\r\n<li>Quản l&yacute; t&ograve;a nh&agrave;, hệ thống BMS</li>\r\n</ul>\r\n<p><img class=\"aligncenter wp-image-2500\" style=\"display: block; margin-left: auto; margin-right: auto;\" src=\"http://congnghebim.vn/wp-content/uploads/2017/01/Picture4-2-300x197.jpg\" sizes=\"(max-width: 500px) 100vw, 500px\" srcset=\"https://congnghebim.vn/wp-content/uploads/2017/01/Picture4-2-300x197.jpg 300w, https://congnghebim.vn/wp-content/uploads/2017/01/Picture4-2.jpg 714w\" alt=\"bim l&agrave; g&igrave;\" width=\"500\" height=\"328\" /></p>\r\n<p>BIM phục vụ c&ocirc;ng việc cho c&aacute;c b&ecirc;n li&ecirc;n quan l&agrave; kh&aacute;c nhau, gồm:</p>\r\n<ul>\r\n<li>Ứng dụng BIM cho chủ đầu tư (Owners) v&agrave; quản l&yacute; cơ sở hạ tầng (Facility Managements)</li>\r\n<li>Ứng dụng BIM cho kiến tr&uacute;c sư (Architects) v&agrave; kỹ sư c&ocirc;ng tr&igrave;nh (Engineers)</li>\r\n<li>Ứng dụng BIM cho nh&agrave; thầu (Contractors)</li>\r\n<li>Ứng dụng BIM cho nh&agrave; thầu phụ (Subcontractors) v&agrave; nh&agrave; chế tạo (Fabricators)</li>\r\n</ul>\r\n<p><img class=\"aligncenter wp-image-23\" style=\"display: block; margin-left: auto; margin-right: auto;\" src=\"http://congnghebim.vn/wp-content/uploads/2017/01/cong-nghe-bim-6-300x287.jpg\" sizes=\"(max-width: 200px) 100vw, 200px\" srcset=\"https://congnghebim.vn/wp-content/uploads/2017/01/cong-nghe-bim-6-300x287.jpg 300w, https://congnghebim.vn/wp-content/uploads/2017/01/cong-nghe-bim-6.jpg 320w\" alt=\"BIM\" width=\"200\" height=\"191\" /></p>\r\n<p>Trước khi triển khai BIM, c&aacute;c c&ocirc;ng ty cần chuẩn bị một số việc quan trọng v&agrave; cơ bản như c&aacute;c giao thức (BIM Protocols), phần mềm (BIM Softwares), Thư viện (Components), c&aacute;c mẫu (Templates), kế hoạch thực hiện (BIM Execution Plan)&hellip; D&ugrave; thế n&agrave;o, yếu tố chi phối lớn nhất đến hiệu quả c&ocirc;ng việc vẫn l&agrave; con người, ch&uacute;ng ta cần con người (<strong>Human</strong>) để sử dụng c&ocirc;ng nghệ (<strong>Technology</strong>) v&agrave; triển khai BIM theo đ&uacute;ng quy tr&igrave;nh (<strong>Process</strong>).</p>\r\n</div>\r\n<p><strong>Học BIM ở đ&acirc;u tốt nhất ?</strong></p>\r\n<ul>\r\n<li><a href=\"https://rdsic.edu.vn/khoa-hoc-xay-dung/hoc-revit.html\">Kh&oacute;a học BIM revit</a>&nbsp;&lt;&lt; Nhấp chuột v&agrave;o để xem chi tiết</li>\r\n<li><a href=\"https://rdsic.edu.vn/khoa-hoc-xay-dung/khoa-hoc-tekla-structures-co-ban.html\">Kh&oacute;a học BIM Tekla</a>&nbsp;&lt;&lt; Nhấp chuột v&agrave;o để xem chi tiết</li>\r\n</ul>\r\n<div>\r\n<p>Hy vọng b&agrave;i viết đ&atilde; phần n&agrave;o gi&uacute;p bạn đọc nắm được&nbsp;<strong>BIM l&agrave; g&igrave;</strong>, c&aacute;c bạn&nbsp;c&oacute; thể tham khảo c&aacute;c b&agrave;i viết kh&aacute;c về BIM tr&ecirc;n blog n&agrave;y, t&ocirc;i chỉ viết một v&agrave;i &yacute; ch&iacute;nh gi&uacute;p beginers c&oacute; thể tiếp cận c&ocirc;ng nghệ mới sớm hơn và tránh bị nh&acirc;̀m l&acirc;̃n.</p>\r\n</div>','BIM LÀ GÌ?','bim-la-gi','BIM (Building Information Modeling) là quá trình tạo lập và sử dụng mô hình thông tin trong các giai đoạn thiết kế, thi công và vận hành công trình.','BIM, BIM cơ bản',NULL),(13,7,'en','AI city – the city of the future powered by new technologies such as AI, GIS, BIM','In southwest China, in Chongqing, surrounded by rivers and mountains, AI City is under construction. A city chosen as the inspiration for the development of artificial intelligence, Internet of Things (IoT), robotics, networks and Big Data. A city of the future whose goal is to promote the efficiency of civic services through digital connectivity and use data extracted from new technologies such as 5G or IoT in a holistic AI system .','<p>The design of this urban project comes from the ingenuity of Bjarke Ingels Group (BIG), a Danish architecture firm that envisions the campus as an innovation hub where service provider headquarters is located. world leading smart technology, Terminus Corporation. With the goal of capitalizing on this digital space, the company has partnered with more than 40 Chinese technology companies including digital system providers, artificial intelligence labs, streaming platforms, etc. next &hellip;</p>\r\n<figure class=\"wp-block-image\"><img class=\"lazyloaded\" src=\"https://www.intelligenttransport.com/wp-content/uploads/AI4Cities.jpg\" alt=\"Image result for AI city\" data-lazy-src=\"https://www.intelligenttransport.com/wp-content/uploads/AI4Cities.jpg\" data-was-processed=\"true\" /></figure>\r\n<p>Image result for AI city<br />AI City will be located in the high-tech industrial development zone of Chongqing city, and the first stage of development will be Cloud Valley. A territory of 135,000 square meters will serve as the headquarters of science and technology. In addition, the priority of promoting sustainability will be identified in strategies such as removing barriers between buildings and nature to create an urban fabric with outdoor green spaces including lighting and Natural ventilation. BIG\'s proposal includes the establishment of two plots of land along two avenues that, thanks to architectural and urban resources, emulate two different but complementary lands: a raised part (mountain) ) and a convex depression (valley).</p>\r\n<p>Similarly, the transportation strategy will focus on maintaining a balance between nature and urban development with the use of electric bicycles, robotic vehicles and autonomous cars.</p>\r\n<p>On the other hand, the barrier between humans and artificial intelligence will also be eliminated, as public spaces that will integrate consumption or entertainment spaces such as markets or cafes will integrate AI. Experts and robots will work in it and invite the rest to come and meet.</p>\r\n<p>The building of the area is also strategically designed. The fact that it is located between the mountains helps to avoid direct sunlight hitting the buildings and allows the facade designs to be more transparent than usual. Another distinctive feature is that the green roofs extend a considerable distance to the buildings and public spaces, depending on the orientation of the facades, to avoid radiation from sun and rain. This is one of the excellent ingredients because they enable coexistence between nature and the office and promote the relationship between people, nature, climate and technology.</p>\r\n<p>Integrating intelligent systems and solutions such as GPS, GIS and BIM</p>\r\n<p>To improve and make traditional offline systems and spaces more efficient, AI City has deployed smart solutions. For example, an automated fire prevention and control system with AI uses GPS, GIS and BIM as the information system to map fire stations and police units in real time. The goal is to manage more efficiently in working methods by aligning the nearest available units and to reduce risks to workers by strengthening preventive measures in construction fires. In addition, these systems can gather information about the origin of fires from data extracted from the instruments.</p>','AI city – the city of the future powered by new technologies such as AI, GIS, BIM','thanh-pho-ai-thanh-pho-tuong-lai-duoc-ho-tro-boi-cac-cong-nghe-moi-nhu-ai-gis-bim','In southwest China, in Chongqing, surrounded by rivers and mountains, AI City is under construction. A city chosen as the inspiration for the development of artificial intelligence, Internet of Things (IoT), robotics, networks and Big Data. A city of the future whose goal is to promote the efficiency of civic services through digital connectivity and use data extracted from new technologies such as 5G or IoT in a holistic AI system .','BIM, Advance BIM',NULL),(14,7,'vi','Thành phố AI – thành phố tương lai được hỗ trợ bởi các công nghệ mới như AI, GIS, BIM','Ở phía tây nam Trung Quốc, ở Trùng Khánh, được bao quanh bởi sông và núi, AI City đang được xây dựng. Một thành phố được chọn làm tâm điểm truyền cảm hứng cho sự phát triển của trí tuệ nhân tạo, Internet vạn vật (IoT), người máy, mạng và Dữ liệu lớn. Một thành phố tương lai với mục tiêu là thúc đẩy hiệu quả của các dịch vụ công dân thông qua kết nối kỹ thuật số và sử dụng dữ liệu được trích xuất từ các công nghệ mới như 5G hoặc IoT trong một hệ thống AI tổng thể.','<p>Thiết kế của dự &aacute;n đ&ocirc; thị n&agrave;y đến từ sự kh&eacute;o l&eacute;o của Bjarke Ingels Group (BIG), một c&ocirc;ng ty kiến tr&uacute;c Đan Mạch h&igrave;nh dung khu&ocirc;n vi&ecirc;n trường như một trung t&acirc;m đổi mới, nơi đặt trụ sở của nh&agrave; cung cấp dịch vụ c&ocirc;ng nghệ th&ocirc;ng minh h&agrave;ng đầu thế giới, Tập đo&agrave;n Terminus. Với mục ti&ecirc;u tận dụng kh&ocirc;ng gian kỹ thuật số n&agrave;y, c&ocirc;ng ty đ&atilde; hợp t&aacute;c với hơn 40 c&ocirc;ng ty c&ocirc;ng nghệ Trung Quốc bao gồm c&aacute;c nh&agrave; cung cấp hệ thống kỹ thuật số, ph&ograve;ng th&iacute; nghiệm tr&iacute; tuệ nh&acirc;n tạo, nền tảng ph&aacute;t trực tiếp &hellip;</p>\r\n<figure class=\"wp-block-image\"><img class=\"lazyloaded\" src=\"https://www.intelligenttransport.com/wp-content/uploads/AI4Cities.jpg\" alt=\"Image result for AI city\" data-lazy-src=\"https://www.intelligenttransport.com/wp-content/uploads/AI4Cities.jpg\" data-was-processed=\"true\" /></figure>\r\n<p>AI City sẽ nằm trong khu ph&aacute;t triển c&ocirc;ng nghiệp c&ocirc;ng nghệ cao của th&agrave;nh phố Tr&ugrave;ng Kh&aacute;nh v&agrave; giai đoạn đầu ti&ecirc;n được ph&aacute;t triển sẽ l&agrave; Thung lũng M&acirc;y. Một l&atilde;nh thổ rộng 135.000 m2 sẽ đ&oacute;ng vai tr&ograve; l&agrave; trụ sở của khoa học v&agrave; c&ocirc;ng nghệ. Ngo&agrave;i ra, ưu ti&ecirc;n th&uacute;c đẩy t&iacute;nh bền vững sẽ được x&aacute;c định trong c&aacute;c chiến lược như loại bỏ c&aacute;c r&agrave;o cản giữa c&aacute;c t&ograve;a nh&agrave; v&agrave; thi&ecirc;n nhi&ecirc;n để tạo ra một kết cấu đ&ocirc; thị với kh&ocirc;ng gian xanh ngo&agrave;i trời bao gồm chiếu s&aacute;ng v&agrave; th&ocirc;ng gi&oacute; tự nhi&ecirc;n. Đề xuất của BIG bao gồm việc thiết lập hai khu đất dọc theo hai đại lộ, nhờ v&agrave;o c&aacute;c nguồn lực kiến ​​tr&uacute;c v&agrave; đ&ocirc; thị, m&ocirc; phỏng hai v&ugrave;ng đất kh&aacute;c nhau nhưng bổ sung cho nhau: một phần nh&ocirc; cao (n&uacute;i) v&agrave; một chỗ l&otilde;m lồi (thung lũng).</p>\r\n<div class=\"td-g-rec td-g-rec-id-content_inline td_uid_11_61192451e2628_rand td_block_template_9 \">&nbsp;</div>\r\n<p>Tương tự, chiến lược giao th&ocirc;ng sẽ tập trung v&agrave;o việc duy tr&igrave; sự c&acirc;n bằng giữa tự nhi&ecirc;n v&agrave; ph&aacute;t triển đ&ocirc; thị với việc sử dụng xe đạp điện, xe r&ocirc;-bốt v&agrave; &ocirc; t&ocirc; tự h&agrave;nh.</p>\r\n<p>Mặt kh&aacute;c, r&agrave;o cản giữa con người v&agrave; tr&iacute; tuệ nh&acirc;n tạo cũng sẽ bị loại bỏ, v&igrave; c&aacute;c kh&ocirc;ng gian c&ocirc;ng cộng sẽ t&iacute;ch hợp kh&ocirc;ng gian ti&ecirc;u d&ugrave;ng hoặc giải tr&iacute; như chợ hoặc qu&aacute;n c&agrave; ph&ecirc; sẽ t&iacute;ch hợp AI. C&aacute;c chuy&ecirc;n gia v&agrave; người m&aacute;y sẽ l&agrave;m việc trong đ&oacute; v&agrave; mời những người c&ograve;n lại đến gặp gỡ.</p>\r\n<p>T&ograve;a nh&agrave; của khu vực cũng được thiết kế chiến lược. Thực tế l&agrave; n&oacute; nằm giữa c&aacute;c ngọn n&uacute;i gi&uacute;p tr&aacute;nh &aacute;nh nắng mặt trời chiếu trực tiếp v&agrave;o c&aacute;c t&ograve;a nh&agrave; v&agrave; cho ph&eacute;p c&aacute;c thiết kế mặt tiền trong suốt hơn b&igrave;nh thường. Một điểm đặc biệt kh&aacute;c l&agrave; những m&aacute;i nh&agrave; xanh k&eacute;o d&agrave;i một khoảng c&aacute;ch đ&aacute;ng kể đến c&aacute;c t&ograve;a nh&agrave; v&agrave; kh&ocirc;ng gian c&ocirc;ng cộng, t&ugrave;y thuộc v&agrave;o hướng của mặt tiền, để tr&aacute;nh bức xạ từ nắng v&agrave; mưa. Đ&acirc;y l&agrave; một trong những th&agrave;nh phần xuất sắc v&igrave; ch&uacute;ng cho ph&eacute;p sự chung sống giữa thi&ecirc;n nhi&ecirc;n v&agrave; văn ph&ograve;ng v&agrave; th&uacute;c đẩy mối quan hệ giữa con người, thi&ecirc;n nhi&ecirc;n, kh&iacute; hậu v&agrave; c&ocirc;ng nghệ.</p>\r\n<p><strong>T&iacute;ch hợp c&aacute;c giải ph&aacute;p v&agrave; hệ thống th&ocirc;ng minh như GPS, GIS v&agrave; BIM</strong></p>\r\n<p>Để cải thiện v&agrave; l&agrave;m cho c&aacute;c hệ thống v&agrave; kh&ocirc;ng gian ngoại tuyến truyền thống hiệu quả hơn, AI City đ&atilde; triển khai c&aacute;c giải ph&aacute;p th&ocirc;ng minh. V&iacute; dụ, một hệ thống ph&ograve;ng ch&aacute;y v&agrave; kiểm so&aacute;t tự động với AI sử dụng GPS, GIS v&agrave; BIM l&agrave;m hệ thống th&ocirc;ng tin để lập bản đồ c&aacute;c trạm cứu hỏa v&agrave; đơn vị cảnh s&aacute;t trong thời gian thực. Mục ti&ecirc;u l&agrave; quản l&yacute; hiệu quả hơn trong c&aacute;c phương ph&aacute;p l&agrave;m việc bằng c&aacute;ch sắp xếp c&aacute;c đơn vị sẵn c&oacute; gần nhất v&agrave; giảm rủi ro cho người lao động bằng c&aacute;ch tăng cường c&aacute;c biện ph&aacute;p ph&ograve;ng ngừa trong c&aacute;c vụ ch&aacute;y c&ocirc;ng tr&igrave;nh. Ngo&agrave;i ra, c&aacute;c hệ thống n&agrave;y c&oacute; thể thu thập th&ocirc;ng tin về nguồn gốc của c&aacute;c đ&aacute;m ch&aacute;y từ dữ liệu tr&iacute;ch xuất từ ​​c&aacute;c c&ocirc;ng cụ.</p>','Thành phố AI – thành phố tương lai được hỗ trợ bởi các công nghệ mới như AI, GIS, BIM','thanh-pho-ai-thanh-pho-tuong-lai-duoc-ho-tro-boi-cac-cong-nghe-moi-nhu-ai-gis-bim','Ở phía tây nam Trung Quốc, ở Trùng Khánh, được bao quanh bởi sông và núi, AI City đang được xây dựng. Một thành phố được chọn làm tâm điểm truyền cảm hứng cho sự phát triển của trí tuệ nhân tạo, Internet vạn vật (IoT), người máy, mạng và Dữ liệu lớn. Một thành phố tương lai với mục tiêu là thúc đẩy hiệu quả của các dịch vụ công dân thông qua kết nối kỹ thuật số và sử dụng dữ liệu được trích xuất từ các công nghệ mới như 5G hoặc IoT trong một hệ thống AI tổng thể.','BIM, BIM cơ bản',NULL),(15,8,'en','Fused Deposition Modeling (FDM) 3D printing technology','Developed by S. Scott Crump in the late 1980s. Stratasys sold its first FDM machine called the “3D Modeler” in 1992. FDM 3D printers build models by extruding hot plastic. melt and solidify layer by layer to create a detailed block structure.','<p>1. Introduction of Hot Melt Deposition 3D Printing Technology<br />Developed by S. Scott Crump in the late 1980s. Stratasys sold its first FDM machine called the &ldquo;3D Modeler&rdquo; in 1992. FDM 3D printers build models by extruding hot plastic. melt and solidify layer by layer to create a detailed block structure.</p>\r\n<p>Stratasys FDM technology is now an industry-wide technology. However, the strong growth of entry-level 3D printers since 2009 is largely based not on Stratasys technology, but on another company known for this printing technology, MakerBot, which has similar technology and named this printing method Fused Filament Fabrication (FFF). The special thing about this technology is that it is not only capable of printing prototypes, but also printing finished products to end users. This high-performance technology and use of thermoplastic printing are valuable to mechanical engineers and manufacturers, resulting in good mechanical, thermal and chemical finished products.</p>\r\n<p>2. Printing process</p>\r\n<p>&ndash; Step 1: Create a 3D model of the object in the CAD program;</p>\r\n<p>&ndash; Step 2: Import the model into Stratasys, Insight software;</p>\r\n<p>&ndash; Step 3: The software cuts the file in &ldquo;.STL&rdquo; format into mathematical horizontal layers;</p>\r\n<p>&ndash; Step 4: The software creates the necessary tool path for the extruder;</p>\r\n<p>&ndash; Step 5: The system draws single cross-sectional layers at X, Y and Z coordinates using a heated material extrusion process.</p>\r\n<p>3. Working principle</p>\r\n<p>FDM extrudes molten thermoplastic through a nozzle layer by layer to form parts. FDM technology can use multiple nozzles for the product material and support material. After each printing layer, the tray will move down, making room for the next printing layer. FDM can print thick or thin layers depending on whether you want to increase print speed (thicker layers) or reduce manual processing time after printing (thinner layers) due to a smoother surface. FDM requires a support material to be able to print angles, protrusions, and holes, as it cannot be printed on air.</p>\r\n<p><br />Figure 1. Working principle of FDM . technology 3D printer<br />4. Materials used</p>\r\n<p>FDM materials can be opaque to semi-transparent in a variety of colors including blue, red, yellow, white, black and fawn. FDM thermoplastics include thermoplastics with high biocompatibility and FAR ratings, and a wide range of injection molding materials such as ABS and ASA.</p>\r\n<p>5. Advantages and disadvantages and scope of application</p>\r\n<p>Advantages: It is a cheap 3D printing technology, easy to repair and replace machine parts, print in large quantities, and consume less materials. Often used in products that need to be force-bearing. Fast 3D rendering speed. FDM\'s rapid prototyping process, unlike SLA, LOM, and SLS technologies, must use lasers to shape products, but FDM rapid prototyping technology is much simpler, highly reliable, and easy to maintain. FDM rapid prototyping technology uses a thermoplastic material that is non-toxic, odorless, and therefore will not pollute the surrounding environment. The device works with little noise.</p>\r\n<p>Cons: Rarely used in assembly because the accuracy is not high. Non-uniform bearing capacity.</p>\r\n<p>Scope of application: FDM is commonly used to make interior components of aircraft and pipelines, prototypes or products in medical, consumer goods, industry and transportation.</p>','Fused Deposition Modeling (FDM) 3D printing technology','cong-nghe-in-3d-nong-chay-lang-dong-fused-deposition-modelling-fdm','Developed by S. Scott Crump in the late 1980s. Stratasys sold its first FDM machine called the “3D Modeler” in 1992. FDM 3D printers build models by extruding hot plastic. melt and solidify layer by layer to create a detailed block structure.','BIM, Advance BIM',NULL),(16,8,'vi','Công nghệ in 3D nóng chảy lắng đọng – Fused Deposition Modelling (FDM)','Được phát triển bởi S. Scott Crump vào cuối những năm 1980. Hãng Stratasys bán chiếc máy sử dụng công nghệ FDM đầu tiên có tên “3D Modeler” năm 1992. Máy in 3D dùng công nghệ FDM xây dựng mẫu bằng cách đùn nhựa nóng chảy rồi hoá rắn từng lớp tạo nên cấu trúc chi tiết dạng khối.','<h3>1. Giới thiệu C&ocirc;ng nghệ in 3D n&oacute;ng chảy lắng đọng</h3>\r\n<p>Được ph&aacute;t triển bởi S. Scott Crump v&agrave;o cuối những năm 1980. H&atilde;ng Stratasys b&aacute;n chiếc m&aacute;y sử dụng c&ocirc;ng nghệ FDM đầu ti&ecirc;n c&oacute; t&ecirc;n &ldquo;3D Modeler&rdquo; năm 1992. M&aacute;y in 3D d&ugrave;ng c&ocirc;ng nghệ FDM x&acirc;y dựng mẫu bằng c&aacute;ch đ&ugrave;n nhựa n&oacute;ng chảy rồi ho&aacute; rắn từng lớp tạo n&ecirc;n cấu tr&uacute;c chi tiết dạng khối.</p>\r\n<p>C&ocirc;ng nghệ FDM của Stratasys đến nay đ&atilde; trở th&agrave;nh một c&ocirc;ng nghệ ở tầm cỡ c&ocirc;ng nghiệp. Tuy nhi&ecirc;n, sự tăng trưởng mạnh mẽ của c&aacute;c m&aacute;y in 3D tầm sơ cấp từ năm 2009 phần lớn lại kh&ocirc;ng phải dựa tr&ecirc;n c&ocirc;ng nghệ của Stratasys, m&agrave; dựa tr&ecirc;n một c&ocirc;ng ty kh&aacute;c nối tiếng với c&ocirc;ng nghệ in n&agrave;y l&agrave; MakerBot, họ c&oacute; c&ocirc;ng nghệ tương tự v&agrave; đặt đ&atilde; đặt t&ecirc;n cho phương ph&aacute;p in n&agrave;y l&agrave; Fused Filament Fabrication (FFF). Điều đặc biệt của c&ocirc;ng nghệ n&agrave;y đ&oacute; l&agrave; n&oacute; kh&ocirc;ng chỉ c&oacute; khả năng in c&aacute;c nguy&ecirc;n mẫu m&agrave; c&ograve;n in được c&aacute;c sản phẩm ho&agrave;n thiện cuối c&ugrave;ng đến tay người d&ugrave;ng. C&ocirc;ng nghệ n&agrave;y c&oacute; hiệu suất cao v&agrave; sử dụng kỹ thuật in nhiệt dẻo rất c&oacute; gi&aacute; trị đối với kĩ sư cơ kh&iacute; v&agrave; c&aacute;c nh&agrave; sản xuất, nhờ thế m&agrave; th&agrave;nh phẩm c&oacute; phẩm chất tốt về mặt cơ học, nhiệt v&agrave; h&oacute;a học.</p>\r\n<p><strong>2. Quy tr&igrave;nh in</strong></p>\r\n<div class=\"td-g-rec td-g-rec-id-content_inline td_uid_11_611925406b20c_rand td_block_template_9 \">&nbsp;</div>\r\n<p>&ndash; Bước 1: Tạo lập m&ocirc; h&igrave;nh 3D của đối tượng trong chương tr&igrave;nh CAD;</p>\r\n<p>&ndash; Bước 2: Nhập m&ocirc; h&igrave;nh v&agrave;o phần mềm Stratasys, Insight;</p>\r\n<p>&ndash; Bước 3: Phần mềm cắt tệp c&oacute; định dạng &ldquo;.STL&rdquo; th&agrave;nh c&aacute;c lớp ngang theo to&aacute;n học;</p>\r\n<p>&ndash; Bước 4: Phần mềm tạo đường dẫn c&ocirc;ng cụ cần thiết cho đầu đ&ugrave;n;</p>\r\n<p>&ndash; Bước 5: Hệ thống vẽ c&aacute;c lớp cắt ngang một lần tại tọa độ X, Y v&agrave; Z bằng c&aacute;ch sử dụng quy tr&igrave;nh &eacute;p đ&ugrave;n vật liệu được gia nhiệt.</p>\r\n<p><strong>3. Nguy&ecirc;n l&yacute; hoạt động</strong></p>\r\n<p>FDM &eacute;p đ&ugrave;n nhựa nhiệt dẻo n&oacute;ng ch&aacute;y qua một v&ograve;i phun từng lớp từng lớp một để tạo th&agrave;nh c&aacute;c chi tiết. C&ocirc;ng nghệ FDM c&oacute; thể sử dụng nhiều đầu phun cho vật liệu của sản phẩm v&agrave; vật liệu hỗ trợ. Sau mỗi một lớp in, khay đựng sẽ di chuyển xuống, tạo khoảng kh&ocirc;ng cho lớp in tiếp theo. FDM c&oacute; thể in c&aacute;c lớp d&agrave;y hoặc mỏng tuỳ thuộc bạn muốn tăng tốc độ in (lớp in d&agrave;y hơn) hoặc giảm thời gian xử l&yacute; thủ c&ocirc;ng sau khi in (lớp in mỏng hơn) do bề mặt mượt hơn. FDM đ&ograve;i hỏi vật liệu hỗ trợ để c&oacute; thể in c&aacute;c g&oacute;c độ, g&oacute;c nh&ocirc; v&agrave; c&aacute;c lỗ hổng, v&igrave; kh&ocirc;ng thể in được tr&ecirc;n kh&ocirc;ng kh&iacute;.</p>\r\n<div class=\"wp-block-image\">\r\n<figure class=\"aligncenter\"><img class=\"wp-image-11672\" src=\"/storage/uploads/tinymce/wu4ejoYtb7IQrXkhawNznNDkgX4VjylIbYwZz0Qw.gif\" alt=\"\" data-lazy-src=\"https://vietnambim.net/wp-content/uploads/2020/03/16.03.png\" data-lazy-srcset=\"https://vietnambim.net/wp-content/uploads/2020/03/16.03.png 514w, https://vietnambim.net/wp-content/uploads/2020/03/16.03-300x188.png 300w\" data-lazy-sizes=\"(max-width: 514px) 100vw, 514px\" />\r\n<figcaption>H&igrave;nh 1. Nguy&ecirc;n l&iacute; hoạt động của m&aacute;y in 3D c&ocirc;ng nghệ FDM</figcaption>\r\n</figure>\r\n</div>\r\n<p><strong>4. Vật liệu sử dụng</strong></p>\r\n<p>Vật liệu FDM c&oacute; thể mờ đục tới b&aacute;n trong suốt với nhiều m&agrave;u sắc bao gồm xanh, đỏ,&nbsp;v&agrave;ng, trắng, đen v&agrave; m&agrave;u n&acirc;u v&agrave;ng. Nhựa nhiệt dẻo của FDM bao gồm c&aacute;c loại nhựa nhiệt dẻo c&oacute; khả năng tương th&iacute;ch sinh học cao v&agrave; đạt xếp hạng FAR, v&agrave; nhiều loại vật liệu để tạo khu&ocirc;n cho &eacute;p nhựa như ABS v&agrave; ASA.</p>\r\n<p><strong>5. Ưu nhược điểm v&agrave; phạm vi &aacute;p dụng</strong></p>\r\n<p><strong><em>Ưu điểm:</em></strong>&nbsp;L&agrave; c&ocirc;ng nghệ in 3D gi&aacute; rẻ, dễ sửa chữa v&agrave; thay thế chi tiết m&aacute;y m&oacute;c, in với số lượng lớn, &iacute;t tốn nguy&ecirc;n liệu. Thường sử dụng trong c&aacute;c sản phẩm cần chịu lực. Tốc độ tạo h&igrave;nh 3D nhanh. Qu&aacute; tr&igrave;nh tạo mẫu nhanh của FDM kh&ocirc;ng giống như c&ocirc;ng nghệ SLA, LOM, SLS phải sử dụng tia laser để tạo h&igrave;nh sản phẩm m&agrave; c&ocirc;ng nghệ tạo mẫu nhanh FDM đơn giản hơn rất nhiều, độ tin cậy cao, bảo dưỡng dễ d&agrave;ng. C&ocirc;ng nghệ tạo mẫu nhanh FDM sử dụng vật liệu nhựa nhiệt dẻo kh&ocirc;ng độc, kh&ocirc;ng m&ugrave;i, v&agrave; do đ&oacute; sẽ kh&ocirc;ng g&acirc;y &ocirc; nhiễm m&ocirc;i trường xung quanh. Thiết bị hoạt động tạo ra &iacute;t tiếng ồn.</p>\r\n<p><strong><em>Nhược điểm:</em></strong>&nbsp;&Iacute;t khi d&ugrave;ng trong lắp gh&eacute;p v&igrave; độ ch&iacute;nh x&aacute;c kh&ocirc;ng cao. Khả năng chịu lực kh&ocirc;ng đồng nhất.</p>\r\n<p><strong><em>Phạm vi ứng dụng</em></strong>: FDM thường được sử dụng để chế tạo c&aacute;c th&agrave;nh phần nội thất của m&aacute;y bay v&agrave; đường ống dẫn, c&aacute;c nguy&ecirc;n mẫu hoặc sản phẩm trong y tế, h&agrave;ng ti&ecirc;u d&ugrave;ng, trong c&ocirc;ng nghiệp v&agrave; giao th&ocirc;ng.</p>','Công nghệ in 3D nóng chảy lắng đọng – Fused Deposition Modelling (FDM)','cong-nghe-in-3d-nong-chay-lang-dong-fused-deposition-modelling-fdm','Được phát triển bởi S. Scott Crump vào cuối những năm 1980. Hãng Stratasys bán chiếc máy sử dụng công nghệ FDM đầu tiên có tên “3D Modeler” năm 1992. Máy in 3D dùng công nghệ FDM xây dựng mẫu bằng cách đùn nhựa nóng chảy rồi hoá rắn từng lớp tạo nên cấu trúc chi tiết dạng khối.','BIM, BIM cơ bản',NULL);
/*!40000 ALTER TABLE `blogs_translations` ENABLE KEYS */;
UNLOCK TABLES;

--
-- Table structure for table `document_categories`
--

DROP TABLE IF EXISTS `document_categories`;
/*!40101 SET @saved_cs_client     = @@character_set_client */;
/*!40101 SET character_set_client = utf8 */;
CREATE TABLE `document_categories` (
  `id` int(10) unsigned NOT NULL AUTO_INCREMENT,
  `slug` varchar(500) COLLATE utf8mb4_unicode_ci DEFAULT NULL,
  `priority` int(11) NOT NULL DEFAULT 0,
  `status` tinyint(1) NOT NULL DEFAULT 1,
  `created_by` int(10) unsigned NOT NULL,
  `updated_by` int(10) unsigned DEFAULT NULL,
  `created_at` timestamp NULL DEFAULT NULL,
  `updated_at` timestamp NULL DEFAULT NULL,
  `deleted_at` timestamp NULL DEFAULT NULL,
  PRIMARY KEY (`id`)
) ENGINE=InnoDB AUTO_INCREMENT=3 DEFAULT CHARSET=utf8mb4 COLLATE=utf8mb4_unicode_ci;
/*!40101 SET character_set_client = @saved_cs_client */;

--
-- Dumping data for table `document_categories`
--

LOCK TABLES `document_categories` WRITE;
/*!40000 ALTER TABLE `document_categories` DISABLE KEYS */;
INSERT INTO `document_categories` VALUES (1,'bo-cai',0,1,2,NULL,'2021-08-16 13:03:51','2021-08-16 13:03:51',NULL),(2,'tai-lieu-huong-dan',0,1,2,NULL,'2021-08-16 13:04:21','2021-08-16 13:04:21',NULL);
/*!40000 ALTER TABLE `document_categories` ENABLE KEYS */;
UNLOCK TABLES;

--
-- Table structure for table `document_categories_translations`
--

DROP TABLE IF EXISTS `document_categories_translations`;
/*!40101 SET @saved_cs_client     = @@character_set_client */;
/*!40101 SET character_set_client = utf8 */;
CREATE TABLE `document_categories_translations` (
  `id` int(10) unsigned NOT NULL AUTO_INCREMENT,
  `document_category_id` int(10) unsigned NOT NULL,
  `locale` varchar(191) COLLATE utf8mb4_unicode_ci NOT NULL,
  `name` varchar(256) COLLATE utf8mb4_unicode_ci NOT NULL,
  `deleted_at` timestamp NULL DEFAULT NULL,
  PRIMARY KEY (`id`),
  UNIQUE KEY `documentc_trans_unique` (`document_category_id`,`locale`),
  KEY `document_categories_translations_locale_index` (`locale`),
  CONSTRAINT `document_categories_translations_document_category_id_foreign` FOREIGN KEY (`document_category_id`) REFERENCES `document_categories` (`id`) ON DELETE CASCADE
) ENGINE=InnoDB AUTO_INCREMENT=5 DEFAULT CHARSET=utf8mb4 COLLATE=utf8mb4_unicode_ci;
/*!40101 SET character_set_client = @saved_cs_client */;

--
-- Dumping data for table `document_categories_translations`
--

LOCK TABLES `document_categories_translations` WRITE;
/*!40000 ALTER TABLE `document_categories_translations` DISABLE KEYS */;
INSERT INTO `document_categories_translations` VALUES (1,1,'en','Installer',NULL),(2,1,'vi','Bộ cài',NULL),(3,2,'en','Manual document',NULL),(4,2,'vi','Tài liệu hướng dẫn',NULL);
/*!40000 ALTER TABLE `document_categories_translations` ENABLE KEYS */;
UNLOCK TABLES;

--
-- Table structure for table `document_map_categories`
--

DROP TABLE IF EXISTS `document_map_categories`;
/*!40101 SET @saved_cs_client     = @@character_set_client */;
/*!40101 SET character_set_client = utf8 */;
CREATE TABLE `document_map_categories` (
  `id` int(10) unsigned NOT NULL AUTO_INCREMENT,
  `document_id` int(10) unsigned NOT NULL,
  `category_id` int(10) unsigned NOT NULL,
  PRIMARY KEY (`id`),
  KEY `document_map_categories_document_id_index` (`document_id`),
  KEY `document_map_categories_category_id_index` (`category_id`)
) ENGINE=InnoDB AUTO_INCREMENT=2 DEFAULT CHARSET=utf8mb4 COLLATE=utf8mb4_unicode_ci;
/*!40101 SET character_set_client = @saved_cs_client */;

--
-- Dumping data for table `document_map_categories`
--

LOCK TABLES `document_map_categories` WRITE;
/*!40000 ALTER TABLE `document_map_categories` DISABLE KEYS */;
INSERT INTO `document_map_categories` VALUES (1,1,2);
/*!40000 ALTER TABLE `document_map_categories` ENABLE KEYS */;
UNLOCK TABLES;

--
-- Table structure for table `documents`
--

DROP TABLE IF EXISTS `documents`;
/*!40101 SET @saved_cs_client     = @@character_set_client */;
/*!40101 SET character_set_client = utf8 */;
CREATE TABLE `documents` (
  `id` int(10) unsigned NOT NULL AUTO_INCREMENT,
  `publish_datetime` datetime NOT NULL,
  `featured_image` varchar(512) COLLATE utf8mb4_unicode_ci DEFAULT NULL,
  `slug` varchar(512) COLLATE utf8mb4_unicode_ci NOT NULL,
  `link_download_1` varchar(512) COLLATE utf8mb4_unicode_ci DEFAULT NULL,
  `link_download_2` varchar(512) COLLATE utf8mb4_unicode_ci DEFAULT NULL,
  `link_download_3` varchar(512) COLLATE utf8mb4_unicode_ci DEFAULT NULL,
  `link_download_4` varchar(512) COLLATE utf8mb4_unicode_ci DEFAULT NULL,
  `status` enum('Published','InActive') COLLATE utf8mb4_unicode_ci NOT NULL DEFAULT 'InActive',
  `created_by` int(10) unsigned NOT NULL,
  `updated_by` int(10) unsigned DEFAULT NULL,
  `priority` int(11) NOT NULL DEFAULT 0,
  `created_at` timestamp NULL DEFAULT NULL,
  `updated_at` timestamp NULL DEFAULT NULL,
  `deleted_at` timestamp NULL DEFAULT NULL,
  PRIMARY KEY (`id`)
) ENGINE=InnoDB AUTO_INCREMENT=2 DEFAULT CHARSET=utf8mb4 COLLATE=utf8mb4_unicode_ci;
/*!40101 SET character_set_client = @saved_cs_client */;

--
-- Dumping data for table `documents`
--

LOCK TABLES `documents` WRITE;
/*!40000 ALTER TABLE `documents` DISABLE KEYS */;
INSERT INTO `documents` VALUES (1,'2021-09-01 07:46:00','1630482486-danh-muc-bai-viet-2.png','danh-muc-bai-viet-2','https://thuthuat.taimienphi.vn/tao-bo-cai-windows-10-8-1-7-tren-cung-usb-22138n.aspx','https://thuthuat.taimienphi.vn/tao-bo-cai-windows-10-8-1-7-tren-cung-usb-22138n.aspx','https://thuthuat.taimienphi.vn/tao-bo-cai-windows-10-8-1-7-tren-cung-usb-22138n.aspx','https://thuthuat.taimienphi.vn/tao-bo-cai-windows-10-8-1-7-tren-cung-usb-22138n.aspx','Published',2,NULL,0,'2021-09-01 00:48:06','2021-09-01 00:48:06',NULL);
/*!40000 ALTER TABLE `documents` ENABLE KEYS */;
UNLOCK TABLES;

--
-- Table structure for table `documents_translations`
--

DROP TABLE IF EXISTS `documents_translations`;
/*!40101 SET @saved_cs_client     = @@character_set_client */;
/*!40101 SET character_set_client = utf8 */;
CREATE TABLE `documents_translations` (
  `id` int(10) unsigned NOT NULL AUTO_INCREMENT,
  `document_id` int(10) unsigned NOT NULL,
  `locale` varchar(191) COLLATE utf8mb4_unicode_ci NOT NULL,
  `name` varchar(256) COLLATE utf8mb4_unicode_ci NOT NULL,
  `content` text COLLATE utf8mb4_unicode_ci DEFAULT NULL,
  `meta_title` varchar(191) COLLATE utf8mb4_unicode_ci DEFAULT NULL,
  `cannonical_link` varchar(191) COLLATE utf8mb4_unicode_ci DEFAULT NULL,
  `meta_description` text COLLATE utf8mb4_unicode_ci DEFAULT NULL,
  `meta_keywords` text COLLATE utf8mb4_unicode_ci DEFAULT NULL,
  `deleted_at` timestamp NULL DEFAULT NULL,
  PRIMARY KEY (`id`),
  UNIQUE KEY `documents_translations_document_id_locale_unique` (`document_id`,`locale`),
  KEY `documents_translations_locale_index` (`locale`),
  CONSTRAINT `documents_translations_document_id_foreign` FOREIGN KEY (`document_id`) REFERENCES `documents` (`id`) ON DELETE CASCADE
) ENGINE=InnoDB AUTO_INCREMENT=3 DEFAULT CHARSET=utf8mb4 COLLATE=utf8mb4_unicode_ci;
/*!40101 SET character_set_client = @saved_cs_client */;

--
-- Dumping data for table `documents_translations`
--

LOCK TABLES `documents_translations` WRITE;
/*!40000 ALTER TABLE `documents_translations` DISABLE KEYS */;
INSERT INTO `documents_translations` VALUES (1,1,'en','Basic BIM','<h1 class=\"hh6\">Tạo bộ c&agrave;i Windows 10, 8.1, 7 tr&ecirc;n c&ugrave;ng USB</h1>\r\n<p class=\"link\"><a href=\"https://thuthuat.taimienphi.vn/canews_he-thong-may-tinh-35.aspx\">Hệ thống m&aacute;y t&iacute;nh</a>&nbsp;&raquo;&nbsp;<a class=\"acN\" href=\"https://thuthuat.taimienphi.vn/canews_ghost-cai-windows-68.aspx\">Ghost, c&agrave;i windows</a></p>\r\n<div class=\"cl\">&nbsp;</div>\r\n<div class=\"des3 clearfix\">\r\n<div class=\"shortdes clearfix\"><strong>Tạo bộ c&agrave;i Windows 10, 8.1, 7 tr&ecirc;n c&ugrave;ng USB, bạn đ&atilde; thử chưa? Với sự ph&aacute;t triển của c&ocirc;ng nghệ hiện nay, người d&ugrave;ng c&oacute; thể setup nhiều bộ c&agrave;i hệ điều h&agrave;nh tr&ecirc;n một chiếc USB m&agrave; kh&ocirc;ng phải 1 bộ c&agrave;i như trước. B&agrave;i viết dưới đ&acirc;y, Taimienphi sẽ hướng dẫn c&aacute;c bạn tạo bộ c&agrave;i Windows 10, 8.1, 7 tr&ecirc;n c&ugrave;ng USB cực kỳ đơn giản.</strong></div>\r\n<div id=\"cph1_newsrel\">\r\n<p class=\"tit9 clearfix\">B&agrave;i viết li&ecirc;n quan</p>\r\n<div>\r\n<div class=\"newsrel\">\r\n<ul class=\"ulf1 clearfix\">\r\n<li><a href=\"https://thuthuat.taimienphi.vn/cai-windows-7-usbdvd-download-tool-12549n.aspx\">Hướng dẫn c&agrave;i Windows 7 USB/DVD Download Tool, hỗ trợ tạo usb boots</a></li>\r\n<li><a href=\"https://thuthuat.taimienphi.vn/phan-mem-tao-boot-cai-win-7-bang-usb-15767n.aspx\">Top 10 phần mềm tạo boot c&agrave;i Win 7 bằng USB</a></li>\r\n<li><a href=\"https://thuthuat.taimienphi.vn/tao-bo-cai-windows-81-tu-usb-3640n.aspx\">C&aacute;ch tạo bộ c&agrave;i Windows 8.1 từ USB</a></li>\r\n<li><a href=\"https://thuthuat.taimienphi.vn/cach-tao-usb-cai-windows-bang-windows-7-usb-download-tool-32619n.aspx\">C&aacute;ch tạo USB c&agrave;i Windows bằng Windows 7 USB Download Tool</a></li>\r\n<li><a href=\"https://thuthuat.taimienphi.vn/tao-bo-cai-windows-10-tu-usb-3641n.aspx\">C&aacute;ch tạo bộ c&agrave;i Windows 10 từ USB, tạo USB Boot Win 10</a></li>\r\n</ul>\r\n</div>\r\n</div>\r\n</div>\r\n<div id=\"cph1_gatop\" class=\"gabody1\">\r\n<div align=\"center\">&nbsp;</div>\r\n</div>\r\n<div id=\"startrel\" class=\"cl\">&nbsp;</div>\r\n<div id=\"relshow\">&nbsp;</div>\r\n<p>Tạo bộ c&agrave;i Windows 10, 8.1, 7 tr&ecirc;n c&ugrave;ng USB l&agrave; phương ph&aacute;p gi&uacute;p bạn tiết kiệm thời gian nhất trong việc tạo c&aacute;c bộ c&agrave;i Windows sử dụng nhiều mục đ&iacute;ch thay v&igrave; tạo ri&ecirc;ng lẻ bộ c&agrave;i. Trước đ&acirc;y ch&uacute;ng ta thường&nbsp;<a href=\"https://thuthuat.taimienphi.vn/cai-windows-7-bang-usb-607n.aspx\">c&agrave;i win 7 bằng usb</a>, nhưng tất nhi&ecirc;n l&agrave; chỉ được ph&eacute;p c&agrave;i ri&ecirc;ng win7. Nếu bạn muốn c&agrave;i win 10 bằng usb bạn phải x&oacute;a win 7 đi.</p>\r\n<p><img src=\"https://imgt.taimienphi.vn/cf/Images/2017/3/vi/13/tao-bo-cai-windows-10-8-1-7-tren-cung-usb-1.jpg\" alt=\"cai windows 10, 8.1, 7 tren cung usb\" width=\"500\" height=\"314\" /></p>\r\n<p>Nhưng như đ&atilde; n&oacute;i ở tr&ecirc;n, phần mềm m&agrave; Taimienphi.vn muốn đề cập đến sẽ gi&uacute;p bạn tạo bộ c&agrave;i Windows 10, 8.1, 7 tr&ecirc;n c&ugrave;ng USB một c&aacute;ch dễ d&agrave;ng v&agrave; hiệu quả nhất thay v&igrave; phải c&agrave;i ri&ecirc;ng lẻ win 7 hay&nbsp;<a href=\"https://thuthuat.taimienphi.vn/ghi-file-iso-windows-10-technical-preview-ra-usb-2584n.aspx\">c&agrave;i win 10</a>&nbsp;tr&ecirc;n USB như mọi khi.</p>\r\n<h2><strong><u>HƯ</u><u>Ớ</u><u>NG D</u><u>Ẫ</u><u>N T</u><u>Ạ</u><u>O B</u><u>Ộ</u><u>&nbsp;C&Agrave;I WINDOWS 10, 8.1, 7 TR&Ecirc;N C&Ugrave;NG USB.</u></strong></h2>\r\n<p>* Bạn cần chuẩn bị những c&ocirc;ng cụ sau để tạo bộ c&agrave;i Windows 10, 8.1,7<br />- Bộ c&agrave;i Windows 7: Download&nbsp;<a href=\"https://taimienphi.vn/download-windows-7-8538\" target=\"_blank\" rel=\"noopener\"><strong>Windows 7</strong></a>.<br />- Bộ c&agrave;i Windows 8: Download&nbsp;<a href=\"https://taimienphi.vn/download-windows-8-8536\" target=\"_blank\" rel=\"noopener\"><strong>Windows 8</strong></a>.<br />- Bộ c&agrave;i Windows 8.1: Download&nbsp;<strong><a href=\"https://taimienphi.vn/download-windows-81-8537\" target=\"_blank\" rel=\"noopener\">Windows 8.1</a>.</strong><br />- Bộ c&agrave;i Windows 10: Download&nbsp;<a href=\"https://taimienphi.vn/download-windows-10-12463\" target=\"_blank\" rel=\"noopener\"><strong>Windows 10</strong></a>.</p>\r\n<p><em>Bư</em><em>ớ</em><em>c 1:&nbsp;</em>Tải c&ocirc;ng cụ&nbsp;<strong><a href=\"https://taimienphi.vn/download-usb-hdd-boot-21768\" target=\"_blank\" rel=\"noopener\">USB HDD BOOT</a></strong>&nbsp;tại đ&acirc;y</p>\r\n<p><img src=\"http://i1.taimienphi.vn/tmp/cf/aut/tao-bo-cai-windows-10-8-1-7-tren-cung-usb-2.jpg\" alt=\"cai windows 10, 8.1, 7 tren cung usb\" width=\"500\" height=\"288\" /></p>\r\n<p><em>Bư</em><em>ớ</em><em>c 2:&nbsp;</em>Sau khi ho&agrave;n t&aacute;t tải về, bạn mở phần mềm ra sẽ thấy c&oacute; 2 t&iacute;nh năng l&agrave; tạo menu boot cho m&aacute;y t&iacute;nh hoặc c&aacute;c thiết bị USB, bấm v&agrave;o&nbsp;<strong>T</strong><strong>ạ</strong><strong>o boot đa năng cho đĩa USB</strong>.</p>\r\n<p><img class=\"lazy\" src=\"https://imgt.taimienphi.vn/cf/Images/2017/3/vi/13/tao-bo-cai-windows-10-8-1-7-tren-cung-usb-4.jpg\" alt=\"cai windows 10, 8.1, 7 tren cung usb\" width=\"425\" height=\"248\" data-original=\"https://imgt.taimienphi.vn/cf/Images/2017/3/vi/13/tao-bo-cai-windows-10-8-1-7-tren-cung-usb-4.jpg\" /></p>\r\n<p><em>Bư</em><em>ớ</em><em>c 3:&nbsp;</em>Ngay sau bước n&agrave;y, 1 bảng th&ocirc;ng số hiện ra cho ph&eacute;p bạn t&ugrave;y chọn USB, định dạng cũng như t&iacute;ch hợp c&aacute;c phi&ecirc;n bản c&agrave;i. Bạn chỉ cần bấm v&agrave;o Định dạng&nbsp;<strong>FAT32&nbsp;</strong>hay&nbsp;<strong>NTFS&nbsp;</strong>v&agrave; sau đ&oacute; t&iacute;ch chọn&nbsp;<strong>T&iacute;ch h</strong><strong>ợ</strong><strong>p c&agrave;i đ</strong><strong>ặ</strong><strong>t WIndows t</strong><strong>ừ</strong><strong>&nbsp;file ISO v&agrave;o&nbsp;</strong><strong>ổ</strong><strong>&nbsp;đĩa&nbsp;</strong>v&agrave; lựa chọn c&aacute;c phi&ecirc;n bản muốn c&agrave;i đặt rồi sau đ&oacute; bấm v&agrave;o&nbsp;<strong>B</strong><strong>ắ</strong><strong>t Đ</strong><strong>ầ</strong><strong>u</strong>.</p>\r\n<p><img class=\"lazy\" src=\"https://imgt.taimienphi.vn/cf/Images/2017/3/vi/13/tao-bo-cai-windows-10-8-1-7-tren-cung-usb-5.jpg\" alt=\"cai windows 10, 8.1, 7 tren cung usb\" width=\"500\" height=\"395\" data-original=\"https://imgt.taimienphi.vn/cf/Images/2017/3/vi/13/tao-bo-cai-windows-10-8-1-7-tren-cung-usb-5.jpg\" /></p>\r\n<p>- Một th&ocirc;ng b&aacute;o nữa hiện ra y&ecirc;u cầu bạn x&aacute;c nhận lại một lần nữa bằng tiếng Việt, nếu đ&acirc;y l&agrave; USB mới kh&ocirc;ng c&oacute; dữ liệu bạn cứ bấm&nbsp;<strong>OK</strong>.</p>\r\n<p><img class=\"lazy\" src=\"https://imgt.taimienphi.vn/cf/Images/2017/3/vi/13/tao-bo-cai-windows-10-8-1-7-tren-cung-usb-6.jpg\" alt=\"cai windows 10, 8.1, 7 tren cung usb\" width=\"450\" height=\"274\" data-original=\"https://imgt.taimienphi.vn/cf/Images/2017/3/vi/13/tao-bo-cai-windows-10-8-1-7-tren-cung-usb-6.jpg\" /></p>\r\n<p>- Qu&aacute; tr&igrave;nh chạy v&agrave; nạp phần mềm để tạo bộ c&agrave;i Windows 10, 8.1, 7 sẽ mất khoảng 1 ph&uacute;t.</p>\r\n<p><img class=\"lazy\" src=\"https://imgt.taimienphi.vn/cf/Images/2017/3/vi/13/tao-bo-cai-windows-10-8-1-7-tren-cung-usb-7.jpg\" alt=\"cai windows 10, 8.1, 7 tren cung usb\" width=\"500\" height=\"108\" data-original=\"https://imgt.taimienphi.vn/cf/Images/2017/3/vi/13/tao-bo-cai-windows-10-8-1-7-tren-cung-usb-7.jpg\" /></p>\r\n<p><em>Bư</em><em>ớ</em><em>c 4:&nbsp;</em>Tiếp theo bạn tải bộ c&agrave;i&nbsp;<a href=\"https://taimienphi.vn/download-creat-wim-files-32766\" target=\"_blank\" rel=\"noopener\"><strong>Creat Wim Files</strong></a>&nbsp;tại đ&acirc;y sau đ&oacute;giải n&eacute;n ra.</p>\r\n<p><img class=\"lazy\" src=\"https://imgt.taimienphi.vn/cf/Images/2017/3/vi/13/tao-bo-cai-windows-10-8-1-7-tren-cung-usb-8.jpg\" alt=\"cai windows 10, 8.1, 7 tren cung usb\" width=\"493\" height=\"229\" data-original=\"https://imgt.taimienphi.vn/cf/Images/2017/3/vi/13/tao-bo-cai-windows-10-8-1-7-tren-cung-usb-8.jpg\" /></p>\r\n<p>- Trong bộ c&agrave;i WIM FILES chia ra rất nhiều c&aacute;c phi&ecirc;n bản, nếu bạn muốn c&agrave;i Windows 10 v&agrave;o trong USB h&atilde;y mở bộ c&agrave;i đ&oacute; ra, c&aacute;ch tr&ecirc;n gi&uacute;p bạn đưa bộ c&agrave;i windows v&agrave;o trong USB sau khi đ&atilde; sử dụng USBHDDBOOT để tạo file boot.</p>\r\n<p><img class=\"lazy\" src=\"https://imgt.taimienphi.vn/cf/Images/2017/3/vi/13/tao-bo-cai-windows-10-8-1-7-tren-cung-usb-9.jpg\" alt=\"cai windows 10, 8.1, 7 tren cung usb\" width=\"400\" height=\"411\" data-original=\"https://imgt.taimienphi.vn/cf/Images/2017/3/vi/13/tao-bo-cai-windows-10-8-1-7-tren-cung-usb-9.jpg\" /></p>\r\n<p><em>Bư</em><em>ớ</em><em>c 5:&nbsp;</em>Như ti&ecirc;u đề b&agrave;i viết, ch&uacute;ng ta sẽ đưa Windows 10, 8.1 v&agrave; 7 v&agrave;o, trong v&iacute; dụ sau đ&acirc;y Taimienphi.vn xin l&agrave;m mẫu việc đưa&nbsp;<strong>Windows 10 64bit&nbsp;</strong>v&agrave;o, lưu &yacute; l&agrave; ch&uacute;ng ta c&oacute; thể lặp lại thao t&aacute;c n&agrave;y bao nhi&ecirc;u lần cũng được. Miễn sao lựa chọn bộ c&agrave;i đ&uacute;ng với phi&ecirc;n bản Windows l&agrave; được. Sau khi mở bộ c&agrave;i hỗ trợ USB HDD BOOT gi&agrave;nh cho phi&ecirc;n bản Windows 10 64bit, bạn ấn v&agrave;o T&igrave;m đến để lựa chọn file Windows 10 64bit đ&atilde; tải về m&aacute;y.</p>\r\n<p><img class=\"lazy\" src=\"https://imgt.taimienphi.vn/cf/Images/2017/3/vi/13/tao-bo-cai-windows-10-8-1-7-tren-cung-usb-10.jpg\" alt=\"cai windows 10, 8.1, 7 tren cung usb\" width=\"500\" height=\"231\" data-original=\"https://imgt.taimienphi.vn/cf/Images/2017/3/vi/13/tao-bo-cai-windows-10-8-1-7-tren-cung-usb-10.jpg\" /></p>\r\n<p>- Lựa chọn ch&iacute;nh x&aacute;c phi&ecirc;n bản Windows 10 64bit rồi&nbsp;<strong>Open</strong>.</p>\r\n<p><img class=\"lazy\" src=\"https://imgt.taimienphi.vn/cf/Images/2017/3/vi/13/tao-bo-cai-windows-10-8-1-7-tren-cung-usb-11.jpg\" alt=\"cai windows 10, 8.1, 7 tren cung usb\" width=\"500\" height=\"305\" data-original=\"https://imgt.taimienphi.vn/cf/Images/2017/3/vi/13/tao-bo-cai-windows-10-8-1-7-tren-cung-usb-11.jpg\" /></p>\r\n<p>- Sau khi lựa chọn ho&agrave;n tất, bầm v&agrave;o&nbsp;<strong>Bắt đầu</strong>&nbsp;để tiến h&agrave;nh sao ch&eacute;p.</p>\r\n<p><img class=\"lazy\" src=\"https://imgt.taimienphi.vn/cf/Images/2017/3/vi/13/tao-bo-cai-windows-10-8-1-7-tren-cung-usb-12.jpg\" alt=\"cai windows 10, 8.1, 7 tren cung usb\" width=\"500\" height=\"231\" data-original=\"https://imgt.taimienphi.vn/cf/Images/2017/3/vi/13/tao-bo-cai-windows-10-8-1-7-tren-cung-usb-12.jpg\" /></p>\r\n<p><em>Bư</em><em>ớ</em><em>c 6:&nbsp;</em>Đợi một l&aacute;t, t&ugrave;y v&agrave;o dung lượng file v&agrave; khi c&oacute; th&ocirc;ng b&aacute;o như h&igrave;nh dưới l&agrave; bạn đ&atilde; c&agrave;i đặt Windows 10 phi&ecirc;n bản 64bit th&agrave;nh c&ocirc;ng.</p>\r\n<p><img class=\"lazy\" src=\"https://imgt.taimienphi.vn/cf/Images/2017/3/vi/13/tao-bo-cai-windows-10-8-1-7-tren-cung-usb-13.jpg\" alt=\"cai windows 10, 8.1, 7 tren cung usb\" width=\"500\" height=\"231\" data-original=\"https://imgt.taimienphi.vn/cf/Images/2017/3/vi/13/tao-bo-cai-windows-10-8-1-7-tren-cung-usb-13.jpg\" /></p>\r\n<p>Bạn cũng c&oacute; thể lặp lại c&aacute;c bước tr&ecirc;n v&agrave; c&agrave;i đặt cho Windows 7, Windows 8. Khi mở lại m&aacute;y t&iacute;nh, bạn v&agrave;o chế dộ BOOT như th&ocirc;ng thường sẽ thấy sự kh&aacute;c biệt.</p>\r\n<p><img class=\"lazy\" src=\"https://imgt.taimienphi.vn/cf/Images/2017/3/vi/13/tao-bo-cai-windows-10-8-1-7-tren-cung-usb-14.jpg\" alt=\"cai windows 10, 8.1, 7 tren cung usb\" width=\"500\" height=\"281\" data-original=\"https://imgt.taimienphi.vn/cf/Images/2017/3/vi/13/tao-bo-cai-windows-10-8-1-7-tren-cung-usb-14.jpg\" /></p>\r\n<p>Giao diện thực tế b&ecirc;n trong</p>\r\n<p><img class=\"lazy\" src=\"https://imgt.taimienphi.vn/cf/Images/2017/3/vi/13/tao-bo-cai-windows-10-8-1-7-tren-cung-usb-15.jpg\" alt=\"cai windows 10, 8.1, 7 tren cung usb\" width=\"500\" height=\"281\" data-original=\"https://imgt.taimienphi.vn/cf/Images/2017/3/vi/13/tao-bo-cai-windows-10-8-1-7-tren-cung-usb-15.jpg\" /></p>\r\n<p>https://thuthuat.taimienphi.vn/tao-bo-cai-windows-10-8-1-7-tren-cung-usb-22138n.aspx<br />Tr&ecirc;n đ&acirc;y Taimienphi.vn đ&atilde; hướng dẫn xong c&aacute;c bạn c&aacute;ch tạo bộ c&agrave;i Windows 10, 8.1, 7 tr&ecirc;n c&ugrave;ng USB. Gi&uacute;p bạn tạo được một bộ c&agrave;i đa năng gi&uacute;p &iacute;ch cho c&ocirc;ng việc c&agrave;i đặt m&aacute;y số lượng lớn. Ngo&agrave;i ra đ&acirc;y cũng l&agrave; một phần mềm t&iacute;ch hợp Boot với nhiều c&ocirc;ng cụ hữu &iacute;ch gi&uacute;p cho c&ocirc;ng việc của bạn. Thay v&igrave; bạn phải sử dụng c&aacute;c phần mềm&nbsp;<a href=\"https://thuthuat.taimienphi.vn/tao-usb-boot-voi-hirens-boot-954n.aspx\">tạo Boot</a>&nbsp;c&agrave;i Win bằng USB. Cũng giống như top c&aacute;c phần mềm&nbsp;<strong><a href=\"https://thuthuat.taimienphi.vn/phan-mem-tao-boot-cai-win-7-bang-usb-15767n.aspx\">tạo Boot c&agrave;i Win 7 bằng USB</a></strong>&nbsp;m&agrave; Taimienphi.vn đ&atilde; giới thiệu ở b&agrave;i viết trước.</p>\r\n</div>','Thẻ Meta Title [en]','Cannonical Link [en]','https://thuthuat.taimienphi.vn/tao-bo-cai-windows-10-8-1-7-tren-cung-usb-22138n.aspx','Thẻ Meta Keyword [en]',NULL),(2,1,'vi','Danh mục bài viết 2','<h1 class=\"hh6\">Tạo bộ c&agrave;i Windows 10, 8.1, 7 tr&ecirc;n c&ugrave;ng USB</h1>\r\n<p class=\"link\"><a href=\"https://thuthuat.taimienphi.vn/canews_he-thong-may-tinh-35.aspx\">Hệ thống m&aacute;y t&iacute;nh</a>&nbsp;&raquo;&nbsp;<a class=\"acN\" href=\"https://thuthuat.taimienphi.vn/canews_ghost-cai-windows-68.aspx\">Ghost, c&agrave;i windows</a></p>\r\n<div class=\"cl\">&nbsp;</div>\r\n<div class=\"des3 clearfix\">\r\n<div class=\"shortdes clearfix\"><strong>Tạo bộ c&agrave;i Windows 10, 8.1, 7 tr&ecirc;n c&ugrave;ng USB, bạn đ&atilde; thử chưa? Với sự ph&aacute;t triển của c&ocirc;ng nghệ hiện nay, người d&ugrave;ng c&oacute; thể setup nhiều bộ c&agrave;i hệ điều h&agrave;nh tr&ecirc;n một chiếc USB m&agrave; kh&ocirc;ng phải 1 bộ c&agrave;i như trước. B&agrave;i viết dưới đ&acirc;y, Taimienphi sẽ hướng dẫn c&aacute;c bạn tạo bộ c&agrave;i Windows 10, 8.1, 7 tr&ecirc;n c&ugrave;ng USB cực kỳ đơn giản.</strong></div>\r\n<div id=\"cph1_newsrel\">\r\n<p class=\"tit9 clearfix\">B&agrave;i viết li&ecirc;n quan</p>\r\n<div>\r\n<div class=\"newsrel\">\r\n<ul class=\"ulf1 clearfix\">\r\n<li><a href=\"https://thuthuat.taimienphi.vn/cai-windows-7-usbdvd-download-tool-12549n.aspx\">Hướng dẫn c&agrave;i Windows 7 USB/DVD Download Tool, hỗ trợ tạo usb boots</a></li>\r\n<li><a href=\"https://thuthuat.taimienphi.vn/phan-mem-tao-boot-cai-win-7-bang-usb-15767n.aspx\">Top 10 phần mềm tạo boot c&agrave;i Win 7 bằng USB</a></li>\r\n<li><a href=\"https://thuthuat.taimienphi.vn/tao-bo-cai-windows-81-tu-usb-3640n.aspx\">C&aacute;ch tạo bộ c&agrave;i Windows 8.1 từ USB</a></li>\r\n<li><a href=\"https://thuthuat.taimienphi.vn/cach-tao-usb-cai-windows-bang-windows-7-usb-download-tool-32619n.aspx\">C&aacute;ch tạo USB c&agrave;i Windows bằng Windows 7 USB Download Tool</a></li>\r\n<li><a href=\"https://thuthuat.taimienphi.vn/tao-bo-cai-windows-10-tu-usb-3641n.aspx\">C&aacute;ch tạo bộ c&agrave;i Windows 10 từ USB, tạo USB Boot Win 10</a></li>\r\n</ul>\r\n</div>\r\n</div>\r\n</div>\r\n<div id=\"cph1_gatop\" class=\"gabody1\">\r\n<div align=\"center\">&nbsp;</div>\r\n</div>\r\n<div id=\"startrel\" class=\"cl\">&nbsp;</div>\r\n<div id=\"relshow\">&nbsp;</div>\r\n<p>Tạo bộ c&agrave;i Windows 10, 8.1, 7 tr&ecirc;n c&ugrave;ng USB l&agrave; phương ph&aacute;p gi&uacute;p bạn tiết kiệm thời gian nhất trong việc tạo c&aacute;c bộ c&agrave;i Windows sử dụng nhiều mục đ&iacute;ch thay v&igrave; tạo ri&ecirc;ng lẻ bộ c&agrave;i. Trước đ&acirc;y ch&uacute;ng ta thường&nbsp;<a href=\"https://thuthuat.taimienphi.vn/cai-windows-7-bang-usb-607n.aspx\">c&agrave;i win 7 bằng usb</a>, nhưng tất nhi&ecirc;n l&agrave; chỉ được ph&eacute;p c&agrave;i ri&ecirc;ng win7. Nếu bạn muốn c&agrave;i win 10 bằng usb bạn phải x&oacute;a win 7 đi.</p>\r\n<p><img src=\"https://imgt.taimienphi.vn/cf/Images/2017/3/vi/13/tao-bo-cai-windows-10-8-1-7-tren-cung-usb-1.jpg\" alt=\"cai windows 10, 8.1, 7 tren cung usb\" width=\"500\" height=\"314\" /></p>\r\n<p>Nhưng như đ&atilde; n&oacute;i ở tr&ecirc;n, phần mềm m&agrave; Taimienphi.vn muốn đề cập đến sẽ gi&uacute;p bạn tạo bộ c&agrave;i Windows 10, 8.1, 7 tr&ecirc;n c&ugrave;ng USB một c&aacute;ch dễ d&agrave;ng v&agrave; hiệu quả nhất thay v&igrave; phải c&agrave;i ri&ecirc;ng lẻ win 7 hay&nbsp;<a href=\"https://thuthuat.taimienphi.vn/ghi-file-iso-windows-10-technical-preview-ra-usb-2584n.aspx\">c&agrave;i win 10</a>&nbsp;tr&ecirc;n USB như mọi khi.</p>\r\n<h2><strong><u>HƯ</u><u>Ớ</u><u>NG D</u><u>Ẫ</u><u>N T</u><u>Ạ</u><u>O B</u><u>Ộ</u><u>&nbsp;C&Agrave;I WINDOWS 10, 8.1, 7 TR&Ecirc;N C&Ugrave;NG USB.</u></strong></h2>\r\n<p>* Bạn cần chuẩn bị những c&ocirc;ng cụ sau để tạo bộ c&agrave;i Windows 10, 8.1,7<br />- Bộ c&agrave;i Windows 7: Download&nbsp;<a href=\"https://taimienphi.vn/download-windows-7-8538\" target=\"_blank\" rel=\"noopener\"><strong>Windows 7</strong></a>.<br />- Bộ c&agrave;i Windows 8: Download&nbsp;<a href=\"https://taimienphi.vn/download-windows-8-8536\" target=\"_blank\" rel=\"noopener\"><strong>Windows 8</strong></a>.<br />- Bộ c&agrave;i Windows 8.1: Download&nbsp;<strong><a href=\"https://taimienphi.vn/download-windows-81-8537\" target=\"_blank\" rel=\"noopener\">Windows 8.1</a>.</strong><br />- Bộ c&agrave;i Windows 10: Download&nbsp;<a href=\"https://taimienphi.vn/download-windows-10-12463\" target=\"_blank\" rel=\"noopener\"><strong>Windows 10</strong></a>.</p>\r\n<p><em>Bư</em><em>ớ</em><em>c 1:&nbsp;</em>Tải c&ocirc;ng cụ&nbsp;<strong><a href=\"https://taimienphi.vn/download-usb-hdd-boot-21768\" target=\"_blank\" rel=\"noopener\">USB HDD BOOT</a></strong>&nbsp;tại đ&acirc;y</p>\r\n<p><img src=\"http://i1.taimienphi.vn/tmp/cf/aut/tao-bo-cai-windows-10-8-1-7-tren-cung-usb-2.jpg\" alt=\"cai windows 10, 8.1, 7 tren cung usb\" width=\"500\" height=\"288\" /></p>\r\n<p><em>Bư</em><em>ớ</em><em>c 2:&nbsp;</em>Sau khi ho&agrave;n t&aacute;t tải về, bạn mở phần mềm ra sẽ thấy c&oacute; 2 t&iacute;nh năng l&agrave; tạo menu boot cho m&aacute;y t&iacute;nh hoặc c&aacute;c thiết bị USB, bấm v&agrave;o&nbsp;<strong>T</strong><strong>ạ</strong><strong>o boot đa năng cho đĩa USB</strong>.</p>\r\n<p><img class=\"lazy\" src=\"https://imgt.taimienphi.vn/cf/Images/2017/3/vi/13/tao-bo-cai-windows-10-8-1-7-tren-cung-usb-4.jpg\" alt=\"cai windows 10, 8.1, 7 tren cung usb\" width=\"425\" height=\"248\" data-original=\"https://imgt.taimienphi.vn/cf/Images/2017/3/vi/13/tao-bo-cai-windows-10-8-1-7-tren-cung-usb-4.jpg\" /></p>\r\n<p><em>Bư</em><em>ớ</em><em>c 3:&nbsp;</em>Ngay sau bước n&agrave;y, 1 bảng th&ocirc;ng số hiện ra cho ph&eacute;p bạn t&ugrave;y chọn USB, định dạng cũng như t&iacute;ch hợp c&aacute;c phi&ecirc;n bản c&agrave;i. Bạn chỉ cần bấm v&agrave;o Định dạng&nbsp;<strong>FAT32&nbsp;</strong>hay&nbsp;<strong>NTFS&nbsp;</strong>v&agrave; sau đ&oacute; t&iacute;ch chọn&nbsp;<strong>T&iacute;ch h</strong><strong>ợ</strong><strong>p c&agrave;i đ</strong><strong>ặ</strong><strong>t WIndows t</strong><strong>ừ</strong><strong>&nbsp;file ISO v&agrave;o&nbsp;</strong><strong>ổ</strong><strong>&nbsp;đĩa&nbsp;</strong>v&agrave; lựa chọn c&aacute;c phi&ecirc;n bản muốn c&agrave;i đặt rồi sau đ&oacute; bấm v&agrave;o&nbsp;<strong>B</strong><strong>ắ</strong><strong>t Đ</strong><strong>ầ</strong><strong>u</strong>.</p>\r\n<p><img class=\"lazy\" src=\"https://imgt.taimienphi.vn/cf/Images/2017/3/vi/13/tao-bo-cai-windows-10-8-1-7-tren-cung-usb-5.jpg\" alt=\"cai windows 10, 8.1, 7 tren cung usb\" width=\"500\" height=\"395\" data-original=\"https://imgt.taimienphi.vn/cf/Images/2017/3/vi/13/tao-bo-cai-windows-10-8-1-7-tren-cung-usb-5.jpg\" /></p>\r\n<p>- Một th&ocirc;ng b&aacute;o nữa hiện ra y&ecirc;u cầu bạn x&aacute;c nhận lại một lần nữa bằng tiếng Việt, nếu đ&acirc;y l&agrave; USB mới kh&ocirc;ng c&oacute; dữ liệu bạn cứ bấm&nbsp;<strong>OK</strong>.</p>\r\n<p><img class=\"lazy\" src=\"https://imgt.taimienphi.vn/cf/Images/2017/3/vi/13/tao-bo-cai-windows-10-8-1-7-tren-cung-usb-6.jpg\" alt=\"cai windows 10, 8.1, 7 tren cung usb\" width=\"450\" height=\"274\" data-original=\"https://imgt.taimienphi.vn/cf/Images/2017/3/vi/13/tao-bo-cai-windows-10-8-1-7-tren-cung-usb-6.jpg\" /></p>\r\n<p>- Qu&aacute; tr&igrave;nh chạy v&agrave; nạp phần mềm để tạo bộ c&agrave;i Windows 10, 8.1, 7 sẽ mất khoảng 1 ph&uacute;t.</p>\r\n<p><img class=\"lazy\" src=\"https://imgt.taimienphi.vn/cf/Images/2017/3/vi/13/tao-bo-cai-windows-10-8-1-7-tren-cung-usb-7.jpg\" alt=\"cai windows 10, 8.1, 7 tren cung usb\" width=\"500\" height=\"108\" data-original=\"https://imgt.taimienphi.vn/cf/Images/2017/3/vi/13/tao-bo-cai-windows-10-8-1-7-tren-cung-usb-7.jpg\" /></p>\r\n<p><em>Bư</em><em>ớ</em><em>c 4:&nbsp;</em>Tiếp theo bạn tải bộ c&agrave;i&nbsp;<a href=\"https://taimienphi.vn/download-creat-wim-files-32766\" target=\"_blank\" rel=\"noopener\"><strong>Creat Wim Files</strong></a>&nbsp;tại đ&acirc;y sau đ&oacute;giải n&eacute;n ra.</p>\r\n<p><img class=\"lazy\" src=\"https://imgt.taimienphi.vn/cf/Images/2017/3/vi/13/tao-bo-cai-windows-10-8-1-7-tren-cung-usb-8.jpg\" alt=\"cai windows 10, 8.1, 7 tren cung usb\" width=\"493\" height=\"229\" data-original=\"https://imgt.taimienphi.vn/cf/Images/2017/3/vi/13/tao-bo-cai-windows-10-8-1-7-tren-cung-usb-8.jpg\" /></p>\r\n<p>- Trong bộ c&agrave;i WIM FILES chia ra rất nhiều c&aacute;c phi&ecirc;n bản, nếu bạn muốn c&agrave;i Windows 10 v&agrave;o trong USB h&atilde;y mở bộ c&agrave;i đ&oacute; ra, c&aacute;ch tr&ecirc;n gi&uacute;p bạn đưa bộ c&agrave;i windows v&agrave;o trong USB sau khi đ&atilde; sử dụng USBHDDBOOT để tạo file boot.</p>\r\n<p><img class=\"lazy\" src=\"https://imgt.taimienphi.vn/cf/Images/2017/3/vi/13/tao-bo-cai-windows-10-8-1-7-tren-cung-usb-9.jpg\" alt=\"cai windows 10, 8.1, 7 tren cung usb\" width=\"400\" height=\"411\" data-original=\"https://imgt.taimienphi.vn/cf/Images/2017/3/vi/13/tao-bo-cai-windows-10-8-1-7-tren-cung-usb-9.jpg\" /></p>\r\n<p><em>Bư</em><em>ớ</em><em>c 5:&nbsp;</em>Như ti&ecirc;u đề b&agrave;i viết, ch&uacute;ng ta sẽ đưa Windows 10, 8.1 v&agrave; 7 v&agrave;o, trong v&iacute; dụ sau đ&acirc;y Taimienphi.vn xin l&agrave;m mẫu việc đưa&nbsp;<strong>Windows 10 64bit&nbsp;</strong>v&agrave;o, lưu &yacute; l&agrave; ch&uacute;ng ta c&oacute; thể lặp lại thao t&aacute;c n&agrave;y bao nhi&ecirc;u lần cũng được. Miễn sao lựa chọn bộ c&agrave;i đ&uacute;ng với phi&ecirc;n bản Windows l&agrave; được. Sau khi mở bộ c&agrave;i hỗ trợ USB HDD BOOT gi&agrave;nh cho phi&ecirc;n bản Windows 10 64bit, bạn ấn v&agrave;o T&igrave;m đến để lựa chọn file Windows 10 64bit đ&atilde; tải về m&aacute;y.</p>\r\n<p><img class=\"lazy\" src=\"https://imgt.taimienphi.vn/cf/Images/2017/3/vi/13/tao-bo-cai-windows-10-8-1-7-tren-cung-usb-10.jpg\" alt=\"cai windows 10, 8.1, 7 tren cung usb\" width=\"500\" height=\"231\" data-original=\"https://imgt.taimienphi.vn/cf/Images/2017/3/vi/13/tao-bo-cai-windows-10-8-1-7-tren-cung-usb-10.jpg\" /></p>\r\n<p>- Lựa chọn ch&iacute;nh x&aacute;c phi&ecirc;n bản Windows 10 64bit rồi&nbsp;<strong>Open</strong>.</p>\r\n<p><img class=\"lazy\" src=\"https://imgt.taimienphi.vn/cf/Images/2017/3/vi/13/tao-bo-cai-windows-10-8-1-7-tren-cung-usb-11.jpg\" alt=\"cai windows 10, 8.1, 7 tren cung usb\" width=\"500\" height=\"305\" data-original=\"https://imgt.taimienphi.vn/cf/Images/2017/3/vi/13/tao-bo-cai-windows-10-8-1-7-tren-cung-usb-11.jpg\" /></p>\r\n<p>- Sau khi lựa chọn ho&agrave;n tất, bầm v&agrave;o&nbsp;<strong>Bắt đầu</strong>&nbsp;để tiến h&agrave;nh sao ch&eacute;p.</p>\r\n<p><img class=\"lazy\" src=\"https://imgt.taimienphi.vn/cf/Images/2017/3/vi/13/tao-bo-cai-windows-10-8-1-7-tren-cung-usb-12.jpg\" alt=\"cai windows 10, 8.1, 7 tren cung usb\" width=\"500\" height=\"231\" data-original=\"https://imgt.taimienphi.vn/cf/Images/2017/3/vi/13/tao-bo-cai-windows-10-8-1-7-tren-cung-usb-12.jpg\" /></p>\r\n<p><em>Bư</em><em>ớ</em><em>c 6:&nbsp;</em>Đợi một l&aacute;t, t&ugrave;y v&agrave;o dung lượng file v&agrave; khi c&oacute; th&ocirc;ng b&aacute;o như h&igrave;nh dưới l&agrave; bạn đ&atilde; c&agrave;i đặt Windows 10 phi&ecirc;n bản 64bit th&agrave;nh c&ocirc;ng.</p>\r\n<p><img class=\"lazy\" src=\"https://imgt.taimienphi.vn/cf/Images/2017/3/vi/13/tao-bo-cai-windows-10-8-1-7-tren-cung-usb-13.jpg\" alt=\"cai windows 10, 8.1, 7 tren cung usb\" width=\"500\" height=\"231\" data-original=\"https://imgt.taimienphi.vn/cf/Images/2017/3/vi/13/tao-bo-cai-windows-10-8-1-7-tren-cung-usb-13.jpg\" /></p>\r\n<p>Bạn cũng c&oacute; thể lặp lại c&aacute;c bước tr&ecirc;n v&agrave; c&agrave;i đặt cho Windows 7, Windows 8. Khi mở lại m&aacute;y t&iacute;nh, bạn v&agrave;o chế dộ BOOT như th&ocirc;ng thường sẽ thấy sự kh&aacute;c biệt.</p>\r\n<p><img class=\"lazy\" src=\"https://imgt.taimienphi.vn/cf/Images/2017/3/vi/13/tao-bo-cai-windows-10-8-1-7-tren-cung-usb-14.jpg\" alt=\"cai windows 10, 8.1, 7 tren cung usb\" width=\"500\" height=\"281\" data-original=\"https://imgt.taimienphi.vn/cf/Images/2017/3/vi/13/tao-bo-cai-windows-10-8-1-7-tren-cung-usb-14.jpg\" /></p>\r\n<p>Giao diện thực tế b&ecirc;n trong</p>\r\n<p><img class=\"lazy\" src=\"https://imgt.taimienphi.vn/cf/Images/2017/3/vi/13/tao-bo-cai-windows-10-8-1-7-tren-cung-usb-15.jpg\" alt=\"cai windows 10, 8.1, 7 tren cung usb\" width=\"500\" height=\"281\" data-original=\"https://imgt.taimienphi.vn/cf/Images/2017/3/vi/13/tao-bo-cai-windows-10-8-1-7-tren-cung-usb-15.jpg\" /></p>\r\n<p>https://thuthuat.taimienphi.vn/tao-bo-cai-windows-10-8-1-7-tren-cung-usb-22138n.aspx<br />Tr&ecirc;n đ&acirc;y Taimienphi.vn đ&atilde; hướng dẫn xong c&aacute;c bạn c&aacute;ch tạo bộ c&agrave;i Windows 10, 8.1, 7 tr&ecirc;n c&ugrave;ng USB. Gi&uacute;p bạn tạo được một bộ c&agrave;i đa năng gi&uacute;p &iacute;ch cho c&ocirc;ng việc c&agrave;i đặt m&aacute;y số lượng lớn. Ngo&agrave;i ra đ&acirc;y cũng l&agrave; một phần mềm t&iacute;ch hợp Boot với nhiều c&ocirc;ng cụ hữu &iacute;ch gi&uacute;p cho c&ocirc;ng việc của bạn. Thay v&igrave; bạn phải sử dụng c&aacute;c phần mềm&nbsp;<a href=\"https://thuthuat.taimienphi.vn/tao-usb-boot-voi-hirens-boot-954n.aspx\">tạo Boot</a>&nbsp;c&agrave;i Win bằng USB. Cũng giống như top c&aacute;c phần mềm&nbsp;<strong><a href=\"https://thuthuat.taimienphi.vn/phan-mem-tao-boot-cai-win-7-bang-usb-15767n.aspx\">tạo Boot c&agrave;i Win 7 bằng USB</a></strong>&nbsp;m&agrave; Taimienphi.vn đ&atilde; giới thiệu ở b&agrave;i viết trước.</p>\r\n</div>','Thẻ Meta Title [vi]','Cannonical Link [vi]','https://thuthuat.taimienphi.vn/tao-bo-cai-windows-10-8-1-7-tren-cung-usb-22138n.aspx','Thẻ Meta Keyword [vi]',NULL);
/*!40000 ALTER TABLE `documents_translations` ENABLE KEYS */;
UNLOCK TABLES;

--
-- Table structure for table `faqs`
--

DROP TABLE IF EXISTS `faqs`;
/*!40101 SET @saved_cs_client     = @@character_set_client */;
/*!40101 SET character_set_client = utf8 */;
CREATE TABLE `faqs` (
  `id` int(10) unsigned NOT NULL AUTO_INCREMENT,
  `name` varchar(191) COLLATE utf8mb4_unicode_ci DEFAULT NULL,
  `phone` varchar(191) COLLATE utf8mb4_unicode_ci DEFAULT NULL,
  `email` varchar(191) COLLATE utf8mb4_unicode_ci DEFAULT NULL,
  `message` text COLLATE utf8mb4_unicode_ci DEFAULT NULL,
  `created_at` timestamp NULL DEFAULT NULL,
  `updated_at` timestamp NULL DEFAULT NULL,
  `deleted_at` timestamp NULL DEFAULT NULL,
  PRIMARY KEY (`id`)
) ENGINE=InnoDB AUTO_INCREMENT=4 DEFAULT CHARSET=utf8mb4 COLLATE=utf8mb4_unicode_ci;
/*!40101 SET character_set_client = @saved_cs_client */;

--
-- Dumping data for table `faqs`
--

LOCK TABLES `faqs` WRITE;
/*!40000 ALTER TABLE `faqs` DISABLE KEYS */;
INSERT INTO `faqs` VALUES (1,'Jsjd','Djjd','Djjd','Djdjjd','2021-08-22 04:10:36','2021-08-22 04:10:36',NULL),(2,'Dnjd','Xjdj','Xjjd','Xnnd','2021-08-22 04:38:56','2021-08-22 04:38:56',NULL),(3,'Roy Farmer','7344768077','roy@bbbrandsglobal.com','I am interested in BIM projects','2022-05-25 06:03:50','2022-05-25 06:03:50',NULL);
/*!40000 ALTER TABLE `faqs` ENABLE KEYS */;
UNLOCK TABLES;

--
-- Table structure for table `ltm_translations`
--

DROP TABLE IF EXISTS `ltm_translations`;
/*!40101 SET @saved_cs_client     = @@character_set_client */;
/*!40101 SET character_set_client = utf8 */;
CREATE TABLE `ltm_translations` (
  `id` bigint(20) unsigned NOT NULL AUTO_INCREMENT,
  `status` int(11) NOT NULL DEFAULT 0,
  `locale` varchar(191) COLLATE utf8mb4_bin NOT NULL,
  `group` varchar(191) COLLATE utf8mb4_bin NOT NULL,
  `key` text COLLATE utf8mb4_bin NOT NULL,
  `value` text COLLATE utf8mb4_bin DEFAULT NULL,
  `created_at` timestamp NULL DEFAULT NULL,
  `updated_at` timestamp NULL DEFAULT NULL,
  PRIMARY KEY (`id`)
) ENGINE=InnoDB AUTO_INCREMENT=2592 DEFAULT CHARSET=utf8mb4 COLLATE=utf8mb4_bin;
/*!40101 SET character_set_client = @saved_cs_client */;

--
-- Dumping data for table `ltm_translations`
--

LOCK TABLES `ltm_translations` WRITE;
/*!40000 ALTER TABLE `ltm_translations` DISABLE KEYS */;
INSERT INTO `ltm_translations` VALUES (1464,0,'vi','strings','frontend.user.email_changed_notice',NULL,'2021-08-17 00:25:17','2021-08-17 00:25:17'),(1465,0,'vi','strings','frontend.user.profile_updated',NULL,'2021-08-17 00:25:17','2021-08-17 00:25:17'),(1466,0,'vi','menus','backend.log-viewer.main',NULL,'2021-08-17 00:25:17','2021-08-17 00:25:17'),(1467,0,'vi','history','backend.permissions.created',NULL,'2021-08-17 00:25:17','2021-08-17 00:25:17'),(1468,0,'vi','history','backend.permissions.updated',NULL,'2021-08-17 00:25:17','2021-08-17 00:25:17'),(1469,0,'vi','history','backend.permissions.deleted',NULL,'2021-08-17 00:25:17','2021-08-17 00:25:17'),(1470,0,'vi','history','backend.roles.created',NULL,'2021-08-17 00:25:17','2021-08-17 00:25:17'),(1471,0,'vi','history','backend.roles.updated',NULL,'2021-08-17 00:25:17','2021-08-17 00:25:17'),(1472,0,'vi','history','backend.roles.deleted',NULL,'2021-08-17 00:25:17','2021-08-17 00:25:17'),(1473,0,'vi','history','backend.users.created',NULL,'2021-08-17 00:25:18','2021-08-17 00:25:18'),(1474,0,'vi','history','backend.users.updated',NULL,'2021-08-17 00:25:18','2021-08-17 00:25:18'),(1475,0,'vi','history','backend.users.deleted',NULL,'2021-08-17 00:25:18','2021-08-17 00:25:18'),(1476,0,'vi','history','backend.users.restored',NULL,'2021-08-17 00:25:18','2021-08-17 00:25:18'),(1477,0,'vi','history','backend.users.permanently_deleted',NULL,'2021-08-17 00:25:18','2021-08-17 00:25:18'),(1478,0,'vi','history','backend.users.changed_password',NULL,'2021-08-17 00:25:18','2021-08-17 00:25:18'),(1479,0,'vi','history','backend.users.deactivated',NULL,'2021-08-17 00:25:18','2021-08-17 00:25:18'),(1480,0,'vi','history','backend.users.reactivated',NULL,'2021-08-17 00:25:18','2021-08-17 00:25:18'),(1481,0,'vi','datatable','strings',NULL,'2021-08-17 00:25:18','2021-08-17 00:25:18'),(1482,0,'vi','validation','attributes.backend.banners.title1',NULL,'2021-08-17 00:25:18','2021-08-17 00:25:18'),(1483,0,'vi','validation','attributes.backend.banners.title2',NULL,'2021-08-17 00:25:18','2021-08-17 00:25:18'),(1484,0,'vi','labels','backend.banners.management',NULL,'2021-08-17 00:25:18','2021-08-17 00:25:18'),(1485,0,'vi','labels','backend.banners.edit',NULL,'2021-08-17 00:25:18','2021-08-17 00:25:18'),(1486,0,'vi','labels','backend.banners.table.title1',NULL,'2021-08-17 00:25:18','2021-08-17 00:25:18'),(1487,0,'vi','labels','backend.banners.table.featured_image',NULL,'2021-08-17 00:25:18','2021-08-17 00:25:18'),(1488,0,'vi','labels','backend.banners.create',NULL,'2021-08-17 00:25:18','2021-08-17 00:25:18'),(1489,0,'vi','frontend','products.related_products',NULL,'2021-08-17 00:25:18','2021-08-17 00:25:18'),(1490,0,'vi','frontend','products.related_products_subtitle',NULL,'2021-08-17 00:25:18','2021-08-17 00:25:18'),(1491,0,'vi','frontend','common.detail_info',NULL,'2021-08-17 00:25:18','2021-08-17 00:25:18'),(1492,0,'vi','frontend','page.products',NULL,'2021-08-17 00:25:18','2021-08-17 00:25:18'),(1493,0,'vi','frontend','products.title',NULL,'2021-08-17 00:25:18','2021-08-17 00:25:18'),(1494,0,'vi','frontend','common.category',NULL,'2021-08-17 00:25:18','2021-08-17 00:25:18'),(1495,0,'vi','frontend','products.search_keyword',NULL,'2021-08-17 00:25:18','2021-08-17 00:25:18'),(1496,0,'vi','frontend','products.subtitle',NULL,'2021-08-17 00:25:18','2021-08-17 00:25:18'),(1497,0,'vi','frontend','common.no_data',NULL,'2021-08-17 00:25:18','2021-08-17 00:25:18'),(1498,0,'vi','frontend','common.search',NULL,'2021-08-17 00:25:18','2021-08-17 00:25:18'),(1499,0,'vi','frontend','faq_form.name',NULL,'2021-08-17 00:25:18','2021-08-17 00:25:18'),(1500,0,'vi','frontend','faq_form.email',NULL,'2021-08-17 00:25:18','2021-08-17 00:25:18'),(1501,0,'vi','frontend','faq_form.phone',NULL,'2021-08-17 00:25:18','2021-08-17 00:25:18'),(1502,0,'vi','frontend','faq_form.message',NULL,'2021-08-17 00:25:18','2021-08-17 00:25:18'),(1503,0,'vi','frontend','faq_form.submit',NULL,'2021-08-17 00:25:18','2021-08-17 00:25:18'),(1504,0,'vi','frontend','footer.service',NULL,'2021-08-17 00:25:18','2021-08-17 00:25:18'),(1505,0,'vi','frontend','page.home',NULL,'2021-08-17 00:25:18','2021-08-17 00:25:18'),(1506,0,'vi','frontend','page.contact_us',NULL,'2021-08-17 00:25:18','2021-08-17 00:25:18'),(1507,0,'vi','frontend','page.projects',NULL,'2021-08-17 00:25:18','2021-08-17 00:25:18'),(1508,0,'vi','frontend','page.blogs',NULL,'2021-08-17 00:25:18','2021-08-17 00:25:18'),(1509,0,'vi','frontend','footer.contact_info',NULL,'2021-08-17 00:25:18','2021-08-17 00:25:18'),(1510,0,'vi','frontend','blogs.title',NULL,'2021-08-17 00:25:18','2021-08-17 00:25:18'),(1511,0,'vi','frontend','blogs.search_tag',NULL,'2021-08-17 00:25:18','2021-08-17 00:25:18'),(1512,0,'vi','frontend','blogs.search_keyword',NULL,'2021-08-17 00:25:18','2021-08-17 00:25:18'),(1513,0,'vi','frontend','blogs.subtitle',NULL,'2021-08-17 00:25:18','2021-08-17 00:25:18'),(1514,0,'vi','frontend','common.search_placeholder',NULL,'2021-08-17 00:25:18','2021-08-17 00:25:18'),(1515,0,'vi','frontend','blogs.related_blog',NULL,'2021-08-17 00:25:18','2021-08-17 00:25:18'),(1516,0,'vi','frontend','common.address',NULL,'2021-08-17 00:25:18','2021-08-17 00:25:18'),(1517,0,'vi','frontend','common.mobile',NULL,'2021-08-17 00:25:18','2021-08-17 00:25:18'),(1518,0,'vi','frontend','projects.title',NULL,'2021-08-17 00:25:18','2021-08-17 00:25:18'),(1519,0,'vi','frontend','projects.search_tag',NULL,'2021-08-17 00:25:18','2021-08-17 00:25:18'),(1520,0,'vi','frontend','projects.search_keyword',NULL,'2021-08-17 00:25:18','2021-08-17 00:25:18'),(1521,0,'vi','frontend','projects.subtitle',NULL,'2021-08-17 00:25:18','2021-08-17 00:25:18'),(1522,0,'vi','frontend','projects.related_project',NULL,'2021-08-17 00:25:18','2021-08-17 00:25:18'),(1523,0,'vi','frontend','documents.title',NULL,'2021-08-17 00:25:18','2021-08-17 00:25:18'),(1524,0,'vi','frontend','common.link_download_title',NULL,'2021-08-17 00:25:18','2021-08-17 00:25:18'),(1525,0,'vi','frontend','common.link_download',NULL,'2021-08-17 00:25:18','2021-08-17 00:25:18'),(1526,0,'vi','frontend','documents.search_keyword',NULL,'2021-08-17 00:25:18','2021-08-17 00:25:18'),(1527,0,'vi','frontend','documents.subtitle',NULL,'2021-08-17 00:25:18','2021-08-17 00:25:18'),(1528,0,'vi','frontend','documents.related_document',NULL,'2021-08-17 00:25:18','2021-08-17 00:25:18'),(1529,0,'vi','_json','bạn không có quyền truy cập',NULL,'2021-08-17 00:25:18','2021-08-17 00:25:18'),(1530,0,'vi','_json','Session Timeout',NULL,'2021-08-17 00:25:18','2021-08-17 00:25:18'),(1531,0,'vi','_json','phút',NULL,'2021-08-17 00:25:18','2021-08-17 00:25:18'),(1532,0,'vi','_json','Cập nhật Profile thành công',NULL,'2021-08-17 00:25:18','2021-08-17 00:25:18'),(1533,0,'vi','_json','Thêm mới thành công',NULL,'2021-08-17 00:25:18','2021-08-17 00:25:18'),(1534,0,'vi','_json','Cập nhật thành công',NULL,'2021-08-17 00:25:18','2021-08-17 00:25:18'),(1535,0,'vi','_json','Xóa thành công',NULL,'2021-08-17 00:25:18','2021-08-17 00:25:18'),(1536,0,'vi','_json','Tất cả',NULL,'2021-08-17 00:25:18','2021-08-17 00:25:18'),(1537,0,'vi','_json','Đã cập nhật mật khẩu',NULL,'2021-08-17 00:25:18','2021-08-17 00:25:18'),(1538,0,'vi','_json','Đã xóa sesion',NULL,'2021-08-17 00:25:18','2021-08-17 00:25:18'),(1539,0,'vi','_json','Khôi phục tài khoản',NULL,'2021-08-17 00:25:18','2021-08-17 00:25:18'),(1540,0,'vi','_json','Chỉnh sửa thành công',NULL,'2021-08-17 00:25:18','2021-08-17 00:25:18'),(1541,0,'vi','_json','User chưa được activated',NULL,'2021-08-17 00:25:18','2021-08-17 00:25:18'),(1542,0,'vi','_json','Đăng nhập sai. Vui lòng thử lại',NULL,'2021-08-17 00:25:18','2021-08-17 00:25:18'),(1543,0,'vi','_json','Bạn không có quyền truy cập',NULL,'2021-08-17 00:25:18','2021-08-17 00:25:18'),(1544,0,'vi','_json','Quản lý danh mục dịch vụ/dự án',NULL,'2021-08-17 00:25:18','2021-08-17 00:25:18'),(1545,0,'vi','_json','Thêm mới danh mục dịch vụ/dự án',NULL,'2021-08-17 00:25:18','2021-08-17 00:25:18'),(1546,0,'vi','_json','Chỉnh sửa danh mục dịch vụ/dự án',NULL,'2021-08-17 00:25:18','2021-08-17 00:25:18'),(1547,0,'vi','_json','Quản lý user',NULL,'2021-08-17 00:25:18','2021-08-17 00:25:18'),(1548,0,'vi','_json','Deactivated user',NULL,'2021-08-17 00:25:18','2021-08-17 00:25:18'),(1549,0,'vi','_json','Xóa user',NULL,'2021-08-17 00:25:18','2021-08-17 00:25:18'),(1550,0,'vi','_json','Thêm mới user',NULL,'2021-08-17 00:25:18','2021-08-17 00:25:18'),(1551,0,'vi','_json','Hiển thị user',NULL,'2021-08-17 00:25:18','2021-08-17 00:25:18'),(1552,0,'vi','_json','Chỉnh sửa user',NULL,'2021-08-17 00:25:18','2021-08-17 00:25:18'),(1553,0,'vi','_json','Thay đổi password',NULL,'2021-08-17 00:25:18','2021-08-17 00:25:18'),(1554,0,'vi','_json','Quản lý Role',NULL,'2021-08-17 00:25:18','2021-08-17 00:25:18'),(1555,0,'vi','_json','Chỉnh sửa Role',NULL,'2021-08-17 00:25:18','2021-08-17 00:25:18'),(1556,0,'vi','_json','Quản lý permission',NULL,'2021-08-17 00:25:18','2021-08-17 00:25:18'),(1557,0,'vi','_json','Thêm mới permission',NULL,'2021-08-17 00:25:18','2021-08-17 00:25:18'),(1558,0,'vi','_json','Chỉnh sửa permission',NULL,'2021-08-17 00:25:18','2021-08-17 00:25:18'),(1559,0,'vi','_json','Settings',NULL,'2021-08-17 00:25:18','2021-08-17 00:25:18'),(1560,0,'vi','_json','Quản lý danh mục sản phẩm',NULL,'2021-08-17 00:25:18','2021-08-17 00:25:18'),(1561,0,'vi','_json','Thêm mới danh mục sản phẩm',NULL,'2021-08-17 00:25:18','2021-08-17 00:25:18'),(1562,0,'vi','_json','Chỉnh sửa danh mục sản phẩm',NULL,'2021-08-17 00:25:18','2021-08-17 00:25:18'),(1563,0,'vi','_json','Quản lý dịch vụ dự án',NULL,'2021-08-17 00:25:18','2021-08-17 00:25:18'),(1564,0,'vi','_json','Thêm mới dịch vụ / dự án',NULL,'2021-08-17 00:25:18','2021-08-17 00:25:18'),(1565,0,'vi','_json','Quản lý đối tác',NULL,'2021-08-17 00:25:18','2021-08-17 00:25:18'),(1566,0,'vi','_json','Thêm mới đối tác',NULL,'2021-08-17 00:25:18','2021-08-17 00:25:18'),(1567,0,'vi','_json','Chỉnh sửa đối tác',NULL,'2021-08-17 00:25:18','2021-08-17 00:25:18'),(1568,0,'vi','_json','Quản lý bài viết',NULL,'2021-08-17 00:25:18','2021-08-17 00:25:18'),(1569,0,'vi','_json','Thêm mới bài viết',NULL,'2021-08-17 00:25:18','2021-08-17 00:25:18'),(1570,0,'vi','_json','Chỉnh sửa bài viết',NULL,'2021-08-17 00:25:18','2021-08-17 00:25:18'),(1571,0,'vi','_json','Log-viewer',NULL,'2021-08-17 00:25:18','2021-08-17 00:25:18'),(1572,0,'vi','_json','Dashboard',NULL,'2021-08-17 00:25:18','2021-08-17 00:25:18'),(1573,0,'vi','_json','Quản lý banner',NULL,'2021-08-17 00:25:18','2021-08-17 00:25:18'),(1574,0,'vi','_json','Thêm mới banner',NULL,'2021-08-17 00:25:18','2021-08-17 00:25:18'),(1575,0,'vi','_json','Cnt',NULL,'2021-08-17 00:25:18','2021-08-17 00:25:18'),(1576,0,'vi','_json','Quản lý tài liệu',NULL,'2021-08-17 00:25:18','2021-08-17 00:25:18'),(1577,0,'vi','_json','Thêm mới tài liệu',NULL,'2021-08-17 00:25:18','2021-08-17 00:25:18'),(1578,0,'vi','_json','Chỉnh sửa tài liệu',NULL,'2021-08-17 00:25:19','2021-08-17 00:25:19'),(1579,0,'vi','_json','Quản lý tag bài viết',NULL,'2021-08-17 00:25:19','2021-08-17 00:25:19'),(1580,0,'vi','_json','Thêm mới tag bài viết',NULL,'2021-08-17 00:25:19','2021-08-17 00:25:19'),(1581,0,'vi','_json','Chỉnh sửa tag bài viết',NULL,'2021-08-17 00:25:19','2021-08-17 00:25:19'),(1582,0,'vi','_json','Quản lý sản phẩm',NULL,'2021-08-17 00:25:19','2021-08-17 00:25:19'),(1583,0,'vi','_json','Thêm mới sản phẩm',NULL,'2021-08-17 00:25:19','2021-08-17 00:25:19'),(1584,0,'vi','_json','Chỉnh sửa sản phầm',NULL,'2021-08-17 00:25:19','2021-08-17 00:25:19'),(1585,0,'vi','_json','Quản lý danh mục bài viết',NULL,'2021-08-17 00:25:19','2021-08-17 00:25:19'),(1586,0,'vi','_json','Thêm mới danh mục bài viết',NULL,'2021-08-17 00:25:19','2021-08-17 00:25:19'),(1587,0,'vi','_json','Chỉnh sửa danh mục bài viết',NULL,'2021-08-17 00:25:19','2021-08-17 00:25:19'),(1588,0,'vi','_json','Quản lý phản hồi',NULL,'2021-08-17 00:25:19','2021-08-17 00:25:19'),(1589,0,'vi','_json','Quản lý danh mục tài liệu',NULL,'2021-08-17 00:25:19','2021-08-17 00:25:19'),(1590,0,'vi','_json','Thêm mới danh mục tài liệu',NULL,'2021-08-17 00:25:19','2021-08-17 00:25:19'),(1591,0,'vi','_json','Chỉnh sửa danh mục tài liệu',NULL,'2021-08-17 00:25:19','2021-08-17 00:25:19'),(1592,0,'vi','_json','Đã tồn tại',NULL,'2021-08-17 00:25:19','2021-08-17 00:25:19'),(1593,0,'vi','_json','Không thể thêm mới',NULL,'2021-08-17 00:25:19','2021-08-17 00:25:19'),(1594,0,'vi','_json','Không thể cập nhật',NULL,'2021-08-17 00:25:19','2021-08-17 00:25:19'),(1595,0,'vi','_json','Không thể xóa',NULL,'2021-08-17 00:25:19','2021-08-17 00:25:19'),(1596,0,'vi','_json','Bạn phải chọn ít nhất một permission cho role này.',NULL,'2021-08-17 00:25:19','2021-08-17 00:25:19'),(1597,0,'vi','_json','Không thể xóa Admin role',NULL,'2021-08-17 00:25:19','2021-08-17 00:25:19'),(1598,0,'vi','_json','Bạn không thể xóa role với những người dùng được liên kết',NULL,'2021-08-17 00:25:19','2021-08-17 00:25:19'),(1599,0,'vi','_json','Bạn phải chọn ít nhất 1 role',NULL,'2021-08-17 00:25:19','2021-08-17 00:25:19'),(1600,0,'vi','_json','Không thể cập nhật password',NULL,'2021-08-17 00:25:19','2021-08-17 00:25:19'),(1601,0,'vi','_json','Nhập sai mật khẩu cũ',NULL,'2021-08-17 00:25:19','2021-08-17 00:25:19'),(1602,0,'vi','_json','Không thể tự xóa',NULL,'2021-08-17 00:25:19','2021-08-17 00:25:19'),(1603,0,'vi','_json','Không thể xóa admin',NULL,'2021-08-17 00:25:19','2021-08-17 00:25:19'),(1604,0,'vi','_json','Người dùng này phải được xóa đầu tiên trước khi nó có thể bị hủy vĩnh viễn',NULL,'2021-08-17 00:25:19','2021-08-17 00:25:19'),(1605,0,'vi','_json','Người dùng này không bị xóa nên không thể khôi phục được.',NULL,'2021-08-17 00:25:19','2021-08-17 00:25:19'),(1606,0,'vi','_json','Không thể khôi phục',NULL,'2021-08-17 00:25:19','2021-08-17 00:25:19'),(1607,0,'vi','_json','Không thể tự làm điều này',NULL,'2021-08-17 00:25:19','2021-08-17 00:25:19'),(1608,0,'vi','_json','Có lỗi khi cập nhật user',NULL,'2021-08-17 00:25:19','2021-08-17 00:25:19'),(1609,0,'vi','_json','Email đã được sử dụng',NULL,'2021-08-17 00:25:19','2021-08-17 00:25:19'),(1610,0,'vi','_json','Phải chọn ít nhất 1 role',NULL,'2021-08-17 00:25:19','2021-08-17 00:25:19'),(1611,0,'vi','_json','You can not delete your own session.',NULL,'2021-08-17 00:25:19','2021-08-17 00:25:19'),(1612,0,'vi','_json','Your session driver must be set to database to use this feature.',NULL,'2021-08-17 00:25:19','2021-08-17 00:25:19'),(1613,0,'vi','_json','Trang không tồn tại',NULL,'2021-08-17 00:25:19','2021-08-17 00:25:19'),(1614,0,'vi','_json','Email đã được chọn',NULL,'2021-08-17 00:25:19','2021-08-17 00:25:19'),(1615,0,'vi','_json','Hủy',NULL,'2021-08-17 00:25:19','2021-08-17 00:25:19'),(1616,0,'vi','_json','Xóa',NULL,'2021-08-17 00:25:19','2021-08-17 00:25:19'),(1617,0,'vi','_json','Bạn chắc chứ',NULL,'2021-08-17 00:25:19','2021-08-17 00:25:19'),(1618,0,'vi','_json','Hoạt động',NULL,'2021-08-17 00:25:19','2021-08-17 00:25:19'),(1619,0,'vi','_json','Không hoạt động',NULL,'2021-08-17 00:25:19','2021-08-17 00:25:19'),(1620,0,'vi','_json','Đồng ý',NULL,'2021-08-17 00:25:19','2021-08-17 00:25:19'),(1621,0,'vi','_json','Không đồng ý',NULL,'2021-08-17 00:25:19','2021-08-17 00:25:19'),(1622,0,'vi','_json','Đổi mật khẩu',NULL,'2021-08-17 00:25:19','2021-08-17 00:25:19'),(1623,0,'vi','_json','Active người dùng',NULL,'2021-08-17 00:25:19','2021-08-17 00:25:19'),(1624,0,'vi','_json','Deactive người dùng',NULL,'2021-08-17 00:25:19','2021-08-17 00:25:19'),(1625,0,'vi','_json','Khôi phục người dùng',NULL,'2021-08-17 00:25:19','2021-08-17 00:25:19'),(1626,0,'vi','_json','Xóa vĩnh viễn',NULL,'2021-08-17 00:25:19','2021-08-17 00:25:19'),(1627,0,'vi','_json','Login as ',NULL,'2021-08-17 00:25:19','2021-08-17 00:25:19'),(1628,0,'vi','_json','Tiếp tục',NULL,'2021-08-17 00:25:19','2021-08-17 00:25:19'),(1629,0,'vi','_json','Xóa session',NULL,'2021-08-17 00:25:19','2021-08-17 00:25:19'),(1630,0,'vi','_json','Hiển thị',NULL,'2021-08-17 00:25:19','2021-08-17 00:25:19'),(1631,0,'vi','_json','Không  hiển  thị',NULL,'2021-08-17 00:25:19','2021-08-17 00:25:19'),(1632,0,'vi','_json','Hoạt động',NULL,'2021-08-17 00:25:19','2021-08-17 00:25:19'),(1633,0,'vi','_json','Không hoạt động',NULL,'2021-08-17 00:25:19','2021-08-17 00:25:19'),(1634,0,'vi','_json','Forbidden',NULL,'2021-08-17 00:25:19','2021-08-17 00:25:19'),(1635,0,'vi','_json','Not Found',NULL,'2021-08-17 00:25:19','2021-08-17 00:25:19'),(1636,0,'vi','_json','Unauthorized',NULL,'2021-08-17 00:25:19','2021-08-17 00:25:19'),(1637,0,'vi','_json','Page Expired',NULL,'2021-08-17 00:25:19','2021-08-17 00:25:19'),(1638,0,'vi','_json','Server Error',NULL,'2021-08-17 00:25:19','2021-08-17 00:25:19'),(1639,0,'vi','_json','Too Many Requests',NULL,'2021-08-17 00:25:19','2021-08-17 00:25:19'),(1640,0,'vi','_json','Oh no',NULL,'2021-08-17 00:25:19','2021-08-17 00:25:19'),(1641,0,'vi','_json','Go Home',NULL,'2021-08-17 00:25:19','2021-08-17 00:25:19'),(1642,0,'vi','_json','Service Unavailable',NULL,'2021-08-17 00:25:19','2021-08-17 00:25:19'),(1643,0,'vi','_json','Tiếng anh',NULL,'2021-08-17 00:25:19','2021-08-17 00:25:19'),(1644,0,'vi','_json','Tiếng việt',NULL,'2021-08-17 00:25:19','2021-08-17 00:25:19'),(1645,0,'vi','_json','Tên đối tác',NULL,'2021-08-17 00:25:19','2021-08-17 00:25:19'),(1646,0,'vi','_json','Trạng thái',NULL,'2021-08-17 00:25:19','2021-08-17 00:25:19'),(1647,0,'vi','_json','Ảnh đối tác',NULL,'2021-08-17 00:25:19','2021-08-17 00:25:19'),(1648,0,'vi','_json','Chọn file',NULL,'2021-08-17 00:25:19','2021-08-17 00:25:19'),(1649,0,'vi','_json','Quản lý đối tác',NULL,'2021-08-17 00:25:19','2021-08-17 00:25:19'),(1650,0,'vi','_json','Chỉnh sửa đối tác',NULL,'2021-08-17 00:25:19','2021-08-17 00:25:19'),(1651,0,'vi','_json','Cập nhật',NULL,'2021-08-17 00:25:19','2021-08-17 00:25:19'),(1652,0,'vi','_json','Ảnh',NULL,'2021-08-17 00:25:19','2021-08-17 00:25:19'),(1653,0,'vi','_json','Người tạo',NULL,'2021-08-17 00:25:19','2021-08-17 00:25:19'),(1654,0,'vi','_json','Ngày tạo',NULL,'2021-08-17 00:25:19','2021-08-17 00:25:19'),(1655,0,'vi','_json','Hành động',NULL,'2021-08-17 00:25:19','2021-08-17 00:25:19'),(1656,0,'vi','_json','Thêm mới',NULL,'2021-08-17 00:25:19','2021-08-17 00:25:19'),(1657,0,'vi','_json','Tất cả',NULL,'2021-08-17 00:25:19','2021-08-17 00:25:19'),(1658,0,'vi','_json','Thêm mới đối tác',NULL,'2021-08-17 00:25:19','2021-08-17 00:25:19'),(1659,0,'vi','_json','Thêm mới',NULL,'2021-08-17 00:25:19','2021-08-17 00:25:19'),(1660,0,'vi','_json','Tên danh mục',NULL,'2021-08-17 00:25:19','2021-08-17 00:25:19'),(1661,0,'vi','_json','Slug',NULL,'2021-08-17 00:25:19','2021-08-17 00:25:19'),(1662,0,'vi','_json','Sort',NULL,'2021-08-17 00:25:19','2021-08-17 00:25:19'),(1663,0,'vi','_json','Quản lý danh mục tài liệu',NULL,'2021-08-17 00:25:19','2021-08-17 00:25:19'),(1664,0,'vi','_json','Chỉnh sửa danh mục tài liệu',NULL,'2021-08-17 00:25:19','2021-08-17 00:25:19'),(1665,0,'vi','_json','Thêm mới danh mục tài liệu',NULL,'2021-08-17 00:25:19','2021-08-17 00:25:19'),(1666,0,'vi','_json','Danh mục',NULL,'2021-08-17 00:25:19','2021-08-17 00:25:19'),(1667,0,'vi','_json','Cấu hình',NULL,'2021-08-17 00:25:19','2021-08-17 00:25:19'),(1668,0,'vi','_json','Ngày phát hành',NULL,'2021-08-17 00:25:19','2021-08-17 00:25:19'),(1669,0,'vi','_json','Ảnh chính',NULL,'2021-08-17 00:25:19','2021-08-17 00:25:19'),(1670,0,'vi','_json','Link download ',NULL,'2021-08-17 00:25:19','2021-08-17 00:25:19'),(1671,0,'vi','_json','Seo',NULL,'2021-08-17 00:25:19','2021-08-17 00:25:19'),(1672,0,'vi','_json','Quản lý tài liệu',NULL,'2021-08-17 00:25:19','2021-08-17 00:25:19'),(1673,0,'vi','_json','Chỉnh sửa tài liệu',NULL,'2021-08-17 00:25:19','2021-08-17 00:25:19'),(1674,0,'vi','_json','Tên tài liệu',NULL,'2021-08-17 00:25:19','2021-08-17 00:25:19'),(1675,0,'vi','_json','Publish',NULL,'2021-08-17 00:25:19','2021-08-17 00:25:19'),(1676,0,'vi','_json','Tên bài viết',NULL,'2021-08-17 00:25:19','2021-08-17 00:25:19'),(1677,0,'vi','_json','Nội dung',NULL,'2021-08-17 00:25:19','2021-08-17 00:25:19'),(1678,0,'vi','_json','Meta title',NULL,'2021-08-17 00:25:19','2021-08-17 00:25:19'),(1679,0,'vi','_json','Cannonical link',NULL,'2021-08-17 00:25:19','2021-08-17 00:25:19'),(1680,0,'vi','_json','Meta keywords',NULL,'2021-08-17 00:25:19','2021-08-17 00:25:19'),(1681,0,'vi','_json','Meta description',NULL,'2021-08-17 00:25:19','2021-08-17 00:25:19'),(1682,0,'vi','_json','Thêm mới  ài liệu',NULL,'2021-08-17 00:25:19','2021-08-17 00:25:19'),(1683,0,'vi','_json','Thêm mới tài liệu',NULL,'2021-08-17 00:25:19','2021-08-17 00:25:19'),(1684,0,'vi','_json','Tên Permission',NULL,'2021-08-17 00:25:19','2021-08-17 00:25:19'),(1685,0,'vi','_json','Tên hiển thị',NULL,'2021-08-17 00:25:19','2021-08-17 00:25:19'),(1686,0,'vi','_json','Quản lý Permission',NULL,'2021-08-17 00:25:19','2021-08-17 00:25:19'),(1687,0,'vi','_json','Chỉnh sửa Permission',NULL,'2021-08-17 00:25:19','2021-08-17 00:25:19'),(1688,0,'vi','_json','Permission',NULL,'2021-08-17 00:25:19','2021-08-17 00:25:19'),(1689,0,'vi','_json','Thêm mới Permission',NULL,'2021-08-17 00:25:19','2021-08-17 00:25:19'),(1690,0,'vi','_json','Deactivated User',NULL,'2021-08-17 00:25:19','2021-08-17 00:25:19'),(1691,0,'vi','_json','First Name',NULL,'2021-08-17 00:25:20','2021-08-17 00:25:20'),(1692,0,'vi','_json','Last Name',NULL,'2021-08-17 00:25:20','2021-08-17 00:25:20'),(1693,0,'vi','_json','Email',NULL,'2021-08-17 00:25:20','2021-08-17 00:25:20'),(1694,0,'vi','_json','Xác nhận',NULL,'2021-08-17 00:25:20','2021-08-17 00:25:20'),(1695,0,'vi','_json','Role',NULL,'2021-08-17 00:25:20','2021-08-17 00:25:20'),(1696,0,'vi','_json','Ngày tạo',NULL,'2021-08-17 00:25:20','2021-08-17 00:25:20'),(1697,0,'vi','_json','Ngày cập nhật',NULL,'2021-08-17 00:25:20','2021-08-17 00:25:20'),(1698,0,'vi','_json','Overview',NULL,'2021-08-17 00:25:20','2021-08-17 00:25:20'),(1699,0,'vi','_json','Chỉnh sửa profile',NULL,'2021-08-17 00:25:20','2021-08-17 00:25:20'),(1700,0,'vi','_json','First name',NULL,'2021-08-17 00:25:20','2021-08-17 00:25:20'),(1701,0,'vi','_json','Last name',NULL,'2021-08-17 00:25:20','2021-08-17 00:25:20'),(1702,0,'vi','_json','User bị xóa',NULL,'2021-08-17 00:25:20','2021-08-17 00:25:20'),(1703,0,'vi','_json','Chắc chắn xóa',NULL,'2021-08-17 00:25:20','2021-08-17 00:25:20'),(1704,0,'vi','_json','Active',NULL,'2021-08-17 00:25:20','2021-08-17 00:25:20'),(1705,0,'vi','_json','Ẩn',NULL,'2021-08-17 00:25:20','2021-08-17 00:25:20'),(1706,0,'vi','_json','Tất cả permission',NULL,'2021-08-17 00:25:20','2021-08-17 00:25:20'),(1707,0,'vi','_json','Không có permission',NULL,'2021-08-17 00:25:20','2021-08-17 00:25:20'),(1708,0,'vi','_json','Không có role',NULL,'2021-08-17 00:25:20','2021-08-17 00:25:20'),(1709,0,'vi','_json','Thay đổi password: ',NULL,'2021-08-17 00:25:20','2021-08-17 00:25:20'),(1710,0,'vi','_json','Mật khẩu cũ',NULL,'2021-08-17 00:25:20','2021-08-17 00:25:20'),(1711,0,'vi','_json','Mật khẩu mới',NULL,'2021-08-17 00:25:20','2021-08-17 00:25:20'),(1712,0,'vi','_json','Nhập lại mật khẩu',NULL,'2021-08-17 00:25:20','2021-08-17 00:25:20'),(1713,0,'vi','_json','Tạo mới user',NULL,'2021-08-17 00:25:20','2021-08-17 00:25:20'),(1714,0,'vi','_json','Gửi email xác nhận',NULL,'2021-08-17 00:25:20','2021-08-17 00:25:20'),(1715,0,'vi','_json','Trạng thái',NULL,'2021-08-17 00:25:20','2021-08-17 00:25:20'),(1716,0,'vi','_json','Ngày xóa',NULL,'2021-08-17 00:25:20','2021-08-17 00:25:20'),(1717,0,'vi','_json','Danh sách',NULL,'2021-08-17 00:25:20','2021-08-17 00:25:20'),(1718,0,'vi','_json','Tên Role',NULL,'2021-08-17 00:25:20','2021-08-17 00:25:20'),(1719,0,'vi','_json','Permissions',NULL,'2021-08-17 00:25:20','2021-08-17 00:25:20'),(1720,0,'vi','_json','Không có permission nào',NULL,'2021-08-17 00:25:20','2021-08-17 00:25:20'),(1721,0,'vi','_json','Số lượng user',NULL,'2021-08-17 00:25:20','2021-08-17 00:25:20'),(1722,0,'vi','_json','Thêm mới Role',NULL,'2021-08-17 00:25:20','2021-08-17 00:25:20'),(1723,0,'vi','_json','Tên role',NULL,'2021-08-17 00:25:20','2021-08-17 00:25:20'),(1724,0,'vi','_json','Custom',NULL,'2021-08-17 00:25:20','2021-08-17 00:25:20'),(1725,0,'vi','_json','Tags',NULL,'2021-08-17 00:25:20','2021-08-17 00:25:20'),(1726,0,'vi','_json','Hiển thị',NULL,'2021-08-17 00:25:20','2021-08-17 00:25:20'),(1727,0,'vi','_json','Quản lý bài viết',NULL,'2021-08-17 00:25:20','2021-08-17 00:25:20'),(1728,0,'vi','_json','Chỉnh sửa bài viết',NULL,'2021-08-17 00:25:20','2021-08-17 00:25:20'),(1729,0,'vi','_json','Hiển thị trên trang chủ',NULL,'2021-08-17 00:25:20','2021-08-17 00:25:20'),(1730,0,'vi','_json','Mô tả',NULL,'2021-08-17 00:25:20','2021-08-17 00:25:20'),(1731,0,'vi','_json','Thêm mới bài viết',NULL,'2021-08-17 00:25:20','2021-08-17 00:25:20'),(1732,0,'vi','_json','Tên',NULL,'2021-08-17 00:25:20','2021-08-17 00:25:20'),(1733,0,'vi','_json','Quản lý tag bài viết',NULL,'2021-08-17 00:25:20','2021-08-17 00:25:20'),(1734,0,'vi','_json','Chỉnh sửa tag bài viết',NULL,'2021-08-17 00:25:20','2021-08-17 00:25:20'),(1735,0,'vi','_json','Thêm mới tag bài viết',NULL,'2021-08-17 00:25:20','2021-08-17 00:25:20'),(1736,0,'vi','_json','Quản lý danh mục bài viết',NULL,'2021-08-17 00:25:20','2021-08-17 00:25:20'),(1737,0,'vi','_json','Chỉnh sửa danh mục bài viết',NULL,'2021-08-17 00:25:20','2021-08-17 00:25:20'),(1738,0,'vi','_json','Tên danh mục bài viết',NULL,'2021-08-17 00:25:20','2021-08-17 00:25:20'),(1739,0,'vi','_json','Thêm mới danh mục bài viết',NULL,'2021-08-17 00:25:20','2021-08-17 00:25:20'),(1740,0,'vi','_json','Toggle Navigation',NULL,'2021-08-17 00:25:20','2021-08-17 00:25:20'),(1741,0,'vi','_json','Thành viên từ',NULL,'2021-08-17 00:25:20','2021-08-17 00:25:20'),(1742,0,'vi','_json','Trang chủ',NULL,'2021-08-17 00:25:20','2021-08-17 00:25:20'),(1743,0,'vi','_json','Đăng xuất',NULL,'2021-08-17 00:25:20','2021-08-17 00:25:20'),(1744,0,'vi','_json','General',NULL,'2021-08-17 00:25:20','2021-08-17 00:25:20'),(1745,0,'vi','_json','System',NULL,'2021-08-17 00:25:20','2021-08-17 00:25:20'),(1746,0,'vi','_json','Log-viewer Dashboard',NULL,'2021-08-17 00:25:20','2021-08-17 00:25:20'),(1747,0,'vi','_json','All Rights Reserved.',NULL,'2021-08-17 00:25:20','2021-08-17 00:25:20'),(1748,0,'vi','_json','Loại',NULL,'2021-08-17 00:25:20','2021-08-17 00:25:20'),(1749,0,'vi','_json','Tên menu',NULL,'2021-08-17 00:25:20','2021-08-17 00:25:20'),(1750,0,'vi','_json','Thêm mới menu',NULL,'2021-08-17 00:25:20','2021-08-17 00:25:20'),(1751,0,'vi','_json','Quản lý menu',NULL,'2021-08-17 00:25:20','2021-08-17 00:25:20'),(1752,0,'vi','_json','Chỉnh sửa menu',NULL,'2021-08-17 00:25:20','2021-08-17 00:25:20'),(1753,0,'vi','_json','Url',NULL,'2021-08-17 00:25:20','2021-08-17 00:25:20'),(1754,0,'vi','_json','Loại url',NULL,'2021-08-17 00:25:20','2021-08-17 00:25:20'),(1755,0,'vi','_json','Route',NULL,'2021-08-17 00:25:20','2021-08-17 00:25:20'),(1756,0,'vi','_json','Static',NULL,'2021-08-17 00:25:20','2021-08-17 00:25:20'),(1757,0,'vi','_json','Mở new tab',NULL,'2021-08-17 00:25:20','2021-08-17 00:25:20'),(1758,0,'vi','_json','Icon Font',NULL,'2021-08-17 00:25:20','2021-08-17 00:25:20'),(1759,0,'vi','_json','Lưu',NULL,'2021-08-17 00:25:20','2021-08-17 00:25:20'),(1760,0,'vi','_json','Thêm menu',NULL,'2021-08-17 00:25:20','2021-08-17 00:25:20'),(1761,0,'vi','_json','Có lỗi xảy ra. Vui lòng thử lại',NULL,'2021-08-17 00:25:20','2021-08-17 00:25:20'),(1762,0,'vi','_json','Quản lý phản hồi',NULL,'2021-08-17 00:25:20','2021-08-17 00:25:20'),(1763,0,'vi','_json','Số điện thoại',NULL,'2021-08-17 00:25:20','2021-08-17 00:25:20'),(1764,0,'vi','_json','Tin nhắn',NULL,'2021-08-17 00:25:20','2021-08-17 00:25:20'),(1765,0,'vi','_json','Chỉnh sửa phản hồi',NULL,'2021-08-17 00:25:20','2021-08-17 00:25:20'),(1766,0,'vi','_json','Ngày phản hồi',NULL,'2021-08-17 00:25:20','2021-08-17 00:25:20'),(1767,0,'vi','_json','Thêm mới phản hồi',NULL,'2021-08-17 00:25:20','2021-08-17 00:25:20'),(1768,0,'vi','_json','Cập nhật',NULL,'2021-08-17 00:25:20','2021-08-17 00:25:20'),(1769,0,'vi','_json','Thông tin chung',NULL,'2021-08-17 00:25:20','2021-08-17 00:25:20'),(1770,0,'vi','_json','Thông tin liên hệ',NULL,'2021-08-17 00:25:20','2021-08-17 00:25:20'),(1771,0,'vi','_json','Nội dung trang chủ',NULL,'2021-08-17 00:25:20','2021-08-17 00:25:20'),(1772,0,'vi','_json','Cấu hình Footer + Header',NULL,'2021-08-17 00:25:20','2021-08-17 00:25:20'),(1773,0,'vi','_json','Cấu hình khác',NULL,'2021-08-17 00:25:20','2021-08-17 00:25:20'),(1774,0,'vi','_json','Trạng thái website',NULL,'2021-08-17 00:25:20','2021-08-17 00:25:20'),(1775,0,'vi','_json','Lưu thay đổi',NULL,'2021-08-17 00:25:20','2021-08-17 00:25:20'),(1776,0,'vi','_json','Cấu hình footer + header',NULL,'2021-08-17 00:25:20','2021-08-17 00:25:20'),(1777,0,'vi','_json','Nội dung',NULL,'2021-08-17 00:25:20','2021-08-17 00:25:20'),(1778,0,'vi','_json','Màu Footer',NULL,'2021-08-17 00:25:20','2021-08-17 00:25:20'),(1779,0,'vi','_json','Màu Header',NULL,'2021-08-17 00:25:20','2021-08-17 00:25:20'),(1780,0,'vi','_json','Section 3: Phần tin tức',NULL,'2021-08-17 00:25:20','2021-08-17 00:25:20'),(1781,0,'vi','_json','Tiêu đề phụ',NULL,'2021-08-17 00:25:20','2021-08-17 00:25:20'),(1782,0,'vi','_json','Tiêu đề chính',NULL,'2021-08-17 00:25:20','2021-08-17 00:25:20'),(1783,0,'vi','_json','Màu background',NULL,'2021-08-17 00:25:20','2021-08-17 00:25:20'),(1784,0,'vi','_json','Section 5: Phần liên hệ',NULL,'2021-08-17 00:25:21','2021-08-17 00:25:21'),(1785,0,'vi','_json','Section 4: Phần đối tác',NULL,'2021-08-17 00:25:21','2021-08-17 00:25:21'),(1786,0,'vi','_json','Section 1: Giới thiệu',NULL,'2021-08-17 00:25:21','2021-08-17 00:25:21'),(1787,0,'vi','_json','Thông tin chi tiết',NULL,'2021-08-17 00:25:21','2021-08-17 00:25:21'),(1788,0,'vi','_json','Mô tả chung',NULL,'2021-08-17 00:25:21','2021-08-17 00:25:21'),(1789,0,'vi','_json','Tính năng ',NULL,'2021-08-17 00:25:21','2021-08-17 00:25:21'),(1790,0,'vi','_json','Mô tả',NULL,'2021-08-17 00:25:21','2021-08-17 00:25:21'),(1791,0,'vi','_json','Ảnh',NULL,'2021-08-17 00:25:21','2021-08-17 00:25:21'),(1792,0,'vi','_json','Section 2: Phần dịch vụ / sản phẩm',NULL,'2021-08-17 00:25:21','2021-08-17 00:25:21'),(1793,0,'vi','_json','Meta Title',NULL,'2021-08-17 00:25:21','2021-08-17 00:25:21'),(1794,0,'vi','_json','Meta Keywords',NULL,'2021-08-17 00:25:21','2021-08-17 00:25:21'),(1795,0,'vi','_json','Meta Desctiption',NULL,'2021-08-17 00:25:21','2021-08-17 00:25:21'),(1796,0,'vi','_json','Favicon',NULL,'2021-08-17 00:25:21','2021-08-17 00:25:21'),(1797,0,'vi','_json','Tỉ lệ 1:1 (32x32, 64x64)',NULL,'2021-08-17 00:25:21','2021-08-17 00:25:21'),(1798,0,'vi','_json','Logo',NULL,'2021-08-17 00:25:21','2021-08-17 00:25:21'),(1799,0,'vi','_json','Tỉ lệ 1:1 (100x100), 3:2 (150 x 100), 3:1 (150 x 50)',NULL,'2021-08-17 00:25:21','2021-08-17 00:25:21'),(1800,0,'vi','_json','Tên công ty',NULL,'2021-08-17 00:25:21','2021-08-17 00:25:21'),(1801,0,'vi','_json','Địa chỉ',NULL,'2021-08-17 00:25:21','2021-08-17 00:25:21'),(1802,0,'vi','_json','Số điện thoại 1',NULL,'2021-08-17 00:25:21','2021-08-17 00:25:21'),(1803,0,'vi','_json','Số điện thoại 2',NULL,'2021-08-17 00:25:21','2021-08-17 00:25:21'),(1804,0,'vi','_json','Email 1',NULL,'2021-08-17 00:25:21','2021-08-17 00:25:21'),(1805,0,'vi','_json','Email 2',NULL,'2021-08-17 00:25:21','2021-08-17 00:25:21'),(1806,0,'vi','_json','Link Facebook',NULL,'2021-08-17 00:25:21','2021-08-17 00:25:21'),(1807,0,'vi','_json','Link Youtube',NULL,'2021-08-17 00:25:21','2021-08-17 00:25:21'),(1808,0,'vi','_json','Link LinkedIn',NULL,'2021-08-17 00:25:21','2021-08-17 00:25:21'),(1809,0,'vi','_json','Google Analytics',NULL,'2021-08-17 00:25:21','2021-08-17 00:25:21'),(1810,0,'vi','_json','Longitude',NULL,'2021-08-17 00:25:21','2021-08-17 00:25:21'),(1811,0,'vi','_json','Google MAP API KEY',NULL,'2021-08-17 00:25:21','2021-08-17 00:25:21'),(1812,0,'vi','_json','Link youtube',NULL,'2021-08-17 00:25:21','2021-08-17 00:25:21'),(1813,0,'vi','_json','Link video',NULL,'2021-08-17 00:25:21','2021-08-17 00:25:21'),(1814,0,'vi','_json','Ảnh phụ',NULL,'2021-08-17 00:25:21','2021-08-17 00:25:21'),(1815,0,'vi','_json','Quản lý sản phẩm',NULL,'2021-08-17 00:25:21','2021-08-17 00:25:21'),(1816,0,'vi','_json','Chỉnh sửa sản phẩm',NULL,'2021-08-17 00:25:21','2021-08-17 00:25:21'),(1817,0,'vi','_json','Tên sản phẩm',NULL,'2021-08-17 00:25:21','2021-08-17 00:25:21'),(1818,0,'vi','_json','Hiển thị lên trang chủ',NULL,'2021-08-17 00:25:21','2021-08-17 00:25:21'),(1819,0,'vi','_json','Tính năng cơ bản',NULL,'2021-08-17 00:25:21','2021-08-17 00:25:21'),(1820,0,'vi','_json','Chi tiết tính năng',NULL,'2021-08-17 00:25:21','2021-08-17 00:25:21'),(1821,0,'vi','_json','Thêm mới sản phẩm',NULL,'2021-08-17 00:25:21','2021-08-17 00:25:21'),(1822,0,'vi','_json','Ảnh đại diện',NULL,'2021-08-17 00:25:21','2021-08-17 00:25:21'),(1823,0,'vi','_json','Quản lý danh mục sản phẩm',NULL,'2021-08-17 00:25:21','2021-08-17 00:25:21'),(1824,0,'vi','_json','Chỉnh sửa danh mục sản phẩm',NULL,'2021-08-17 00:25:21','2021-08-17 00:25:21'),(1825,0,'vi','_json','Thêm mới danh mục sản phẩm',NULL,'2021-08-17 00:25:21','2021-08-17 00:25:21'),(1826,0,'vi','_json','Quản lý danh mục dịch vụ dự án',NULL,'2021-08-17 00:25:21','2021-08-17 00:25:21'),(1827,0,'vi','_json','Chỉnh sửa danh mục dịch vụ dự án',NULL,'2021-08-17 00:25:21','2021-08-17 00:25:21'),(1828,0,'vi','_json','Quản lý dịch vụ dự án',NULL,'2021-08-17 00:25:21','2021-08-17 00:25:21'),(1829,0,'vi','_json','Thêm mới dịch vụ dự án',NULL,'2021-08-17 00:25:21','2021-08-17 00:25:21'),(1830,0,'vi','_json','Thêm mới danh mục dịch vụ dự án',NULL,'2021-08-17 00:25:21','2021-08-17 00:25:21'),(1831,0,'vi','_json','Ngày Publish',NULL,'2021-08-17 00:25:21','2021-08-17 00:25:21'),(1832,0,'vi','_json','Chỉnh sửa dịch vụ dự án',NULL,'2021-08-17 00:25:21','2021-08-17 00:25:21'),(1833,0,'vi','_json','Quản lý  dịch vụ dự án',NULL,'2021-08-17 00:25:21','2021-08-17 00:25:21'),(1834,0,'vi','_json','Tên dịch vụ dự án',NULL,'2021-08-17 00:25:21','2021-08-17 00:25:21'),(1835,0,'vi','_json','Đăng nhập',NULL,'2021-08-17 00:25:21','2021-08-17 00:25:21'),(1836,0,'vi','_json','Email người dùng',NULL,'2021-08-17 00:25:21','2021-08-17 00:25:21'),(1837,0,'vi','_json','Mật khẩu',NULL,'2021-08-17 00:25:21','2021-08-17 00:25:21'),(1838,0,'vi','_json','Lưu đăng nhập',NULL,'2021-08-17 00:25:21','2021-08-17 00:25:21'),(1839,1,'backup','en/datatable','strings','\r\n        \"sEmptyTable\":     \"Không có dữ liệu\",\r\n        \"sInfo\":           \"Hiển thị _START_ to _END_ of _TOTAL_ \",\r\n        \"sInfoEmpty\":      \"Hiển thị 0 - 0 của 0 \",\r\n        \"sInfoFiltered\":   \"(Đã lọc _MAX_ )\",\r\n        \"sInfoPostFix\":    \"\",\r\n        \"sInfoThousands\":  \",\",\r\n        \"sLengthMenu\":     \"Hiển thị _MENU_\",\r\n        \"sLoadingRecords\": \"Loading...\",\r\n        \"sProcessing\":     \"Đang xử lý...\",\r\n        \"sSearch\":         \"Tìm kiếm:\",\r\n        \"sZeroRecords\":    \"Không tìm thấy dữ liệu\",\r\n        \"oPaginate\": {\r\n        \"sFirst\":    \"Đầu tiên\",\r\n        \"sLast\":     \"Cuối cùng\",\r\n        \"sNext\":     \"Sau\",\r\n        \"sPrevious\": \"Trước\"\r\n        },\r\n        \"oAria\": {\r\n            \"sSortAscending\":  \": Tăng dần\",\r\n            \"sSortDescending\": \": Giảm dần\"\r\n        }','2021-08-17 00:26:26','2021-08-17 00:26:26'),(1840,1,'backup','en/frontend','common.no_data','No Data','2021-08-17 00:26:26','2021-08-17 00:26:26'),(1841,1,'backup','en/frontend','common.address','Address','2021-08-17 00:26:26','2021-08-17 00:26:26'),(1842,1,'backup','en/frontend','common.mobile','Mobile','2021-08-17 00:26:26','2021-08-17 00:26:26'),(1843,1,'backup','en/frontend','common.search','Search','2021-08-17 00:26:26','2021-08-17 00:26:26'),(1844,1,'backup','en/frontend','common.search_placeholder','Search here','2021-08-17 00:26:26','2021-08-17 00:26:26'),(1845,1,'backup','en/frontend','common.category','Category','2021-08-17 00:26:26','2021-08-17 00:26:26'),(1846,1,'backup','en/frontend','common.detail_info','Details','2021-08-17 00:26:26','2021-08-17 00:26:26'),(1847,1,'backup','en/frontend','common.link_download','Download Link','2021-08-17 00:26:26','2021-08-17 00:26:26'),(1848,1,'backup','en/frontend','common.link_download_title','You can download by some link below.','2021-08-17 00:26:26','2021-08-17 00:26:26'),(1849,1,'backup','en/frontend','lang.en','English','2021-08-17 00:26:26','2021-08-17 00:26:26'),(1850,1,'backup','en/frontend','lang.vi','Vietnamese','2021-08-17 00:26:26','2021-08-17 00:26:26'),(1851,1,'backup','en/frontend','faq_form.name','Your Name','2021-08-17 00:26:26','2021-08-17 00:26:26'),(1852,1,'backup','en/frontend','faq_form.email','Your Email','2021-08-17 00:26:26','2021-08-17 00:26:26'),(1853,1,'backup','en/frontend','faq_form.phone','Your Phone','2021-08-17 00:26:26','2021-08-17 00:26:26'),(1854,1,'backup','en/frontend','faq_form.message','Your Message','2021-08-17 00:26:26','2021-08-17 00:26:26'),(1855,1,'backup','en/frontend','faq_form.submit','Submit Now','2021-08-17 00:26:26','2021-08-17 00:26:26'),(1856,1,'backup','en/frontend','footer.service','Services','2021-08-17 00:26:26','2021-08-17 00:26:26'),(1857,1,'backup','en/frontend','footer.contact_info','Contact Info','2021-08-17 00:26:26','2021-08-17 00:26:26'),(1858,1,'backup','en/frontend','page.home','Home','2021-08-17 00:26:26','2021-08-17 00:26:26'),(1859,1,'backup','en/frontend','page.contact_us','Contact us','2021-08-17 00:26:26','2021-08-17 00:26:26'),(1860,1,'backup','en/frontend','page.projects','Services','2021-08-17 00:26:27','2021-08-17 00:26:27'),(1861,1,'backup','en/frontend','page.products','Products','2021-08-17 00:26:27','2021-08-17 00:26:27'),(1862,1,'backup','en/frontend','page.blogs','Blogs','2021-08-17 00:26:27','2021-08-17 00:26:27'),(1863,1,'backup','en/frontend','blogs.title','Articles','2021-08-17 00:26:27','2021-08-17 00:26:27'),(1864,1,'backup','en/frontend','blogs.subtitle','Update all latest articles','2021-08-17 00:26:27','2021-08-17 00:26:27'),(1865,1,'backup','en/frontend','blogs.related_blog','Related Articles','2021-08-17 00:26:27','2021-08-17 00:26:27'),(1866,1,'backup','en/frontend','blogs.search_keyword','Find articles with keyword: ','2021-08-17 00:26:27','2021-08-17 00:26:27'),(1867,1,'backup','en/frontend','blogs.search_tag','Find articles with tag: ','2021-08-17 00:26:27','2021-08-17 00:26:27'),(1868,1,'backup','en/frontend','projects.title','Services','2021-08-17 00:26:27','2021-08-17 00:26:27'),(1869,1,'backup','en/frontend','projects.subtitle','All Our Services','2021-08-17 00:26:27','2021-08-17 00:26:27'),(1870,1,'backup','en/frontend','projects.related_project','Related Services','2021-08-17 00:26:27','2021-08-17 00:26:27'),(1871,1,'backup','en/frontend','projects.search_keyword','Find services with keyword: ','2021-08-17 00:26:27','2021-08-17 00:26:27'),(1872,1,'backup','en/frontend','projects.search_tag','Find services with tag: ','2021-08-17 00:26:27','2021-08-17 00:26:27'),(1873,1,'backup','en/frontend','products.title','Products','2021-08-17 00:26:27','2021-08-17 00:26:27'),(1874,1,'backup','en/frontend','products.subtitle','All Our Products','2021-08-17 00:26:27','2021-08-17 00:26:27'),(1875,1,'backup','en/frontend','products.related_products','Related Products','2021-08-17 00:26:27','2021-08-17 00:26:27'),(1876,1,'backup','en/frontend','products.related_products_subtitle','All Other Our Products ','2021-08-17 00:26:27','2021-08-17 00:26:27'),(1877,1,'backup','en/frontend','documents.title','Documents','2021-08-17 00:26:27','2021-08-17 00:26:27'),(1878,1,'backup','en/frontend','documents.subtitle','Update all latest documents','2021-08-17 00:26:27','2021-08-17 00:26:27'),(1879,1,'backup','en/frontend','documents.related_document','Related Documents','2021-08-17 00:26:27','2021-08-17 00:26:27'),(1880,1,'backup','en/frontend','documents.search_keyword','Find documents with keyword: ','2021-08-17 00:26:27','2021-08-17 00:26:27'),(1881,1,'backup','en/validation','required','Yêu cầu nhập :attribute','2021-08-17 00:26:27','2021-08-17 00:26:27'),(1882,1,'backup','en/validation','accepted',':attribute must be accepted.','2021-08-17 00:26:27','2021-08-17 00:26:27'),(1883,1,'backup','en/validation','active_url',':attribute is not a valid URL.','2021-08-17 00:26:27','2021-08-17 00:26:27'),(1884,1,'backup','en/validation','after',':attribute must be a date after :date.','2021-08-17 00:26:27','2021-08-17 00:26:27'),(1885,1,'backup','en/validation','after_or_equal',':attribute must be a date after or equal to :date.','2021-08-17 00:26:27','2021-08-17 00:26:27'),(1886,1,'backup','en/validation','alpha',':attribute may only contain letters.','2021-08-17 00:26:27','2021-08-17 00:26:27'),(1887,1,'backup','en/validation','alpha_dash',':attribute may only contain letters, numbers, and dashes.','2021-08-17 00:26:27','2021-08-17 00:26:27'),(1888,1,'backup','en/validation','alpha_num',':attribute may only contain letters and numbers.','2021-08-17 00:26:27','2021-08-17 00:26:27'),(1889,1,'backup','en/validation','array',':attribute must be an array.','2021-08-17 00:26:27','2021-08-17 00:26:27'),(1890,1,'backup','en/validation','before',':attribute must be a date before :date.','2021-08-17 00:26:27','2021-08-17 00:26:27'),(1891,1,'backup','en/validation','before_or_equal',':attribute must be a date before or equal to :date.','2021-08-17 00:26:27','2021-08-17 00:26:27'),(1892,1,'backup','en/validation','between.numeric',':attribute must be between :min and :max.','2021-08-17 00:26:27','2021-08-17 00:26:27'),(1893,1,'backup','en/validation','between.file',':attribute must be between :min and :max kilobytes.','2021-08-17 00:26:27','2021-08-17 00:26:27'),(1894,1,'backup','en/validation','between.string',':attribute must be between :min and :max characters.','2021-08-17 00:26:27','2021-08-17 00:26:27'),(1895,1,'backup','en/validation','between.array',':attribute must have between :min and :max items.','2021-08-17 00:26:27','2021-08-17 00:26:27'),(1896,1,'backup','en/validation','boolean',':attribute field must be true or false.','2021-08-17 00:26:27','2021-08-17 00:26:27'),(1897,1,'backup','en/validation','confirmed',':attribute xác nhận không trùng khớp','2021-08-17 00:26:27','2021-08-17 00:26:27'),(1898,1,'backup','en/validation','date',':attribute is not a valid date.','2021-08-17 00:26:27','2021-08-17 00:26:27'),(1899,1,'backup','en/validation','date_format',':attribute does not match the format :format.','2021-08-17 00:26:27','2021-08-17 00:26:27'),(1900,1,'backup','en/validation','different',':attribute and :other must be different.','2021-08-17 00:26:27','2021-08-17 00:26:27'),(1901,1,'backup','en/validation','digits',':attribute must be :digits digits.','2021-08-17 00:26:27','2021-08-17 00:26:27'),(1902,1,'backup','en/validation','digits_between',':attribute must be between :min and :max digits.','2021-08-17 00:26:27','2021-08-17 00:26:27'),(1903,1,'backup','en/validation','dimensions',':attribute kích thước ảnh không phù hợp','2021-08-17 00:26:27','2021-08-17 00:26:27'),(1904,1,'backup','en/validation','distinct',':attribute field has a duplicate value.','2021-08-17 00:26:27','2021-08-17 00:26:27'),(1905,1,'backup','en/validation','email',':attribute phải định dạng email','2021-08-17 00:26:27','2021-08-17 00:26:27'),(1906,1,'backup','en/validation','exists','The selected :attribute is invalid.','2021-08-17 00:26:27','2021-08-17 00:26:27'),(1907,1,'backup','en/validation','file',':attribute must be a file.','2021-08-17 00:26:27','2021-08-17 00:26:27'),(1908,1,'backup','en/validation','filled',':attribute field must have a value.','2021-08-17 00:26:27','2021-08-17 00:26:27'),(1909,1,'backup','en/validation','image',':attribute must be an image.','2021-08-17 00:26:27','2021-08-17 00:26:27'),(1910,1,'backup','en/validation','in','The selected :attribute is invalid.','2021-08-17 00:26:27','2021-08-17 00:26:27'),(1911,1,'backup','en/validation','in_array',':attribute field does not exist in :other.','2021-08-17 00:26:27','2021-08-17 00:26:27'),(1912,1,'backup','en/validation','integer',':attribute must be an integer.','2021-08-17 00:26:27','2021-08-17 00:26:27'),(1913,1,'backup','en/validation','ip',':attribute must be a valid IP address.','2021-08-17 00:26:27','2021-08-17 00:26:27'),(1914,1,'backup','en/validation','json',':attribute must be a valid JSON string.','2021-08-17 00:26:27','2021-08-17 00:26:27'),(1915,1,'backup','en/validation','max.numeric',':attribute phải nhỏ hơn :max.','2021-08-17 00:26:27','2021-08-17 00:26:27'),(1916,1,'backup','en/validation','max.file',':attribute phải nhỏ hơn :max kilobytes.','2021-08-17 00:26:27','2021-08-17 00:26:27'),(1917,1,'backup','en/validation','max.string',':attribute tối đa :max ký tự.','2021-08-17 00:26:27','2021-08-17 00:26:27'),(1918,1,'backup','en/validation','max.array',':attribute tối đa :max items.','2021-08-17 00:26:27','2021-08-17 00:26:27'),(1919,1,'backup','en/validation','mimes',':attribute chỉ chấp nhận loại file: :values.','2021-08-17 00:26:27','2021-08-17 00:26:27'),(1920,1,'backup','en/validation','mimetypes',':attribute chỉ chấp nhận loại file: :values.','2021-08-17 00:26:27','2021-08-17 00:26:27'),(1921,1,'backup','en/validation','min.numeric',':attribute phải lớn hơn :min.','2021-08-17 00:26:27','2021-08-17 00:26:27'),(1922,1,'backup','en/validation','min.file',':attribute phải lớn hơn :min kilobytes.','2021-08-17 00:26:27','2021-08-17 00:26:27'),(1923,1,'backup','en/validation','min.string',':attribute phải lớn hơn :min characters.','2021-08-17 00:26:27','2021-08-17 00:26:27'),(1924,1,'backup','en/validation','min.array',':attribute phải lớn hơn :min items.','2021-08-17 00:26:27','2021-08-17 00:26:27'),(1925,1,'backup','en/validation','not_in','The selected :attribute is invalid.','2021-08-17 00:26:27','2021-08-17 00:26:27'),(1926,1,'backup','en/validation','numeric',':attribute must be a number.','2021-08-17 00:26:27','2021-08-17 00:26:27'),(1927,1,'backup','en/validation','present',':attribute field must be present.','2021-08-17 00:26:27','2021-08-17 00:26:27'),(1928,1,'backup','en/validation','regex',':attribute format is invalid.','2021-08-17 00:26:27','2021-08-17 00:26:27'),(1929,1,'backup','en/validation','required_if',':attribute field is required when :other is :value.','2021-08-17 00:26:27','2021-08-17 00:26:27'),(1930,1,'backup','en/validation','required_unless',':attribute field is required unless :other is in :values.','2021-08-17 00:26:27','2021-08-17 00:26:27'),(1931,1,'backup','en/validation','required_with',':attribute field is required when :values is present.','2021-08-17 00:26:27','2021-08-17 00:26:27'),(1932,1,'backup','en/validation','required_with_all',':attribute field is required when :values is present.','2021-08-17 00:26:27','2021-08-17 00:26:27'),(1933,1,'backup','en/validation','required_without',':attribute field is required when :values is not present.','2021-08-17 00:26:27','2021-08-17 00:26:27'),(1934,1,'backup','en/validation','required_without_all',':attribute field is required when none of :values are present.','2021-08-17 00:26:27','2021-08-17 00:26:27'),(1935,1,'backup','en/validation','same',':attribute and :other must match.','2021-08-17 00:26:27','2021-08-17 00:26:27'),(1936,1,'backup','en/validation','size.numeric',':attribute must be :size.','2021-08-17 00:26:27','2021-08-17 00:26:27'),(1937,1,'backup','en/validation','size.file',':attribute must be :size kilobytes.','2021-08-17 00:26:27','2021-08-17 00:26:27'),(1938,1,'backup','en/validation','size.string',':attribute must be :size characters.','2021-08-17 00:26:27','2021-08-17 00:26:27'),(1939,1,'backup','en/validation','size.array',':attribute must contain :size items.','2021-08-17 00:26:27','2021-08-17 00:26:27'),(1940,1,'backup','en/validation','string',':attribute must be a string.','2021-08-17 00:26:27','2021-08-17 00:26:27'),(1941,1,'backup','en/validation','timezone',':attribute must be a valid zone.','2021-08-17 00:26:27','2021-08-17 00:26:27'),(1942,1,'backup','en/validation','unique',':attribute has already been taken.','2021-08-17 00:26:27','2021-08-17 00:26:27'),(1943,1,'backup','en/validation','uploaded',':attribute failed to upload.','2021-08-17 00:26:27','2021-08-17 00:26:27'),(1944,1,'backup','en/validation','url',':attribute format is invalid.','2021-08-17 00:26:27','2021-08-17 00:26:27'),(1945,1,'backup','en/validation','custom.attribute-name.rule-name','custom-message','2021-08-17 00:26:27','2021-08-17 00:26:27'),(1946,1,'backup','en/validation','api.login.email_required','Please enter email','2021-08-17 00:26:27','2021-08-17 00:26:27'),(1947,1,'backup','en/validation','api.login.valid_email','Please enter valid email address.','2021-08-17 00:26:27','2021-08-17 00:26:27'),(1948,1,'backup','en/validation','api.login.password_required','Please enter passsword.','2021-08-17 00:26:27','2021-08-17 00:26:27'),(1949,1,'backup','en/validation','api.login.username_password_didnt_match','Please enter valid credentials.','2021-08-17 00:26:27','2021-08-17 00:26:27'),(1950,1,'backup','en/validation','api.forgotpassword.email_required','Please enter email','2021-08-17 00:26:27','2021-08-17 00:26:27'),(1951,1,'backup','en/validation','api.forgotpassword.valid_email','Please enter valid email address.','2021-08-17 00:26:27','2021-08-17 00:26:27'),(1952,1,'backup','en/validation','api.forgotpassword.email_not_valid','Email you entered is not register with fin builders.','2021-08-17 00:26:27','2021-08-17 00:26:27'),(1953,1,'backup','en/validation','api.resetpassword.email_required','Please enter email','2021-08-17 00:26:27','2021-08-17 00:26:27'),(1954,1,'backup','en/validation','api.resetpassword.valid_email','Please enter valid email address.','2021-08-17 00:26:27','2021-08-17 00:26:27'),(1955,1,'backup','en/validation','api.resetpassword.password_required','Please enter passsword.','2021-08-17 00:26:27','2021-08-17 00:26:27'),(1956,1,'backup','en/validation','api.resetpassword.password_confirmed','passsword and confirm passsword do not match.','2021-08-17 00:26:27','2021-08-17 00:26:27'),(1957,1,'backup','en/validation','api.resetpassword.token_required','Please enter token.','2021-08-17 00:26:28','2021-08-17 00:26:28'),(1958,1,'backup','en/validation','api.resetpassword.confirm_password_required','Please enter confirm password.','2021-08-17 00:26:28','2021-08-17 00:26:28'),(1959,1,'backup','en/validation','api.resetpassword.token_not_valid','Given token is invalid.','2021-08-17 00:26:28','2021-08-17 00:26:28'),(1960,1,'backup','en/validation','api.resetpassword.email_not_valid','Email you entered is not register with fin builders.','2021-08-17 00:26:28','2021-08-17 00:26:28'),(1961,1,'backup','en/validation','api.register.state_required','Please enter state.','2021-08-17 00:26:28','2021-08-17 00:26:28'),(1962,1,'backup','en/validation','api.register.city_required','Please enter city.','2021-08-17 00:26:28','2021-08-17 00:26:28'),(1963,1,'backup','en/validation','api.confirmaccount.already_confirmed','Account is already confirmed.','2021-08-17 00:26:28','2021-08-17 00:26:28'),(1964,1,'backup','en/validation','api.confirmaccount.invalid_otp','Please enter valid otp.','2021-08-17 00:26:28','2021-08-17 00:26:28'),(1965,1,'backup','en/validation','api.confirmaccount.invalid_email','Email is not register with fin builders','2021-08-17 00:26:28','2021-08-17 00:26:28'),(1966,1,'backup','vi/datatable','strings','\r\n        \"sEmptyTable\":     \"Không có dữ liệu\",\r\n        \"sInfo\":           \"Hiển thị _START_ đến _END_ của _TOTAL_\",\r\n        \"sInfoEmpty\":      \"Hiển thị 0 đến 0 của 0\",\r\n        \"sInfoFiltered\":   \"(Đã lọc từ _MAX_ total)\",\r\n        \"sInfoPostFix\":    \"\",\r\n        \"sInfoThousands\":  \",\",\r\n        \"sLengthMenu\":     \"Hiển thị _MENU_\",\r\n        \"sLoadingRecords\": \"Đang lấy dữ liệu...\",\r\n        \"sProcessing\":     \"Đang xử lý...\",\r\n        \"sSearch\":         \"Tìm kiếm:\",\r\n        \"sZeroRecords\":    \"Không tìm thấy dữ liệu\",\r\n        \"oPaginate\": {\r\n        \"sFirst\":    \"Đầu tiên\",\r\n        \"sLast\":     \"Cuối cùng\",\r\n        \"sNext\":     \"Sau\",\r\n        \"sPrevious\": \"Trước\"\r\n        },\r\n        \"oAria\": {\r\n            \"sSortAscending\":  \": Sắp xếp theo chiều tăng\",\r\n            \"sSortDescending\": \": Sắp xếp theo chiều giảm\"\r\n        }','2021-08-17 00:26:28','2021-08-17 00:26:28'),(1967,1,'backup','vi/frontend','common.no_data','Không có dữ liệu','2021-08-17 00:26:28','2021-08-17 00:26:28'),(1968,1,'backup','vi/frontend','common.address','Địa chỉ','2021-08-17 00:26:28','2021-08-17 00:26:28'),(1969,1,'backup','vi/frontend','common.mobile','Số điện thoại','2021-08-17 00:26:28','2021-08-17 00:26:28'),(1970,1,'backup','vi/frontend','common.search','Tìm kiếm','2021-08-17 00:26:28','2021-08-17 00:26:28'),(1971,1,'backup','vi/frontend','common.search_placeholder','Search here','2021-08-17 00:26:28','2021-08-17 00:26:28'),(1972,1,'backup','vi/frontend','common.category','Danh mục','2021-08-17 00:26:28','2021-08-17 00:26:28'),(1973,1,'backup','vi/frontend','common.detail_info','Thông tin chi tiết','2021-08-17 00:26:28','2021-08-17 00:26:28'),(1974,1,'backup','vi/frontend','common.link_download','Link tải','2021-08-17 00:26:28','2021-08-17 00:26:28'),(1975,1,'backup','vi/frontend','common.link_download_title','Bạn có thể download trong các link dưới đây','2021-08-17 00:26:28','2021-08-17 00:26:28'),(1976,1,'backup','vi/frontend','lang.en','Tiếng Anh','2021-08-17 00:26:28','2021-08-17 00:26:28'),(1977,1,'backup','vi/frontend','lang.vi','Tiếng Việt','2021-08-17 00:26:28','2021-08-17 00:26:28'),(1978,1,'backup','vi/frontend','faq_form.name','Tên','2021-08-17 00:26:28','2021-08-17 00:26:28'),(1979,1,'backup','vi/frontend','faq_form.email','Email','2021-08-17 00:26:28','2021-08-17 00:26:28'),(1980,1,'backup','vi/frontend','faq_form.phone','Số điện thoại','2021-08-17 00:26:28','2021-08-17 00:26:28'),(1981,1,'backup','vi/frontend','faq_form.message','Nội dung','2021-08-17 00:26:28','2021-08-17 00:26:28'),(1982,1,'backup','vi/frontend','faq_form.submit','Liên hệ','2021-08-17 00:26:28','2021-08-17 00:26:28'),(1983,1,'backup','vi/frontend','footer.service','Dịch vụ','2021-08-17 00:26:28','2021-08-17 00:26:28'),(1984,1,'backup','vi/frontend','footer.contact_info','Thông tin liên hệ','2021-08-17 00:26:28','2021-08-17 00:26:28'),(1985,1,'backup','vi/frontend','page.home','Trang chủ','2021-08-17 00:26:28','2021-08-17 00:26:28'),(1986,1,'backup','vi/frontend','page.contact_us','Về chúng tôi','2021-08-17 00:26:28','2021-08-17 00:26:28'),(1987,1,'backup','vi/frontend','page.projects','Services','2021-08-17 00:26:28','2021-08-17 00:26:28'),(1988,1,'backup','vi/frontend','page.products','Sản phẩm','2021-08-17 00:26:28','2021-08-17 00:26:28'),(1989,1,'backup','vi/frontend','page.blogs','Bài viết','2021-08-17 00:26:28','2021-08-17 00:26:28'),(1990,1,'backup','vi/frontend','blogs.title','Bài viết','2021-08-17 00:26:28','2021-08-17 00:26:28'),(1991,1,'backup','vi/frontend','blogs.subtitle','Cập nhật tất cả bài viết','2021-08-17 00:26:28','2021-08-17 00:26:28'),(1992,1,'backup','vi/frontend','blogs.related_blog','Bài viết liên quan','2021-08-17 00:26:28','2021-08-17 00:26:28'),(1993,1,'backup','vi/frontend','blogs.search_keyword','Bài viết với từ khóa: ','2021-08-17 00:26:28','2021-08-17 00:26:28'),(1994,1,'backup','vi/frontend','blogs.search_tag','Bài viết với tag: ','2021-08-17 00:26:28','2021-08-17 00:26:28'),(1995,1,'backup','vi/frontend','projects.title','Dịch vụ','2021-08-17 00:26:28','2021-08-17 00:26:28'),(1996,1,'backup','vi/frontend','projects.subtitle','Tất cả dịch vụ của chúng tôi','2021-08-17 00:26:28','2021-08-17 00:26:28'),(1997,1,'backup','vi/frontend','projects.related_project','Dịch vụ liên quan','2021-08-17 00:26:28','2021-08-17 00:26:28'),(1998,1,'backup','vi/frontend','projects.search_keyword','Dịch vụ với từ khóa: ','2021-08-17 00:26:28','2021-08-17 00:26:28'),(1999,1,'backup','vi/frontend','projects.search_tag','Dịch vụ với tag: ','2021-08-17 00:26:28','2021-08-17 00:26:28'),(2000,1,'backup','vi/frontend','products.title','Sản phẩm','2021-08-17 00:26:28','2021-08-17 00:26:28'),(2001,1,'backup','vi/frontend','products.subtitle','Tất cả sản phẩm của chúng tôi','2021-08-17 00:26:28','2021-08-17 00:26:28'),(2002,1,'backup','vi/frontend','products.related_products','Các sản phẩm liên quan','2021-08-17 00:26:28','2021-08-17 00:26:28'),(2003,1,'backup','vi/frontend','products.related_products_subtitle','Các sản phẩm khác của chúng tôi','2021-08-17 00:26:28','2021-08-17 00:26:28'),(2004,1,'backup','vi/frontend','documents.title','Tài liệu','2021-08-17 00:26:28','2021-08-17 00:26:28'),(2005,1,'backup','vi/frontend','documents.subtitle','Cập nhật tất cả tài liệu','2021-08-17 00:26:28','2021-08-17 00:26:28'),(2006,1,'backup','vi/frontend','documents.related_document','Tài liệu liên quan','2021-08-17 00:26:28','2021-08-17 00:26:28'),(2007,1,'backup','vi/frontend','documents.search_keyword','Tài liệu với từ khóa: ','2021-08-17 00:26:28','2021-08-17 00:26:28'),(2008,1,'backup','vi/validation','required','Yêu cầu nhập :attribute','2021-08-17 00:26:28','2021-08-17 00:26:28'),(2009,1,'backup','vi/validation','accepted',':attribute must be accepted.','2021-08-17 00:26:28','2021-08-17 00:26:28'),(2010,1,'backup','vi/validation','active_url',':attribute is not a valid URL.','2021-08-17 00:26:28','2021-08-17 00:26:28'),(2011,1,'backup','vi/validation','after',':attribute must be a date after :date.','2021-08-17 00:26:28','2021-08-17 00:26:28'),(2012,1,'backup','vi/validation','after_or_equal',':attribute must be a date after or equal to :date.','2021-08-17 00:26:28','2021-08-17 00:26:28'),(2013,1,'backup','vi/validation','alpha',':attribute may only contain letters.','2021-08-17 00:26:28','2021-08-17 00:26:28'),(2014,1,'backup','vi/validation','alpha_dash',':attribute may only contain letters, numbers, and dashes.','2021-08-17 00:26:28','2021-08-17 00:26:28'),(2015,1,'backup','vi/validation','alpha_num',':attribute may only contain letters and numbers.','2021-08-17 00:26:28','2021-08-17 00:26:28'),(2016,1,'backup','vi/validation','array',':attribute must be an array.','2021-08-17 00:26:28','2021-08-17 00:26:28'),(2017,1,'backup','vi/validation','before',':attribute must be a date before :date.','2021-08-17 00:26:28','2021-08-17 00:26:28'),(2018,1,'backup','vi/validation','before_or_equal',':attribute must be a date before or equal to :date.','2021-08-17 00:26:28','2021-08-17 00:26:28'),(2019,1,'backup','vi/validation','between.numeric',':attribute must be between :min and :max.','2021-08-17 00:26:28','2021-08-17 00:26:28'),(2020,1,'backup','vi/validation','between.file',':attribute must be between :min and :max kilobytes.','2021-08-17 00:26:28','2021-08-17 00:26:28'),(2021,1,'backup','vi/validation','between.string',':attribute must be between :min and :max characters.','2021-08-17 00:26:28','2021-08-17 00:26:28'),(2022,1,'backup','vi/validation','between.array',':attribute must have between :min and :max items.','2021-08-17 00:26:28','2021-08-17 00:26:28'),(2023,1,'backup','vi/validation','boolean',':attribute field must be true or false.','2021-08-17 00:26:28','2021-08-17 00:26:28'),(2024,1,'backup','vi/validation','confirmed',':attribute xác nhận không trùng khớp','2021-08-17 00:26:28','2021-08-17 00:26:28'),(2025,1,'backup','vi/validation','date',':attribute is not a valid date.','2021-08-17 00:26:28','2021-08-17 00:26:28'),(2026,1,'backup','vi/validation','date_format',':attribute does not match the format :format.','2021-08-17 00:26:28','2021-08-17 00:26:28'),(2027,1,'backup','vi/validation','different',':attribute and :other must be different.','2021-08-17 00:26:28','2021-08-17 00:26:28'),(2028,1,'backup','vi/validation','digits',':attribute must be :digits digits.','2021-08-17 00:26:28','2021-08-17 00:26:28'),(2029,1,'backup','vi/validation','digits_between',':attribute must be between :min and :max digits.','2021-08-17 00:26:28','2021-08-17 00:26:28'),(2030,1,'backup','vi/validation','dimensions',':attribute kích thước ảnh không phù hợp','2021-08-17 00:26:28','2021-08-17 00:26:28'),(2031,1,'backup','vi/validation','distinct',':attribute field has a duplicate value.','2021-08-17 00:26:28','2021-08-17 00:26:28'),(2032,1,'backup','vi/validation','email',':attribute phải định dạng email','2021-08-17 00:26:28','2021-08-17 00:26:28'),(2033,1,'backup','vi/validation','exists','The selected :attribute is invalid.','2021-08-17 00:26:28','2021-08-17 00:26:28'),(2034,1,'backup','vi/validation','file',':attribute must be a file.','2021-08-17 00:26:28','2021-08-17 00:26:28'),(2035,1,'backup','vi/validation','filled',':attribute field must have a value.','2021-08-17 00:26:28','2021-08-17 00:26:28'),(2036,1,'backup','vi/validation','image',':attribute must be an image.','2021-08-17 00:26:28','2021-08-17 00:26:28'),(2037,1,'backup','vi/validation','in','The selected :attribute is invalid.','2021-08-17 00:26:28','2021-08-17 00:26:28'),(2038,1,'backup','vi/validation','in_array',':attribute field does not exist in :other.','2021-08-17 00:26:28','2021-08-17 00:26:28'),(2039,1,'backup','vi/validation','integer',':attribute must be an integer.','2021-08-17 00:26:28','2021-08-17 00:26:28'),(2040,1,'backup','vi/validation','ip',':attribute must be a valid IP address.','2021-08-17 00:26:28','2021-08-17 00:26:28'),(2041,1,'backup','vi/validation','json',':attribute must be a valid JSON string.','2021-08-17 00:26:28','2021-08-17 00:26:28'),(2042,1,'backup','vi/validation','max.numeric',':attribute phải nhỏ hơn :max.','2021-08-17 00:26:28','2021-08-17 00:26:28'),(2043,1,'backup','vi/validation','max.file',':attribute phải nhỏ hơn :max kilobytes.','2021-08-17 00:26:28','2021-08-17 00:26:28'),(2044,1,'backup','vi/validation','max.string',':attribute tối đa :max ký tự.','2021-08-17 00:26:28','2021-08-17 00:26:28'),(2045,1,'backup','vi/validation','max.array',':attribute tối đa :max items.','2021-08-17 00:26:28','2021-08-17 00:26:28'),(2046,1,'backup','vi/validation','mimes',':attribute chỉ chấp nhận loại file: :values.','2021-08-17 00:26:28','2021-08-17 00:26:28'),(2047,1,'backup','vi/validation','mimetypes',':attribute chỉ chấp nhận loại file: :values.','2021-08-17 00:26:28','2021-08-17 00:26:28'),(2048,1,'backup','vi/validation','min.numeric',':attribute phải lớn hơn :min.','2021-08-17 00:26:29','2021-08-17 00:26:29'),(2049,1,'backup','vi/validation','min.file',':attribute phải lớn hơn :min kilobytes.','2021-08-17 00:26:29','2021-08-17 00:26:29'),(2050,1,'backup','vi/validation','min.string',':attribute phải lớn hơn :min characters.','2021-08-17 00:26:29','2021-08-17 00:26:29'),(2051,1,'backup','vi/validation','min.array',':attribute phải lớn hơn :min items.','2021-08-17 00:26:29','2021-08-17 00:26:29'),(2052,1,'backup','vi/validation','not_in','The selected :attribute is invalid.','2021-08-17 00:26:29','2021-08-17 00:26:29'),(2053,1,'backup','vi/validation','numeric',':attribute must be a number.','2021-08-17 00:26:29','2021-08-17 00:26:29'),(2054,1,'backup','vi/validation','present',':attribute field must be present.','2021-08-17 00:26:29','2021-08-17 00:26:29'),(2055,1,'backup','vi/validation','regex',':attribute format is invalid.','2021-08-17 00:26:29','2021-08-17 00:26:29'),(2056,1,'backup','vi/validation','required_if',':attribute field is required when :other is :value.','2021-08-17 00:26:29','2021-08-17 00:26:29'),(2057,1,'backup','vi/validation','required_unless',':attribute field is required unless :other is in :values.','2021-08-17 00:26:29','2021-08-17 00:26:29'),(2058,1,'backup','vi/validation','required_with',':attribute field is required when :values is present.','2021-08-17 00:26:29','2021-08-17 00:26:29'),(2059,1,'backup','vi/validation','required_with_all',':attribute field is required when :values is present.','2021-08-17 00:26:29','2021-08-17 00:26:29'),(2060,1,'backup','vi/validation','required_without',':attribute field is required when :values is not present.','2021-08-17 00:26:29','2021-08-17 00:26:29'),(2061,1,'backup','vi/validation','required_without_all',':attribute field is required when none of :values are present.','2021-08-17 00:26:29','2021-08-17 00:26:29'),(2062,1,'backup','vi/validation','same',':attribute and :other must match.','2021-08-17 00:26:29','2021-08-17 00:26:29'),(2063,1,'backup','vi/validation','size.numeric',':attribute must be :size.','2021-08-17 00:26:29','2021-08-17 00:26:29'),(2064,1,'backup','vi/validation','size.file',':attribute must be :size kilobytes.','2021-08-17 00:26:29','2021-08-17 00:26:29'),(2065,1,'backup','vi/validation','size.string',':attribute must be :size characters.','2021-08-17 00:26:29','2021-08-17 00:26:29'),(2066,1,'backup','vi/validation','size.array',':attribute must contain :size items.','2021-08-17 00:26:29','2021-08-17 00:26:29'),(2067,1,'backup','vi/validation','string',':attribute must be a string.','2021-08-17 00:26:29','2021-08-17 00:26:29'),(2068,1,'backup','vi/validation','timezone',':attribute must be a valid zone.','2021-08-17 00:26:29','2021-08-17 00:26:29'),(2069,1,'backup','vi/validation','unique',':attribute has already been taken.','2021-08-17 00:26:29','2021-08-17 00:26:29'),(2070,1,'backup','vi/validation','uploaded',':attribute failed to upload.','2021-08-17 00:26:29','2021-08-17 00:26:29'),(2071,1,'backup','vi/validation','url',':attribute format is invalid.','2021-08-17 00:26:29','2021-08-17 00:26:29'),(2072,1,'backup','vi/validation','custom.attribute-name.rule-name','custom-message','2021-08-17 00:26:29','2021-08-17 00:26:29'),(2073,1,'backup','vi/validation','api.login.email_required','Please enter email','2021-08-17 00:26:29','2021-08-17 00:26:29'),(2074,1,'backup','vi/validation','api.login.valid_email','Please enter valid email address.','2021-08-17 00:26:29','2021-08-17 00:26:29'),(2075,1,'backup','vi/validation','api.login.password_required','Please enter passsword.','2021-08-17 00:26:29','2021-08-17 00:26:29'),(2076,1,'backup','vi/validation','api.login.username_password_didnt_match','Please enter valid credentials.','2021-08-17 00:26:29','2021-08-17 00:26:29'),(2077,1,'backup','vi/validation','api.forgotpassword.email_required','Please enter email','2021-08-17 00:26:29','2021-08-17 00:26:29'),(2078,1,'backup','vi/validation','api.forgotpassword.valid_email','Please enter valid email address.','2021-08-17 00:26:29','2021-08-17 00:26:29'),(2079,1,'backup','vi/validation','api.forgotpassword.email_not_valid','Email you entered is not register with fin builders.','2021-08-17 00:26:29','2021-08-17 00:26:29'),(2080,1,'backup','vi/validation','api.resetpassword.email_required','Please enter email','2021-08-17 00:26:29','2021-08-17 00:26:29'),(2081,1,'backup','vi/validation','api.resetpassword.valid_email','Please enter valid email address.','2021-08-17 00:26:29','2021-08-17 00:26:29'),(2082,1,'backup','vi/validation','api.resetpassword.password_required','Please enter passsword.','2021-08-17 00:26:29','2021-08-17 00:26:29'),(2083,1,'backup','vi/validation','api.resetpassword.password_confirmed','passsword and confirm passsword do not match.','2021-08-17 00:26:29','2021-08-17 00:26:29'),(2084,1,'backup','vi/validation','api.resetpassword.token_required','Please enter token.','2021-08-17 00:26:29','2021-08-17 00:26:29'),(2085,1,'backup','vi/validation','api.resetpassword.confirm_password_required','Please enter confirm password.','2021-08-17 00:26:29','2021-08-17 00:26:29'),(2086,1,'backup','vi/validation','api.resetpassword.token_not_valid','Given token is invalid.','2021-08-17 00:26:29','2021-08-17 00:26:29'),(2087,1,'backup','vi/validation','api.resetpassword.email_not_valid','Email you entered is not register with fin builders.','2021-08-17 00:26:29','2021-08-17 00:26:29'),(2088,1,'backup','vi/validation','api.register.state_required','Please enter state.','2021-08-17 00:26:29','2021-08-17 00:26:29'),(2089,1,'backup','vi/validation','api.register.city_required','Please enter city.','2021-08-17 00:26:29','2021-08-17 00:26:29'),(2090,1,'backup','vi/validation','api.confirmaccount.already_confirmed','Account is already confirmed.','2021-08-17 00:26:29','2021-08-17 00:26:29'),(2091,1,'backup','vi/validation','api.confirmaccount.invalid_otp','Please enter valid otp.','2021-08-17 00:26:29','2021-08-17 00:26:29'),(2092,1,'backup','vi/validation','api.confirmaccount.invalid_email','Email is not register with fin builders','2021-08-17 00:26:29','2021-08-17 00:26:29'),(2093,1,'en','datatable','strings','\r\n        \"sEmptyTable\":     \"Không có dữ liệu\",\r\n        \"sInfo\":           \"Hiển thị _START_ to _END_ of _TOTAL_ \",\r\n        \"sInfoEmpty\":      \"Hiển thị 0 - 0 của 0 \",\r\n        \"sInfoFiltered\":   \"(Đã lọc _MAX_ )\",\r\n        \"sInfoPostFix\":    \"\",\r\n        \"sInfoThousands\":  \",\",\r\n        \"sLengthMenu\":     \"Hiển thị _MENU_\",\r\n        \"sLoadingRecords\": \"Loading...\",\r\n        \"sProcessing\":     \"Đang xử lý...\",\r\n        \"sSearch\":         \"Tìm kiếm:\",\r\n        \"sZeroRecords\":    \"Không tìm thấy dữ liệu\",\r\n        \"oPaginate\": {\r\n        \"sFirst\":    \"Đầu tiên\",\r\n        \"sLast\":     \"Cuối cùng\",\r\n        \"sNext\":     \"Sau\",\r\n        \"sPrevious\": \"Trước\"\r\n        },\r\n        \"oAria\": {\r\n            \"sSortAscending\":  \": Tăng dần\",\r\n            \"sSortDescending\": \": Giảm dần\"\r\n        }','2021-08-17 00:26:29','2021-08-17 00:26:29'),(2094,1,'en','frontend','common.no_data','No Data','2021-08-17 00:26:29','2021-08-17 00:26:29'),(2095,1,'en','frontend','common.address','Address','2021-08-17 00:26:29','2021-08-17 00:26:29'),(2096,1,'en','frontend','common.mobile','Mobile','2021-08-17 00:26:29','2021-08-17 00:26:29'),(2097,1,'en','frontend','common.search','Search','2021-08-17 00:26:29','2021-08-17 00:26:29'),(2098,1,'en','frontend','common.search_placeholder','Search here','2021-08-17 00:26:29','2021-08-17 00:26:29'),(2099,1,'en','frontend','common.category','Category','2021-08-17 00:26:29','2021-08-17 00:26:29'),(2100,1,'en','frontend','common.detail_info','Details','2021-08-17 00:26:29','2021-08-17 00:26:29'),(2101,1,'en','frontend','common.link_download','Download Link','2021-08-17 00:26:29','2021-08-17 00:26:29'),(2102,1,'en','frontend','common.link_download_title','You can download by some link below.','2021-08-17 00:26:29','2021-08-17 00:26:29'),(2103,1,'en','frontend','lang.en','English','2021-08-17 00:26:29','2021-08-17 00:26:29'),(2104,1,'en','frontend','lang.vi','Vietnamese','2021-08-17 00:26:29','2021-08-17 00:26:29'),(2105,1,'en','frontend','faq_form.name','Your Name','2021-08-17 00:26:29','2021-08-17 00:26:29'),(2106,1,'en','frontend','faq_form.email','Your Email','2021-08-17 00:26:29','2021-08-17 00:26:29'),(2107,1,'en','frontend','faq_form.phone','Your Phone','2021-08-17 00:26:29','2021-08-17 00:26:29'),(2108,1,'en','frontend','faq_form.message','Your Message','2021-08-17 00:26:29','2021-08-17 00:26:29'),(2109,1,'en','frontend','faq_form.submit','Submit Now','2021-08-17 00:26:29','2021-08-17 00:26:29'),(2110,1,'en','frontend','footer.service','Services','2021-08-17 00:26:29','2021-08-17 00:26:29'),(2111,1,'en','frontend','footer.contact_info','Contact Info','2021-08-17 00:26:29','2021-08-17 00:26:29'),(2112,1,'en','frontend','page.home','Home','2021-08-17 00:26:29','2021-08-17 00:26:29'),(2113,1,'en','frontend','page.contact_us','Contact us','2021-08-17 00:26:29','2021-08-17 00:26:29'),(2114,1,'en','frontend','page.projects','Services','2021-08-17 00:26:29','2021-08-17 00:26:29'),(2115,1,'en','frontend','page.products','Products','2021-08-17 00:26:29','2021-08-17 00:26:29'),(2116,1,'en','frontend','page.blogs','Blogs','2021-08-17 00:26:29','2021-08-17 00:26:29'),(2117,1,'en','frontend','blogs.title','Articles','2021-08-17 00:26:29','2021-08-17 00:26:29'),(2118,1,'en','frontend','blogs.subtitle','Update all latest articles','2021-08-17 00:26:29','2021-08-17 00:26:29'),(2119,1,'en','frontend','blogs.related_blog','Related Articles','2021-08-17 00:26:29','2021-08-17 00:26:29'),(2120,1,'en','frontend','blogs.search_keyword','Find articles with keyword: ','2021-08-17 00:26:29','2021-08-17 00:26:29'),(2121,1,'en','frontend','blogs.search_tag','Find articles with tag: ','2021-08-17 00:26:29','2021-08-17 00:26:29'),(2122,1,'en','frontend','projects.title','Services','2021-08-17 00:26:29','2021-08-17 00:26:29'),(2123,1,'en','frontend','projects.subtitle','All Our Services','2021-08-17 00:26:29','2021-08-17 00:26:29'),(2124,1,'en','frontend','projects.related_project','Related Services','2021-08-17 00:26:29','2021-08-17 00:26:29'),(2125,1,'en','frontend','projects.search_keyword','Find services with keyword: ','2021-08-17 00:26:29','2021-08-17 00:26:29'),(2126,1,'en','frontend','projects.search_tag','Find services with tag: ','2021-08-17 00:26:29','2021-08-17 00:26:29'),(2127,1,'en','frontend','products.title','Products','2021-08-17 00:26:29','2021-08-17 00:26:29'),(2128,1,'en','frontend','products.subtitle','All Our Products','2021-08-17 00:26:29','2021-08-17 00:26:29'),(2129,1,'en','frontend','products.related_products','Related Products','2021-08-17 00:26:29','2021-08-17 00:26:29'),(2130,1,'en','frontend','products.related_products_subtitle','All Other Our Products ','2021-08-17 00:26:29','2021-08-17 00:26:29'),(2131,1,'en','frontend','documents.title','Documents','2021-08-17 00:26:29','2021-08-17 00:26:29'),(2132,1,'en','frontend','documents.subtitle','Update all latest documents','2021-08-17 00:26:29','2021-08-17 00:26:29'),(2133,1,'en','frontend','documents.related_document','Related Documents','2021-08-17 00:26:29','2021-08-17 00:26:29'),(2134,1,'en','frontend','documents.search_keyword','Find documents with keyword: ','2021-08-17 00:26:29','2021-08-17 00:26:29'),(2135,1,'en','validation','required','Yêu cầu nhập :attribute','2021-08-17 00:26:29','2021-08-17 00:26:29'),(2136,1,'en','validation','accepted',':attribute must be accepted.','2021-08-17 00:26:30','2021-08-17 00:26:30'),(2137,1,'en','validation','active_url',':attribute is not a valid URL.','2021-08-17 00:26:30','2021-08-17 00:26:30'),(2138,1,'en','validation','after',':attribute must be a date after :date.','2021-08-17 00:26:30','2021-08-17 00:26:30'),(2139,1,'en','validation','after_or_equal',':attribute must be a date after or equal to :date.','2021-08-17 00:26:30','2021-08-17 00:26:30'),(2140,1,'en','validation','alpha',':attribute may only contain letters.','2021-08-17 00:26:30','2021-08-17 00:26:30'),(2141,1,'en','validation','alpha_dash',':attribute may only contain letters, numbers, and dashes.','2021-08-17 00:26:30','2021-08-17 00:26:30'),(2142,1,'en','validation','alpha_num',':attribute may only contain letters and numbers.','2021-08-17 00:26:30','2021-08-17 00:26:30'),(2143,1,'en','validation','array',':attribute must be an array.','2021-08-17 00:26:30','2021-08-17 00:26:30'),(2144,1,'en','validation','before',':attribute must be a date before :date.','2021-08-17 00:26:30','2021-08-17 00:26:30'),(2145,1,'en','validation','before_or_equal',':attribute must be a date before or equal to :date.','2021-08-17 00:26:30','2021-08-17 00:26:30'),(2146,1,'en','validation','between.numeric',':attribute must be between :min and :max.','2021-08-17 00:26:30','2021-08-17 00:26:30'),(2147,1,'en','validation','between.file',':attribute must be between :min and :max kilobytes.','2021-08-17 00:26:30','2021-08-17 00:26:30'),(2148,1,'en','validation','between.string',':attribute must be between :min and :max characters.','2021-08-17 00:26:30','2021-08-17 00:26:30'),(2149,1,'en','validation','between.array',':attribute must have between :min and :max items.','2021-08-17 00:26:30','2021-08-17 00:26:30'),(2150,1,'en','validation','boolean',':attribute field must be true or false.','2021-08-17 00:26:30','2021-08-17 00:26:30'),(2151,1,'en','validation','confirmed',':attribute xác nhận không trùng khớp','2021-08-17 00:26:30','2021-08-17 00:26:30'),(2152,1,'en','validation','date',':attribute is not a valid date.','2021-08-17 00:26:30','2021-08-17 00:26:30'),(2153,1,'en','validation','date_format',':attribute does not match the format :format.','2021-08-17 00:26:30','2021-08-17 00:26:30'),(2154,1,'en','validation','different',':attribute and :other must be different.','2021-08-17 00:26:30','2021-08-17 00:26:30'),(2155,1,'en','validation','digits',':attribute must be :digits digits.','2021-08-17 00:26:30','2021-08-17 00:26:30'),(2156,1,'en','validation','digits_between',':attribute must be between :min and :max digits.','2021-08-17 00:26:30','2021-08-17 00:26:30'),(2157,1,'en','validation','dimensions',':attribute kích thước ảnh không phù hợp','2021-08-17 00:26:30','2021-08-17 00:26:30'),(2158,1,'en','validation','distinct',':attribute field has a duplicate value.','2021-08-17 00:26:30','2021-08-17 00:26:30'),(2159,1,'en','validation','email',':attribute phải định dạng email','2021-08-17 00:26:30','2021-08-17 00:26:30'),(2160,1,'en','validation','exists','The selected :attribute is invalid.','2021-08-17 00:26:30','2021-08-17 00:26:30'),(2161,1,'en','validation','file',':attribute must be a file.','2021-08-17 00:26:30','2021-08-17 00:26:30'),(2162,1,'en','validation','filled',':attribute field must have a value.','2021-08-17 00:26:30','2021-08-17 00:26:30'),(2163,1,'en','validation','image',':attribute must be an image.','2021-08-17 00:26:30','2021-08-17 00:26:30'),(2164,1,'en','validation','in','The selected :attribute is invalid.','2021-08-17 00:26:30','2021-08-17 00:26:30'),(2165,1,'en','validation','in_array',':attribute field does not exist in :other.','2021-08-17 00:26:30','2021-08-17 00:26:30'),(2166,1,'en','validation','integer',':attribute must be an integer.','2021-08-17 00:26:30','2021-08-17 00:26:30'),(2167,1,'en','validation','ip',':attribute must be a valid IP address.','2021-08-17 00:26:30','2021-08-17 00:26:30'),(2168,1,'en','validation','json',':attribute must be a valid JSON string.','2021-08-17 00:26:30','2021-08-17 00:26:30'),(2169,1,'en','validation','max.numeric',':attribute phải nhỏ hơn :max.','2021-08-17 00:26:30','2021-08-17 00:26:30'),(2170,1,'en','validation','max.file',':attribute phải nhỏ hơn :max kilobytes.','2021-08-17 00:26:30','2021-08-17 00:26:30'),(2171,1,'en','validation','max.string',':attribute tối đa :max ký tự.','2021-08-17 00:26:30','2021-08-17 00:26:30'),(2172,1,'en','validation','max.array',':attribute tối đa :max items.','2021-08-17 00:26:30','2021-08-17 00:26:30'),(2173,1,'en','validation','mimes',':attribute chỉ chấp nhận loại file: :values.','2021-08-17 00:26:30','2021-08-17 00:26:30'),(2174,1,'en','validation','mimetypes',':attribute chỉ chấp nhận loại file: :values.','2021-08-17 00:26:30','2021-08-17 00:26:30'),(2175,1,'en','validation','min.numeric',':attribute phải lớn hơn :min.','2021-08-17 00:26:30','2021-08-17 00:26:30'),(2176,1,'en','validation','min.file',':attribute phải lớn hơn :min kilobytes.','2021-08-17 00:26:30','2021-08-17 00:26:30'),(2177,1,'en','validation','min.string',':attribute phải lớn hơn :min characters.','2021-08-17 00:26:30','2021-08-17 00:26:30'),(2178,1,'en','validation','min.array',':attribute phải lớn hơn :min items.','2021-08-17 00:26:30','2021-08-17 00:26:30'),(2179,1,'en','validation','not_in','The selected :attribute is invalid.','2021-08-17 00:26:30','2021-08-17 00:26:30'),(2180,1,'en','validation','numeric',':attribute must be a number.','2021-08-17 00:26:30','2021-08-17 00:26:30'),(2181,1,'en','validation','present',':attribute field must be present.','2021-08-17 00:26:30','2021-08-17 00:26:30'),(2182,1,'en','validation','regex',':attribute format is invalid.','2021-08-17 00:26:30','2021-08-17 00:26:30'),(2183,1,'en','validation','required_if',':attribute field is required when :other is :value.','2021-08-17 00:26:30','2021-08-17 00:26:30'),(2184,1,'en','validation','required_unless',':attribute field is required unless :other is in :values.','2021-08-17 00:26:30','2021-08-17 00:26:30'),(2185,1,'en','validation','required_with',':attribute field is required when :values is present.','2021-08-17 00:26:30','2021-08-17 00:26:30'),(2186,1,'en','validation','required_with_all',':attribute field is required when :values is present.','2021-08-17 00:26:30','2021-08-17 00:26:30'),(2187,1,'en','validation','required_without',':attribute field is required when :values is not present.','2021-08-17 00:26:30','2021-08-17 00:26:30'),(2188,1,'en','validation','required_without_all',':attribute field is required when none of :values are present.','2021-08-17 00:26:30','2021-08-17 00:26:30'),(2189,1,'en','validation','same',':attribute and :other must match.','2021-08-17 00:26:30','2021-08-17 00:26:30'),(2190,1,'en','validation','size.numeric',':attribute must be :size.','2021-08-17 00:26:30','2021-08-17 00:26:30'),(2191,1,'en','validation','size.file',':attribute must be :size kilobytes.','2021-08-17 00:26:30','2021-08-17 00:26:30'),(2192,1,'en','validation','size.string',':attribute must be :size characters.','2021-08-17 00:26:30','2021-08-17 00:26:30'),(2193,1,'en','validation','size.array',':attribute must contain :size items.','2021-08-17 00:26:30','2021-08-17 00:26:30'),(2194,1,'en','validation','string',':attribute must be a string.','2021-08-17 00:26:30','2021-08-17 00:26:30'),(2195,1,'en','validation','timezone',':attribute must be a valid zone.','2021-08-17 00:26:30','2021-08-17 00:26:30'),(2196,1,'en','validation','unique',':attribute has already been taken.','2021-08-17 00:26:30','2021-08-17 00:26:30'),(2197,1,'en','validation','uploaded',':attribute failed to upload.','2021-08-17 00:26:30','2021-08-17 00:26:30'),(2198,1,'en','validation','url',':attribute format is invalid.','2021-08-17 00:26:30','2021-08-17 00:26:30'),(2199,1,'en','validation','custom.attribute-name.rule-name','custom-message','2021-08-17 00:26:30','2021-08-17 00:26:30'),(2200,1,'en','validation','api.login.email_required','Please enter email','2021-08-17 00:26:30','2021-08-17 00:26:30'),(2201,1,'en','validation','api.login.valid_email','Please enter valid email address.','2021-08-17 00:26:30','2021-08-17 00:26:30'),(2202,1,'en','validation','api.login.password_required','Please enter passsword.','2021-08-17 00:26:30','2021-08-17 00:26:30'),(2203,1,'en','validation','api.login.username_password_didnt_match','Please enter valid credentials.','2021-08-17 00:26:30','2021-08-17 00:26:30'),(2204,1,'en','validation','api.forgotpassword.email_required','Please enter email','2021-08-17 00:26:30','2021-08-17 00:26:30'),(2205,1,'en','validation','api.forgotpassword.valid_email','Please enter valid email address.','2021-08-17 00:26:30','2021-08-17 00:26:30'),(2206,1,'en','validation','api.forgotpassword.email_not_valid','Email you entered is not register with fin builders.','2021-08-17 00:26:30','2021-08-17 00:26:30'),(2207,1,'en','validation','api.resetpassword.email_required','Please enter email','2021-08-17 00:26:30','2021-08-17 00:26:30'),(2208,1,'en','validation','api.resetpassword.valid_email','Please enter valid email address.','2021-08-17 00:26:30','2021-08-17 00:26:30'),(2209,1,'en','validation','api.resetpassword.password_required','Please enter passsword.','2021-08-17 00:26:30','2021-08-17 00:26:30'),(2210,1,'en','validation','api.resetpassword.password_confirmed','passsword and confirm passsword do not match.','2021-08-17 00:26:30','2021-08-17 00:26:30'),(2211,1,'en','validation','api.resetpassword.token_required','Please enter token.','2021-08-17 00:26:30','2021-08-17 00:26:30'),(2212,1,'en','validation','api.resetpassword.confirm_password_required','Please enter confirm password.','2021-08-17 00:26:30','2021-08-17 00:26:30'),(2213,1,'en','validation','api.resetpassword.token_not_valid','Given token is invalid.','2021-08-17 00:26:30','2021-08-17 00:26:30'),(2214,1,'en','validation','api.resetpassword.email_not_valid','Email you entered is not register with fin builders.','2021-08-17 00:26:30','2021-08-17 00:26:30'),(2215,1,'en','validation','api.register.state_required','Please enter state.','2021-08-17 00:26:31','2021-08-17 00:26:31'),(2216,1,'en','validation','api.register.city_required','Please enter city.','2021-08-17 00:26:31','2021-08-17 00:26:31'),(2217,1,'en','validation','api.confirmaccount.already_confirmed','Account is already confirmed.','2021-08-17 00:26:31','2021-08-17 00:26:31'),(2218,1,'en','validation','api.confirmaccount.invalid_otp','Please enter valid otp.','2021-08-17 00:26:31','2021-08-17 00:26:31'),(2219,1,'en','validation','api.confirmaccount.invalid_email','Email is not register with fin builders','2021-08-17 00:26:31','2021-08-17 00:26:31'),(2220,1,'ar','vendor/log-viewer','all','الجميع','2021-08-17 00:26:31','2021-08-17 00:26:31'),(2221,1,'ar','vendor/log-viewer','date','تاريخ','2021-08-17 00:26:31','2021-08-17 00:26:31'),(2222,1,'ar','vendor/log-viewer','emergency','حالات الطوارئ','2021-08-17 00:26:31','2021-08-17 00:26:31'),(2223,1,'ar','vendor/log-viewer','alert','إنذار','2021-08-17 00:26:31','2021-08-17 00:26:31'),(2224,1,'ar','vendor/log-viewer','critical','حرج','2021-08-17 00:26:31','2021-08-17 00:26:31'),(2225,1,'ar','vendor/log-viewer','error','خطأ','2021-08-17 00:26:31','2021-08-17 00:26:31'),(2226,1,'ar','vendor/log-viewer','warning','تحذير','2021-08-17 00:26:31','2021-08-17 00:26:31'),(2227,1,'ar','vendor/log-viewer','notice','ملاحظة','2021-08-17 00:26:31','2021-08-17 00:26:31'),(2228,1,'ar','vendor/log-viewer','info','المعلومات','2021-08-17 00:26:31','2021-08-17 00:26:31'),(2229,1,'ar','vendor/log-viewer','debug','التصحيح','2021-08-17 00:26:31','2021-08-17 00:26:31'),(2230,0,'bg','vendor/log-viewer','all','Всички','2021-08-17 00:26:31','2021-08-17 00:26:31'),(2231,1,'bg','vendor/log-viewer','date','Дата','2021-08-17 00:26:31','2021-08-17 00:26:31'),(2232,1,'bg','vendor/log-viewer','empty-logs','Не са намерени логове!','2021-08-17 00:26:31','2021-08-17 00:26:31'),(2233,1,'bg','vendor/log-viewer','emergency','Emergency','2021-08-17 00:26:31','2021-08-17 00:26:31'),(2234,1,'bg','vendor/log-viewer','alert','Alert','2021-08-17 00:26:31','2021-08-17 00:26:31'),(2235,1,'bg','vendor/log-viewer','critical','Critical','2021-08-17 00:26:31','2021-08-17 00:26:31'),(2236,1,'bg','vendor/log-viewer','error','Error','2021-08-17 00:26:31','2021-08-17 00:26:31'),(2237,1,'bg','vendor/log-viewer','warning','Warning','2021-08-17 00:26:31','2021-08-17 00:26:31'),(2238,1,'bg','vendor/log-viewer','notice','Notice','2021-08-17 00:26:31','2021-08-17 00:26:31'),(2239,1,'bg','vendor/log-viewer','info','Info','2021-08-17 00:26:31','2021-08-17 00:26:31'),(2240,1,'bg','vendor/log-viewer','debug','Debug','2021-08-17 00:26:31','2021-08-17 00:26:31'),(2241,0,'de','vendor/log-viewer','all','Alle','2021-08-17 00:26:31','2021-08-17 00:26:31'),(2242,1,'de','vendor/log-viewer','date','Datum','2021-08-17 00:26:31','2021-08-17 00:26:31'),(2243,1,'de','vendor/log-viewer','emergency','Notfall','2021-08-17 00:26:31','2021-08-17 00:26:31'),(2244,1,'de','vendor/log-viewer','alert','Alarm','2021-08-17 00:26:31','2021-08-17 00:26:31'),(2245,1,'de','vendor/log-viewer','critical','Kritisch','2021-08-17 00:26:31','2021-08-17 00:26:31'),(2246,1,'de','vendor/log-viewer','error','Fehler','2021-08-17 00:26:31','2021-08-17 00:26:31'),(2247,1,'de','vendor/log-viewer','warning','Warnung','2021-08-17 00:26:31','2021-08-17 00:26:31'),(2248,1,'de','vendor/log-viewer','notice','Hinweis','2021-08-17 00:26:31','2021-08-17 00:26:31'),(2249,1,'de','vendor/log-viewer','info','Info','2021-08-17 00:26:31','2021-08-17 00:26:31'),(2250,1,'de','vendor/log-viewer','debug','Debug','2021-08-17 00:26:31','2021-08-17 00:26:31'),(2251,0,'en','vendor/log-viewer','all','All','2021-08-17 00:26:31','2021-08-17 00:26:31'),(2252,1,'en','vendor/log-viewer','date','Date','2021-08-17 00:26:31','2021-08-17 00:26:31'),(2253,1,'en','vendor/log-viewer','emergency','Emergency','2021-08-17 00:26:31','2021-08-17 00:26:31'),(2254,1,'en','vendor/log-viewer','alert','Alert','2021-08-17 00:26:31','2021-08-17 00:26:31'),(2255,1,'en','vendor/log-viewer','critical','Critical','2021-08-17 00:26:31','2021-08-17 00:26:31'),(2256,1,'en','vendor/log-viewer','error','Error','2021-08-17 00:26:31','2021-08-17 00:26:31'),(2257,1,'en','vendor/log-viewer','warning','Warning','2021-08-17 00:26:31','2021-08-17 00:26:31'),(2258,1,'en','vendor/log-viewer','notice','Notice','2021-08-17 00:26:31','2021-08-17 00:26:31'),(2259,1,'en','vendor/log-viewer','info','Info','2021-08-17 00:26:31','2021-08-17 00:26:31'),(2260,1,'en','vendor/log-viewer','debug','Debug','2021-08-17 00:26:31','2021-08-17 00:26:31'),(2261,0,'es','vendor/log-viewer','all','Todos','2021-08-17 00:26:31','2021-08-17 00:26:31'),(2262,1,'es','vendor/log-viewer','date','Fecha','2021-08-17 00:26:31','2021-08-17 00:26:31'),(2263,1,'es','vendor/log-viewer','emergency','Emergencia','2021-08-17 00:26:31','2021-08-17 00:26:31'),(2264,1,'es','vendor/log-viewer','alert','Alerta','2021-08-17 00:26:31','2021-08-17 00:26:31'),(2265,1,'es','vendor/log-viewer','critical','Criticos','2021-08-17 00:26:31','2021-08-17 00:26:31'),(2266,1,'es','vendor/log-viewer','error','Errores','2021-08-17 00:26:31','2021-08-17 00:26:31'),(2267,1,'es','vendor/log-viewer','warning','Advertencia','2021-08-17 00:26:31','2021-08-17 00:26:31'),(2268,1,'es','vendor/log-viewer','notice','Aviso','2021-08-17 00:26:31','2021-08-17 00:26:31'),(2269,1,'es','vendor/log-viewer','info','Info','2021-08-17 00:26:31','2021-08-17 00:26:31'),(2270,1,'es','vendor/log-viewer','debug','Debug','2021-08-17 00:26:31','2021-08-17 00:26:31'),(2271,0,'et','vendor/log-viewer','all','Kõik','2021-08-17 00:26:31','2021-08-17 00:26:31'),(2272,1,'et','vendor/log-viewer','date','Kuupäev','2021-08-17 00:26:31','2021-08-17 00:26:31'),(2273,1,'et','vendor/log-viewer','empty-logs','Logide nimekiri on tühi!','2021-08-17 00:26:31','2021-08-17 00:26:31'),(2274,1,'et','vendor/log-viewer','emergency','Erakorraline','2021-08-17 00:26:31','2021-08-17 00:26:31'),(2275,1,'et','vendor/log-viewer','alert','Häire','2021-08-17 00:26:31','2021-08-17 00:26:31'),(2276,1,'et','vendor/log-viewer','critical','Kriitiline','2021-08-17 00:26:31','2021-08-17 00:26:31'),(2277,1,'et','vendor/log-viewer','error','Viga','2021-08-17 00:26:31','2021-08-17 00:26:31'),(2278,1,'et','vendor/log-viewer','warning','Hoiatus','2021-08-17 00:26:31','2021-08-17 00:26:31'),(2279,1,'et','vendor/log-viewer','notice','Teade','2021-08-17 00:26:31','2021-08-17 00:26:31'),(2280,1,'et','vendor/log-viewer','info','Info','2021-08-17 00:26:31','2021-08-17 00:26:31'),(2281,1,'et','vendor/log-viewer','debug','Silumine','2021-08-17 00:26:31','2021-08-17 00:26:31'),(2282,0,'fa','vendor/log-viewer','all','همه','2021-08-17 00:26:32','2021-08-17 00:26:32'),(2283,1,'fa','vendor/log-viewer','date','تاریخ','2021-08-17 00:26:32','2021-08-17 00:26:32'),(2284,1,'fa','vendor/log-viewer','emergency','اورژانسی','2021-08-17 00:26:32','2021-08-17 00:26:32'),(2285,1,'fa','vendor/log-viewer','alert','اخطار','2021-08-17 00:26:32','2021-08-17 00:26:32'),(2286,1,'fa','vendor/log-viewer','critical','بحرانی','2021-08-17 00:26:32','2021-08-17 00:26:32'),(2287,1,'fa','vendor/log-viewer','error','خطا','2021-08-17 00:26:32','2021-08-17 00:26:32'),(2288,1,'fa','vendor/log-viewer','warning','هشدار','2021-08-17 00:26:32','2021-08-17 00:26:32'),(2289,1,'fa','vendor/log-viewer','notice','اعلان','2021-08-17 00:26:32','2021-08-17 00:26:32'),(2290,1,'fa','vendor/log-viewer','info','اطلاعات','2021-08-17 00:26:32','2021-08-17 00:26:32'),(2291,1,'fa','vendor/log-viewer','debug','دیباگ','2021-08-17 00:26:32','2021-08-17 00:26:32'),(2292,0,'fr','vendor/log-viewer','all','Tous','2021-08-17 00:26:32','2021-08-17 00:26:32'),(2293,1,'fr','vendor/log-viewer','date','Date','2021-08-17 00:26:32','2021-08-17 00:26:32'),(2294,1,'fr','vendor/log-viewer','emergency','Urgence','2021-08-17 00:26:32','2021-08-17 00:26:32'),(2295,1,'fr','vendor/log-viewer','alert','Alerte','2021-08-17 00:26:32','2021-08-17 00:26:32'),(2296,1,'fr','vendor/log-viewer','critical','Critique','2021-08-17 00:26:32','2021-08-17 00:26:32'),(2297,1,'fr','vendor/log-viewer','error','Erreur','2021-08-17 00:26:32','2021-08-17 00:26:32'),(2298,1,'fr','vendor/log-viewer','warning','Avertissement','2021-08-17 00:26:32','2021-08-17 00:26:32'),(2299,1,'fr','vendor/log-viewer','notice','Notice','2021-08-17 00:26:32','2021-08-17 00:26:32'),(2300,1,'fr','vendor/log-viewer','info','Info','2021-08-17 00:26:32','2021-08-17 00:26:32'),(2301,1,'fr','vendor/log-viewer','debug','Debug','2021-08-17 00:26:32','2021-08-17 00:26:32'),(2302,0,'hu','vendor/log-viewer','all','Összes','2021-08-17 00:26:32','2021-08-17 00:26:32'),(2303,1,'hu','vendor/log-viewer','date','Dátum','2021-08-17 00:26:32','2021-08-17 00:26:32'),(2304,1,'hu','vendor/log-viewer','empty-logs','The list of logs is empty!','2021-08-17 00:26:32','2021-08-17 00:26:32'),(2305,1,'hu','vendor/log-viewer','emergency','Vészhelyzet','2021-08-17 00:26:32','2021-08-17 00:26:32'),(2306,1,'hu','vendor/log-viewer','alert','Riasztás','2021-08-17 00:26:32','2021-08-17 00:26:32'),(2307,1,'hu','vendor/log-viewer','critical','Kritikus','2021-08-17 00:26:32','2021-08-17 00:26:32'),(2308,1,'hu','vendor/log-viewer','error','Hiba','2021-08-17 00:26:32','2021-08-17 00:26:32'),(2309,1,'hu','vendor/log-viewer','warning','Figyelmeztetés','2021-08-17 00:26:32','2021-08-17 00:26:32'),(2310,1,'hu','vendor/log-viewer','notice','Értesítés','2021-08-17 00:26:32','2021-08-17 00:26:32'),(2311,1,'hu','vendor/log-viewer','info','Információ','2021-08-17 00:26:32','2021-08-17 00:26:32'),(2312,1,'hu','vendor/log-viewer','debug','Hibakeresés','2021-08-17 00:26:32','2021-08-17 00:26:32'),(2313,0,'hy','vendor/log-viewer','all','Բոլորը','2021-08-17 00:26:32','2021-08-17 00:26:32'),(2314,1,'hy','vendor/log-viewer','date','Ամսաթիվ','2021-08-17 00:26:32','2021-08-17 00:26:32'),(2315,1,'hy','vendor/log-viewer','emergency','Վթարային','2021-08-17 00:26:32','2021-08-17 00:26:32'),(2316,1,'hy','vendor/log-viewer','alert','Նախազգուշացում','2021-08-17 00:26:32','2021-08-17 00:26:32'),(2317,1,'hy','vendor/log-viewer','critical','Կրիտիկական','2021-08-17 00:26:32','2021-08-17 00:26:32'),(2318,1,'hy','vendor/log-viewer','error','Սխալ','2021-08-17 00:26:32','2021-08-17 00:26:32'),(2319,1,'hy','vendor/log-viewer','warning','Նախազգուշացում','2021-08-17 00:26:32','2021-08-17 00:26:32'),(2320,1,'hy','vendor/log-viewer','notice','Ծանուցում','2021-08-17 00:26:32','2021-08-17 00:26:32'),(2321,1,'hy','vendor/log-viewer','info','Տեղեկատվություն','2021-08-17 00:26:32','2021-08-17 00:26:32'),(2322,1,'hy','vendor/log-viewer','debug','Կարգաբերում','2021-08-17 00:26:32','2021-08-17 00:26:32'),(2323,0,'id','vendor/log-viewer','all','Semua','2021-08-17 00:26:32','2021-08-17 00:26:32'),(2324,1,'id','vendor/log-viewer','date','Tanggal','2021-08-17 00:26:32','2021-08-17 00:26:32'),(2325,1,'id','vendor/log-viewer','emergency','Darurat','2021-08-17 00:26:32','2021-08-17 00:26:32'),(2326,1,'id','vendor/log-viewer','alert','Waspada','2021-08-17 00:26:32','2021-08-17 00:26:32'),(2327,1,'id','vendor/log-viewer','critical','Kritis','2021-08-17 00:26:32','2021-08-17 00:26:32'),(2328,1,'id','vendor/log-viewer','error','Kesalahan','2021-08-17 00:26:32','2021-08-17 00:26:32'),(2329,1,'id','vendor/log-viewer','warning','Peringatan','2021-08-17 00:26:32','2021-08-17 00:26:32'),(2330,1,'id','vendor/log-viewer','notice','Perhatian','2021-08-17 00:26:32','2021-08-17 00:26:32'),(2331,1,'id','vendor/log-viewer','info','Info','2021-08-17 00:26:32','2021-08-17 00:26:32'),(2332,1,'id','vendor/log-viewer','debug','Debug','2021-08-17 00:26:32','2021-08-17 00:26:32'),(2333,0,'it','vendor/log-viewer','all','Tutti','2021-08-17 00:26:32','2021-08-17 00:26:32'),(2334,1,'it','vendor/log-viewer','date','Data','2021-08-17 00:26:32','2021-08-17 00:26:32'),(2335,1,'it','vendor/log-viewer','emergency','Emergenza','2021-08-17 00:26:32','2021-08-17 00:26:32'),(2336,1,'it','vendor/log-viewer','alert','Allarme','2021-08-17 00:26:32','2021-08-17 00:26:32'),(2337,1,'it','vendor/log-viewer','critical','Critico','2021-08-17 00:26:32','2021-08-17 00:26:32'),(2338,1,'it','vendor/log-viewer','error','Errore','2021-08-17 00:26:32','2021-08-17 00:26:32'),(2339,1,'it','vendor/log-viewer','warning','Avviso','2021-08-17 00:26:32','2021-08-17 00:26:32'),(2340,1,'it','vendor/log-viewer','notice','Notifica','2021-08-17 00:26:32','2021-08-17 00:26:32'),(2341,1,'it','vendor/log-viewer','info','Info','2021-08-17 00:26:32','2021-08-17 00:26:32'),(2342,1,'it','vendor/log-viewer','debug','Debug','2021-08-17 00:26:32','2021-08-17 00:26:32'),(2343,0,'ja','vendor/log-viewer','all','すべて','2021-08-17 00:26:32','2021-08-17 00:26:32'),(2344,1,'ja','vendor/log-viewer','date','日付','2021-08-17 00:26:32','2021-08-17 00:26:32'),(2345,1,'ja','vendor/log-viewer','empty-logs','ログリストが空です!','2021-08-17 00:26:32','2021-08-17 00:26:32'),(2346,1,'ja','vendor/log-viewer','emergency','緊急','2021-08-17 00:26:32','2021-08-17 00:26:32'),(2347,1,'ja','vendor/log-viewer','alert','警戒','2021-08-17 00:26:32','2021-08-17 00:26:32'),(2348,1,'ja','vendor/log-viewer','critical','致命的','2021-08-17 00:26:33','2021-08-17 00:26:33'),(2349,1,'ja','vendor/log-viewer','error','エラー','2021-08-17 00:26:33','2021-08-17 00:26:33'),(2350,1,'ja','vendor/log-viewer','warning','警告','2021-08-17 00:26:33','2021-08-17 00:26:33'),(2351,1,'ja','vendor/log-viewer','notice','通知','2021-08-17 00:26:33','2021-08-17 00:26:33'),(2352,1,'ja','vendor/log-viewer','info','情報','2021-08-17 00:26:33','2021-08-17 00:26:33'),(2353,1,'ja','vendor/log-viewer','debug','デバッグ','2021-08-17 00:26:33','2021-08-17 00:26:33'),(2354,0,'ko','vendor/log-viewer','all','전체','2021-08-17 00:26:33','2021-08-17 00:26:33'),(2355,1,'ko','vendor/log-viewer','date','날짜','2021-08-17 00:26:33','2021-08-17 00:26:33'),(2356,1,'ko','vendor/log-viewer','emergency','긴급','2021-08-17 00:26:33','2021-08-17 00:26:33'),(2357,1,'ko','vendor/log-viewer','alert','경고','2021-08-17 00:26:33','2021-08-17 00:26:33'),(2358,1,'ko','vendor/log-viewer','critical','심각','2021-08-17 00:26:33','2021-08-17 00:26:33'),(2359,1,'ko','vendor/log-viewer','error','오류','2021-08-17 00:26:33','2021-08-17 00:26:33'),(2360,1,'ko','vendor/log-viewer','warning','주의','2021-08-17 00:26:33','2021-08-17 00:26:33'),(2361,1,'ko','vendor/log-viewer','notice','알림','2021-08-17 00:26:33','2021-08-17 00:26:33'),(2362,1,'ko','vendor/log-viewer','info','정보','2021-08-17 00:26:33','2021-08-17 00:26:33'),(2363,1,'ko','vendor/log-viewer','debug','디버그','2021-08-17 00:26:33','2021-08-17 00:26:33'),(2364,1,'nl','vendor/log-viewer','all','Alle','2021-08-17 00:26:33','2021-08-17 00:26:33'),(2365,1,'nl','vendor/log-viewer','date','Datum','2021-08-17 00:26:33','2021-08-17 00:26:33'),(2366,1,'nl','vendor/log-viewer','emergency','Noodgeval','2021-08-17 00:26:33','2021-08-17 00:26:33'),(2367,1,'nl','vendor/log-viewer','alert','Alarm','2021-08-17 00:26:33','2021-08-17 00:26:33'),(2368,1,'nl','vendor/log-viewer','critical','Cruciaal','2021-08-17 00:26:33','2021-08-17 00:26:33'),(2369,1,'nl','vendor/log-viewer','error','Error','2021-08-17 00:26:33','2021-08-17 00:26:33'),(2370,1,'nl','vendor/log-viewer','warning','Waarschuwing','2021-08-17 00:26:33','2021-08-17 00:26:33'),(2371,1,'nl','vendor/log-viewer','notice','Opmerking','2021-08-17 00:26:33','2021-08-17 00:26:33'),(2372,1,'nl','vendor/log-viewer','info','Informatie','2021-08-17 00:26:33','2021-08-17 00:26:33'),(2373,1,'nl','vendor/log-viewer','debug','Debug','2021-08-17 00:26:33','2021-08-17 00:26:33'),(2374,0,'pl','vendor/log-viewer','all','Wszystkie','2021-08-17 00:26:33','2021-08-17 00:26:33'),(2375,1,'pl','vendor/log-viewer','date','Data','2021-08-17 00:26:33','2021-08-17 00:26:33'),(2376,1,'pl','vendor/log-viewer','emergency','Awaryjne','2021-08-17 00:26:33','2021-08-17 00:26:33'),(2377,1,'pl','vendor/log-viewer','alert','Alerty','2021-08-17 00:26:33','2021-08-17 00:26:33'),(2378,1,'pl','vendor/log-viewer','critical','Krytyczne','2021-08-17 00:26:33','2021-08-17 00:26:33'),(2379,1,'pl','vendor/log-viewer','error','Błędy','2021-08-17 00:26:33','2021-08-17 00:26:33'),(2380,1,'pl','vendor/log-viewer','warning','Ostrzeżenia','2021-08-17 00:26:33','2021-08-17 00:26:33'),(2381,1,'pl','vendor/log-viewer','notice','Warte uwagi','2021-08-17 00:26:33','2021-08-17 00:26:33'),(2382,1,'pl','vendor/log-viewer','info','Informacje','2021-08-17 00:26:33','2021-08-17 00:26:33'),(2383,1,'pl','vendor/log-viewer','debug','Debug','2021-08-17 00:26:33','2021-08-17 00:26:33'),(2384,0,'pt-BR','vendor/log-viewer','all','Todos','2021-08-17 00:26:33','2021-08-17 00:26:33'),(2385,1,'pt-BR','vendor/log-viewer','date','Data','2021-08-17 00:26:33','2021-08-17 00:26:33'),(2386,1,'pt-BR','vendor/log-viewer','emergency','Emergência','2021-08-17 00:26:33','2021-08-17 00:26:33'),(2387,1,'pt-BR','vendor/log-viewer','alert','Alerta','2021-08-17 00:26:33','2021-08-17 00:26:33'),(2388,1,'pt-BR','vendor/log-viewer','critical','Crítico','2021-08-17 00:26:33','2021-08-17 00:26:33'),(2389,1,'pt-BR','vendor/log-viewer','error','Erro','2021-08-17 00:26:33','2021-08-17 00:26:33'),(2390,1,'pt-BR','vendor/log-viewer','warning','Aviso','2021-08-17 00:26:33','2021-08-17 00:26:33'),(2391,1,'pt-BR','vendor/log-viewer','notice','Notícia','2021-08-17 00:26:33','2021-08-17 00:26:33'),(2392,1,'pt-BR','vendor/log-viewer','info','Informação','2021-08-17 00:26:34','2021-08-17 00:26:34'),(2393,1,'pt-BR','vendor/log-viewer','debug','Debug','2021-08-17 00:26:34','2021-08-17 00:26:34'),(2394,0,'ro','vendor/log-viewer','all','Toate','2021-08-17 00:26:34','2021-08-17 00:26:34'),(2395,1,'ro','vendor/log-viewer','date','Dată','2021-08-17 00:26:34','2021-08-17 00:26:34'),(2396,1,'ro','vendor/log-viewer','emergency','Urgență','2021-08-17 00:26:34','2021-08-17 00:26:34'),(2397,1,'ro','vendor/log-viewer','alert','Alertă','2021-08-17 00:26:34','2021-08-17 00:26:34'),(2398,1,'ro','vendor/log-viewer','critical','Critic','2021-08-17 00:26:34','2021-08-17 00:26:34'),(2399,1,'ro','vendor/log-viewer','error','Eroare','2021-08-17 00:26:34','2021-08-17 00:26:34'),(2400,1,'ro','vendor/log-viewer','warning','Pericol','2021-08-17 00:26:34','2021-08-17 00:26:34'),(2401,1,'ro','vendor/log-viewer','notice','Avertisment','2021-08-17 00:26:34','2021-08-17 00:26:34'),(2402,1,'ro','vendor/log-viewer','info','Informare','2021-08-17 00:26:34','2021-08-17 00:26:34'),(2403,1,'ro','vendor/log-viewer','debug','Depanare','2021-08-17 00:26:34','2021-08-17 00:26:34'),(2404,0,'ru','vendor/log-viewer','all','Все','2021-08-17 00:26:34','2021-08-17 00:26:34'),(2405,1,'ru','vendor/log-viewer','date','Дата','2021-08-17 00:26:34','2021-08-17 00:26:34'),(2406,1,'ru','vendor/log-viewer','emergency','Аварийная','2021-08-17 00:26:34','2021-08-17 00:26:34'),(2407,1,'ru','vendor/log-viewer','alert','Предупреждение','2021-08-17 00:26:34','2021-08-17 00:26:34'),(2408,1,'ru','vendor/log-viewer','critical','Критический','2021-08-17 00:26:34','2021-08-17 00:26:34'),(2409,1,'ru','vendor/log-viewer','error','Ошибка','2021-08-17 00:26:34','2021-08-17 00:26:34'),(2410,1,'ru','vendor/log-viewer','warning','Предупреждение','2021-08-17 00:26:34','2021-08-17 00:26:34'),(2411,1,'ru','vendor/log-viewer','notice','Уведомление','2021-08-17 00:26:34','2021-08-17 00:26:34'),(2412,1,'ru','vendor/log-viewer','info','Информация','2021-08-17 00:26:34','2021-08-17 00:26:34'),(2413,1,'ru','vendor/log-viewer','debug','Отладка','2021-08-17 00:26:34','2021-08-17 00:26:34'),(2414,0,'sv','vendor/log-viewer','all','Alla','2021-08-17 00:26:34','2021-08-17 00:26:34'),(2415,1,'sv','vendor/log-viewer','date','Datum','2021-08-17 00:26:34','2021-08-17 00:26:34'),(2416,1,'sv','vendor/log-viewer','emergency','Akut','2021-08-17 00:26:34','2021-08-17 00:26:34'),(2417,1,'sv','vendor/log-viewer','alert','Alarmerande','2021-08-17 00:26:34','2021-08-17 00:26:34'),(2418,1,'sv','vendor/log-viewer','critical','Kritisk','2021-08-17 00:26:34','2021-08-17 00:26:34'),(2419,1,'sv','vendor/log-viewer','error','Error','2021-08-17 00:26:34','2021-08-17 00:26:34'),(2420,1,'sv','vendor/log-viewer','warning','Varning','2021-08-17 00:26:34','2021-08-17 00:26:34'),(2421,1,'sv','vendor/log-viewer','notice','Notis','2021-08-17 00:26:34','2021-08-17 00:26:34'),(2422,1,'sv','vendor/log-viewer','info','Information','2021-08-17 00:26:34','2021-08-17 00:26:34'),(2423,1,'sv','vendor/log-viewer','debug','Debug','2021-08-17 00:26:34','2021-08-17 00:26:34'),(2424,0,'th','vendor/log-viewer','all','ทั้งหมด','2021-08-17 00:26:34','2021-08-17 00:26:34'),(2425,1,'th','vendor/log-viewer','date','วันที่','2021-08-17 00:26:34','2021-08-17 00:26:34'),(2426,1,'th','vendor/log-viewer','empty-logs','The list of logs is empty!','2021-08-17 00:26:34','2021-08-17 00:26:34'),(2427,1,'th','vendor/log-viewer','emergency','ฉุกเฉิน','2021-08-17 00:26:34','2021-08-17 00:26:34'),(2428,1,'th','vendor/log-viewer','alert','วิกฤติ','2021-08-17 00:26:34','2021-08-17 00:26:34'),(2429,1,'th','vendor/log-viewer','critical','ร้ายแรง','2021-08-17 00:26:34','2021-08-17 00:26:34'),(2430,1,'th','vendor/log-viewer','error','ข้อผิดพลาด','2021-08-17 00:26:34','2021-08-17 00:26:34'),(2431,1,'th','vendor/log-viewer','warning','คำเตือน','2021-08-17 00:26:34','2021-08-17 00:26:34'),(2432,1,'th','vendor/log-viewer','notice','ประกาศ','2021-08-17 00:26:34','2021-08-17 00:26:34'),(2433,1,'th','vendor/log-viewer','info','ข้อมูล','2021-08-17 00:26:34','2021-08-17 00:26:34'),(2434,1,'th','vendor/log-viewer','debug','ดีบัก','2021-08-17 00:26:34','2021-08-17 00:26:34'),(2435,0,'tr','vendor/log-viewer','all','Toplam','2021-08-17 00:26:34','2021-08-17 00:26:34'),(2436,1,'tr','vendor/log-viewer','date','Tarih','2021-08-17 00:26:34','2021-08-17 00:26:34'),(2437,1,'tr','vendor/log-viewer','emergency','Acil','2021-08-17 00:26:34','2021-08-17 00:26:34'),(2438,1,'tr','vendor/log-viewer','alert','Alarm','2021-08-17 00:26:34','2021-08-17 00:26:34'),(2439,1,'tr','vendor/log-viewer','critical','Kritik','2021-08-17 00:26:34','2021-08-17 00:26:34'),(2440,1,'tr','vendor/log-viewer','error','Hata','2021-08-17 00:26:34','2021-08-17 00:26:34'),(2441,1,'tr','vendor/log-viewer','warning','Uyarı','2021-08-17 00:26:34','2021-08-17 00:26:34'),(2442,1,'tr','vendor/log-viewer','notice','Bildirim','2021-08-17 00:26:34','2021-08-17 00:26:34'),(2443,1,'tr','vendor/log-viewer','info','Bilgi','2021-08-17 00:26:34','2021-08-17 00:26:34'),(2444,1,'tr','vendor/log-viewer','debug','Debug','2021-08-17 00:26:34','2021-08-17 00:26:34'),(2445,0,'zh','vendor/log-viewer','all','全部','2021-08-17 00:26:34','2021-08-17 00:26:35'),(2446,1,'zh','vendor/log-viewer','date','日期','2021-08-17 00:26:34','2021-08-17 00:26:34'),(2447,1,'zh','vendor/log-viewer','emergency','危急','2021-08-17 00:26:35','2021-08-17 00:26:35'),(2448,1,'zh','vendor/log-viewer','alert','紧急','2021-08-17 00:26:35','2021-08-17 00:26:35'),(2449,1,'zh','vendor/log-viewer','critical','严重','2021-08-17 00:26:35','2021-08-17 00:26:35'),(2450,1,'zh','vendor/log-viewer','error','错误','2021-08-17 00:26:35','2021-08-17 00:26:35'),(2451,1,'zh','vendor/log-viewer','warning','警告','2021-08-17 00:26:35','2021-08-17 00:26:35'),(2452,1,'zh','vendor/log-viewer','notice','注意','2021-08-17 00:26:35','2021-08-17 00:26:35'),(2453,1,'zh','vendor/log-viewer','info','信息','2021-08-17 00:26:35','2021-08-17 00:26:35'),(2454,1,'zh','vendor/log-viewer','debug','调试','2021-08-17 00:26:35','2021-08-17 00:26:35'),(2455,0,'zh-TW','vendor/log-viewer','all','全部','2021-08-17 00:26:35','2021-08-17 00:26:35'),(2456,1,'zh-TW','vendor/log-viewer','date','日期','2021-08-17 00:26:35','2021-08-17 00:26:35'),(2457,1,'zh-TW','vendor/log-viewer','emergency','緊急','2021-08-17 00:26:35','2021-08-17 00:26:35'),(2458,1,'zh-TW','vendor/log-viewer','alert','警報','2021-08-17 00:26:35','2021-08-17 00:26:35'),(2459,1,'zh-TW','vendor/log-viewer','critical','嚴重','2021-08-17 00:26:35','2021-08-17 00:26:35'),(2460,1,'zh-TW','vendor/log-viewer','error','錯誤','2021-08-17 00:26:35','2021-08-17 00:26:35'),(2461,1,'zh-TW','vendor/log-viewer','warning','警告','2021-08-17 00:26:35','2021-08-17 00:26:35'),(2462,1,'zh-TW','vendor/log-viewer','notice','注意','2021-08-17 00:26:35','2021-08-17 00:26:35'),(2463,1,'zh-TW','vendor/log-viewer','info','訊息','2021-08-17 00:26:35','2021-08-17 00:26:35'),(2464,1,'zh-TW','vendor/log-viewer','debug','除錯','2021-08-17 00:26:35','2021-08-17 00:26:35'),(2465,1,'vi','vendor/lang','strings','\r\n        \"sEmptyTable\":     \"Không có dữ liệu\",\r\n        \"sInfo\":           \"Hiển thị _START_ đến _END_ của _TOTAL_\",\r\n        \"sInfoEmpty\":      \"Hiển thị 0 đến 0 của 0\",\r\n        \"sInfoFiltered\":   \"(Đã lọc từ _MAX_ total)\",\r\n        \"sInfoPostFix\":    \"\",\r\n        \"sInfoThousands\":  \",\",\r\n        \"sLengthMenu\":     \"Hiển thị _MENU_\",\r\n        \"sLoadingRecords\": \"Đang lấy dữ liệu...\",\r\n        \"sProcessing\":     \"Đang xử lý...\",\r\n        \"sSearch\":         \"Tìm kiếm:\",\r\n        \"sZeroRecords\":    \"Không tìm thấy dữ liệu\",\r\n        \"oPaginate\": {\r\n        \"sFirst\":    \"Đầu tiên\",\r\n        \"sLast\":     \"Cuối cùng\",\r\n        \"sNext\":     \"Sau\",\r\n        \"sPrevious\": \"Trước\"\r\n        },\r\n        \"oAria\": {\r\n            \"sSortAscending\":  \": Sắp xếp theo chiều tăng\",\r\n            \"sSortDescending\": \": Sắp xếp theo chiều giảm\"\r\n        }','2021-08-17 00:26:35','2021-08-17 00:26:35'),(2466,1,'vi','vendor/lang','common.no_data','Không có dữ liệu','2021-08-17 00:26:35','2021-08-17 00:26:35'),(2467,1,'vi','vendor/lang','common.address','Địa chỉ','2021-08-17 00:26:35','2021-08-17 00:26:35'),(2468,1,'vi','vendor/lang','common.mobile','Số điện thoại','2021-08-17 00:26:35','2021-08-17 00:26:35'),(2469,1,'vi','vendor/lang','common.search','Tìm kiếm','2021-08-17 00:26:35','2021-08-17 00:26:35'),(2470,1,'vi','vendor/lang','common.search_placeholder','Search here','2021-08-17 00:26:35','2021-08-17 00:26:35'),(2471,1,'vi','vendor/lang','common.category','Danh mục','2021-08-17 00:26:35','2021-08-17 00:26:35'),(2472,1,'vi','vendor/lang','common.detail_info','Thông tin chi tiết','2021-08-17 00:26:35','2021-08-17 00:26:35'),(2473,1,'vi','vendor/lang','common.link_download','Link tải','2021-08-17 00:26:35','2021-08-17 00:26:35'),(2474,1,'vi','vendor/lang','common.link_download_title','Bạn có thể download trong các link dưới đây','2021-08-17 00:26:35','2021-08-17 00:26:35'),(2475,1,'vi','vendor/lang','lang.en','Tiếng Anh','2021-08-17 00:26:35','2021-08-17 00:26:35'),(2476,1,'vi','vendor/lang','lang.vi','Tiếng Việt','2021-08-17 00:26:35','2021-08-17 00:26:35'),(2477,1,'vi','vendor/lang','faq_form.name','Tên','2021-08-17 00:26:35','2021-08-17 00:26:35'),(2478,1,'vi','vendor/lang','faq_form.email','Email','2021-08-17 00:26:35','2021-08-17 00:26:35'),(2479,1,'vi','vendor/lang','faq_form.phone','Số điện thoại','2021-08-17 00:26:35','2021-08-17 00:26:35'),(2480,1,'vi','vendor/lang','faq_form.message','Nội dung','2021-08-17 00:26:35','2021-08-17 00:26:35'),(2481,1,'vi','vendor/lang','faq_form.submit','Liên hệ','2021-08-17 00:26:35','2021-08-17 00:26:35'),(2482,1,'vi','vendor/lang','footer.service','Dịch vụ','2021-08-17 00:26:35','2021-08-17 00:26:35'),(2483,1,'vi','vendor/lang','footer.contact_info','Thông tin liên hệ','2021-08-17 00:26:35','2021-08-17 00:26:35'),(2484,1,'vi','vendor/lang','page.home','Trang chủ','2021-08-17 00:26:35','2021-08-17 00:26:35'),(2485,1,'vi','vendor/lang','page.contact_us','Về chúng tôi','2021-08-17 00:26:35','2021-08-17 00:26:35'),(2486,1,'vi','vendor/lang','page.projects','Services','2021-08-17 00:26:35','2021-08-17 00:26:35'),(2487,1,'vi','vendor/lang','page.products','Sản phẩm','2021-08-17 00:26:35','2021-08-17 00:26:35'),(2488,1,'vi','vendor/lang','page.blogs','Bài viết','2021-08-17 00:26:35','2021-08-17 00:26:35'),(2489,1,'vi','vendor/lang','blogs.title','Bài viết','2021-08-17 00:26:35','2021-08-17 00:26:35'),(2490,1,'vi','vendor/lang','blogs.subtitle','Cập nhật tất cả bài viết','2021-08-17 00:26:35','2021-08-17 00:26:35'),(2491,1,'vi','vendor/lang','blogs.related_blog','Bài viết liên quan','2021-08-17 00:26:35','2021-08-17 00:26:35'),(2492,1,'vi','vendor/lang','blogs.search_keyword','Bài viết với từ khóa: ','2021-08-17 00:26:35','2021-08-17 00:26:35'),(2493,1,'vi','vendor/lang','blogs.search_tag','Bài viết với tag: ','2021-08-17 00:26:35','2021-08-17 00:26:35'),(2494,1,'vi','vendor/lang','projects.title','Dịch vụ','2021-08-17 00:26:35','2021-08-17 00:26:35'),(2495,1,'vi','vendor/lang','projects.subtitle','Tất cả dịch vụ của chúng tôi','2021-08-17 00:26:35','2021-08-17 00:26:35'),(2496,1,'vi','vendor/lang','projects.related_project','Dịch vụ liên quan','2021-08-17 00:26:35','2021-08-17 00:26:35'),(2497,1,'vi','vendor/lang','projects.search_keyword','Dịch vụ với từ khóa: ','2021-08-17 00:26:35','2021-08-17 00:26:35'),(2498,1,'vi','vendor/lang','projects.search_tag','Dịch vụ với tag: ','2021-08-17 00:26:35','2021-08-17 00:26:35'),(2499,1,'vi','vendor/lang','products.title','Sản phẩm','2021-08-17 00:26:35','2021-08-17 00:26:35'),(2500,1,'vi','vendor/lang','products.subtitle','Tất cả sản phẩm của chúng tôi','2021-08-17 00:26:35','2021-08-17 00:26:35'),(2501,1,'vi','vendor/lang','products.related_products','Các sản phẩm liên quan','2021-08-17 00:26:35','2021-08-17 00:26:35'),(2502,1,'vi','vendor/lang','products.related_products_subtitle','Các sản phẩm khác của chúng tôi','2021-08-17 00:26:35','2021-08-17 00:26:35'),(2503,1,'vi','vendor/lang','documents.title','Tài liệu','2021-08-17 00:26:35','2021-08-17 00:26:35'),(2504,1,'vi','vendor/lang','documents.subtitle','Cập nhật tất cả tài liệu','2021-08-17 00:26:35','2021-08-17 00:26:35'),(2505,1,'vi','vendor/lang','documents.related_document','Tài liệu liên quan','2021-08-17 00:26:35','2021-08-17 00:26:35'),(2506,1,'vi','vendor/lang','documents.search_keyword','Tài liệu với từ khóa: ','2021-08-17 00:26:35','2021-08-17 00:26:35'),(2507,1,'vi','vendor/lang','required','Yêu cầu nhập :attribute','2021-08-17 00:26:35','2021-08-17 00:26:35'),(2508,1,'vi','vendor/lang','accepted',':attribute must be accepted.','2021-08-17 00:26:35','2021-08-17 00:26:35'),(2509,1,'vi','vendor/lang','active_url',':attribute is not a valid URL.','2021-08-17 00:26:35','2021-08-17 00:26:35'),(2510,1,'vi','vendor/lang','after',':attribute must be a date after :date.','2021-08-17 00:26:35','2021-08-17 00:26:35'),(2511,1,'vi','vendor/lang','after_or_equal',':attribute must be a date after or equal to :date.','2021-08-17 00:26:35','2021-08-17 00:26:35'),(2512,1,'vi','vendor/lang','alpha',':attribute may only contain letters.','2021-08-17 00:26:35','2021-08-17 00:26:35'),(2513,1,'vi','vendor/lang','alpha_dash',':attribute may only contain letters, numbers, and dashes.','2021-08-17 00:26:35','2021-08-17 00:26:35'),(2514,1,'vi','vendor/lang','alpha_num',':attribute may only contain letters and numbers.','2021-08-17 00:26:35','2021-08-17 00:26:35'),(2515,1,'vi','vendor/lang','array',':attribute must be an array.','2021-08-17 00:26:35','2021-08-17 00:26:35'),(2516,1,'vi','vendor/lang','before',':attribute must be a date before :date.','2021-08-17 00:26:35','2021-08-17 00:26:35'),(2517,1,'vi','vendor/lang','before_or_equal',':attribute must be a date before or equal to :date.','2021-08-17 00:26:35','2021-08-17 00:26:35'),(2518,1,'vi','vendor/lang','between.numeric',':attribute must be between :min and :max.','2021-08-17 00:26:35','2021-08-17 00:26:35'),(2519,1,'vi','vendor/lang','between.file',':attribute must be between :min and :max kilobytes.','2021-08-17 00:26:35','2021-08-17 00:26:35'),(2520,1,'vi','vendor/lang','between.string',':attribute must be between :min and :max characters.','2021-08-17 00:26:35','2021-08-17 00:26:35'),(2521,1,'vi','vendor/lang','between.array',':attribute must have between :min and :max items.','2021-08-17 00:26:35','2021-08-17 00:26:35'),(2522,1,'vi','vendor/lang','boolean',':attribute field must be true or false.','2021-08-17 00:26:35','2021-08-17 00:26:35'),(2523,1,'vi','vendor/lang','confirmed',':attribute xác nhận không trùng khớp','2021-08-17 00:26:35','2021-08-17 00:26:35'),(2524,1,'vi','vendor/lang','date',':attribute is not a valid date.','2021-08-17 00:26:35','2021-08-17 00:26:35'),(2525,1,'vi','vendor/lang','date_format',':attribute does not match the format :format.','2021-08-17 00:26:35','2021-08-17 00:26:35'),(2526,1,'vi','vendor/lang','different',':attribute and :other must be different.','2021-08-17 00:26:35','2021-08-17 00:26:35'),(2527,1,'vi','vendor/lang','digits',':attribute must be :digits digits.','2021-08-17 00:26:36','2021-08-17 00:26:36'),(2528,1,'vi','vendor/lang','digits_between',':attribute must be between :min and :max digits.','2021-08-17 00:26:36','2021-08-17 00:26:36'),(2529,1,'vi','vendor/lang','dimensions',':attribute kích thước ảnh không phù hợp','2021-08-17 00:26:36','2021-08-17 00:26:36'),(2530,1,'vi','vendor/lang','distinct',':attribute field has a duplicate value.','2021-08-17 00:26:36','2021-08-17 00:26:36'),(2531,1,'vi','vendor/lang','email',':attribute phải định dạng email','2021-08-17 00:26:36','2021-08-17 00:26:36'),(2532,1,'vi','vendor/lang','exists','The selected :attribute is invalid.','2021-08-17 00:26:36','2021-08-17 00:26:36'),(2533,1,'vi','vendor/lang','file',':attribute must be a file.','2021-08-17 00:26:36','2021-08-17 00:26:36'),(2534,1,'vi','vendor/lang','filled',':attribute field must have a value.','2021-08-17 00:26:36','2021-08-17 00:26:36'),(2535,1,'vi','vendor/lang','image',':attribute must be an image.','2021-08-17 00:26:36','2021-08-17 00:26:36'),(2536,1,'vi','vendor/lang','in','The selected :attribute is invalid.','2021-08-17 00:26:36','2021-08-17 00:26:36'),(2537,1,'vi','vendor/lang','in_array',':attribute field does not exist in :other.','2021-08-17 00:26:36','2021-08-17 00:26:36'),(2538,1,'vi','vendor/lang','integer',':attribute must be an integer.','2021-08-17 00:26:36','2021-08-17 00:26:36'),(2539,1,'vi','vendor/lang','ip',':attribute must be a valid IP address.','2021-08-17 00:26:36','2021-08-17 00:26:36'),(2540,1,'vi','vendor/lang','json',':attribute must be a valid JSON string.','2021-08-17 00:26:36','2021-08-17 00:26:36'),(2541,1,'vi','vendor/lang','max.numeric',':attribute phải nhỏ hơn :max.','2021-08-17 00:26:36','2021-08-17 00:26:36'),(2542,1,'vi','vendor/lang','max.file',':attribute phải nhỏ hơn :max kilobytes.','2021-08-17 00:26:36','2021-08-17 00:26:36'),(2543,1,'vi','vendor/lang','max.string',':attribute tối đa :max ký tự.','2021-08-17 00:26:36','2021-08-17 00:26:36'),(2544,1,'vi','vendor/lang','max.array',':attribute tối đa :max items.','2021-08-17 00:26:36','2021-08-17 00:26:36'),(2545,1,'vi','vendor/lang','mimes',':attribute chỉ chấp nhận loại file: :values.','2021-08-17 00:26:36','2021-08-17 00:26:36'),(2546,1,'vi','vendor/lang','mimetypes',':attribute chỉ chấp nhận loại file: :values.','2021-08-17 00:26:36','2021-08-17 00:26:36'),(2547,1,'vi','vendor/lang','min.numeric',':attribute phải lớn hơn :min.','2021-08-17 00:26:36','2021-08-17 00:26:36'),(2548,1,'vi','vendor/lang','min.file',':attribute phải lớn hơn :min kilobytes.','2021-08-17 00:26:36','2021-08-17 00:26:36'),(2549,1,'vi','vendor/lang','min.string',':attribute phải lớn hơn :min characters.','2021-08-17 00:26:36','2021-08-17 00:26:36'),(2550,1,'vi','vendor/lang','min.array',':attribute phải lớn hơn :min items.','2021-08-17 00:26:36','2021-08-17 00:26:36'),(2551,1,'vi','vendor/lang','not_in','The selected :attribute is invalid.','2021-08-17 00:26:36','2021-08-17 00:26:36'),(2552,1,'vi','vendor/lang','numeric',':attribute must be a number.','2021-08-17 00:26:36','2021-08-17 00:26:36'),(2553,1,'vi','vendor/lang','present',':attribute field must be present.','2021-08-17 00:26:36','2021-08-17 00:26:36'),(2554,1,'vi','vendor/lang','regex',':attribute format is invalid.','2021-08-17 00:26:36','2021-08-17 00:26:36'),(2555,1,'vi','vendor/lang','required_if',':attribute field is required when :other is :value.','2021-08-17 00:26:36','2021-08-17 00:26:36'),(2556,1,'vi','vendor/lang','required_unless',':attribute field is required unless :other is in :values.','2021-08-17 00:26:36','2021-08-17 00:26:36'),(2557,1,'vi','vendor/lang','required_with',':attribute field is required when :values is present.','2021-08-17 00:26:36','2021-08-17 00:26:36'),(2558,1,'vi','vendor/lang','required_with_all',':attribute field is required when :values is present.','2021-08-17 00:26:36','2021-08-17 00:26:36'),(2559,1,'vi','vendor/lang','required_without',':attribute field is required when :values is not present.','2021-08-17 00:26:36','2021-08-17 00:26:36'),(2560,1,'vi','vendor/lang','required_without_all',':attribute field is required when none of :values are present.','2021-08-17 00:26:36','2021-08-17 00:26:36'),(2561,1,'vi','vendor/lang','same',':attribute and :other must match.','2021-08-17 00:26:36','2021-08-17 00:26:36'),(2562,1,'vi','vendor/lang','size.numeric',':attribute must be :size.','2021-08-17 00:26:36','2021-08-17 00:26:36'),(2563,1,'vi','vendor/lang','size.file',':attribute must be :size kilobytes.','2021-08-17 00:26:36','2021-08-17 00:26:36'),(2564,1,'vi','vendor/lang','size.string',':attribute must be :size characters.','2021-08-17 00:26:36','2021-08-17 00:26:36'),(2565,1,'vi','vendor/lang','size.array',':attribute must contain :size items.','2021-08-17 00:26:36','2021-08-17 00:26:36'),(2566,1,'vi','vendor/lang','string',':attribute must be a string.','2021-08-17 00:26:36','2021-08-17 00:26:36'),(2567,1,'vi','vendor/lang','timezone',':attribute must be a valid zone.','2021-08-17 00:26:36','2021-08-17 00:26:36'),(2568,1,'vi','vendor/lang','unique',':attribute has already been taken.','2021-08-17 00:26:36','2021-08-17 00:26:36'),(2569,1,'vi','vendor/lang','uploaded',':attribute failed to upload.','2021-08-17 00:26:36','2021-08-17 00:26:36'),(2570,1,'vi','vendor/lang','url',':attribute format is invalid.','2021-08-17 00:26:36','2021-08-17 00:26:36'),(2571,1,'vi','vendor/lang','custom.attribute-name.rule-name','custom-message','2021-08-17 00:26:36','2021-08-17 00:26:36'),(2572,1,'vi','vendor/lang','api.login.email_required','Please enter email','2021-08-17 00:26:36','2021-08-17 00:26:36'),(2573,1,'vi','vendor/lang','api.login.valid_email','Please enter valid email address.','2021-08-17 00:26:36','2021-08-17 00:26:36'),(2574,1,'vi','vendor/lang','api.login.password_required','Please enter passsword.','2021-08-17 00:26:36','2021-08-17 00:26:36'),(2575,1,'vi','vendor/lang','api.login.username_password_didnt_match','Please enter valid credentials.','2021-08-17 00:26:36','2021-08-17 00:26:36'),(2576,1,'vi','vendor/lang','api.forgotpassword.email_required','Please enter email','2021-08-17 00:26:36','2021-08-17 00:26:36'),(2577,1,'vi','vendor/lang','api.forgotpassword.valid_email','Please enter valid email address.','2021-08-17 00:26:36','2021-08-17 00:26:36'),(2578,1,'vi','vendor/lang','api.forgotpassword.email_not_valid','Email you entered is not register with fin builders.','2021-08-17 00:26:36','2021-08-17 00:26:36'),(2579,1,'vi','vendor/lang','api.resetpassword.email_required','Please enter email','2021-08-17 00:26:36','2021-08-17 00:26:36'),(2580,1,'vi','vendor/lang','api.resetpassword.valid_email','Please enter valid email address.','2021-08-17 00:26:36','2021-08-17 00:26:36'),(2581,1,'vi','vendor/lang','api.resetpassword.password_required','Please enter passsword.','2021-08-17 00:26:36','2021-08-17 00:26:36'),(2582,1,'vi','vendor/lang','api.resetpassword.password_confirmed','passsword and confirm passsword do not match.','2021-08-17 00:26:36','2021-08-17 00:26:36'),(2583,1,'vi','vendor/lang','api.resetpassword.token_required','Please enter token.','2021-08-17 00:26:36','2021-08-17 00:26:36'),(2584,1,'vi','vendor/lang','api.resetpassword.confirm_password_required','Please enter confirm password.','2021-08-17 00:26:36','2021-08-17 00:26:36'),(2585,1,'vi','vendor/lang','api.resetpassword.token_not_valid','Given token is invalid.','2021-08-17 00:26:36','2021-08-17 00:26:36'),(2586,1,'vi','vendor/lang','api.resetpassword.email_not_valid','Email you entered is not register with fin builders.','2021-08-17 00:26:36','2021-08-17 00:26:36'),(2587,1,'vi','vendor/lang','api.register.state_required','Please enter state.','2021-08-17 00:26:36','2021-08-17 00:26:36'),(2588,1,'vi','vendor/lang','api.register.city_required','Please enter city.','2021-08-17 00:26:36','2021-08-17 00:26:36'),(2589,1,'vi','vendor/lang','api.confirmaccount.already_confirmed','Account is already confirmed.','2021-08-17 00:26:36','2021-08-17 00:26:36'),(2590,1,'vi','vendor/lang','api.confirmaccount.invalid_otp','Please enter valid otp.','2021-08-17 00:26:36','2021-08-17 00:26:36'),(2591,1,'vi','vendor/lang','api.confirmaccount.invalid_email','Email is not register with fin builders','2021-08-17 00:26:36','2021-08-17 00:26:36');
/*!40000 ALTER TABLE `ltm_translations` ENABLE KEYS */;
UNLOCK TABLES;

--
-- Table structure for table `menus`
--

DROP TABLE IF EXISTS `menus`;
/*!40101 SET @saved_cs_client     = @@character_set_client */;
/*!40101 SET character_set_client = utf8 */;
CREATE TABLE `menus` (
  `id` int(10) unsigned NOT NULL AUTO_INCREMENT,
  `type` enum('backend','frontend') COLLATE utf8mb4_unicode_ci NOT NULL,
  `name` varchar(191) COLLATE utf8mb4_unicode_ci NOT NULL,
  `items` text COLLATE utf8mb4_unicode_ci DEFAULT NULL,
  `created_by` int(10) unsigned NOT NULL,
  `updated_by` int(10) unsigned DEFAULT NULL,
  `created_at` timestamp NULL DEFAULT NULL,
  `updated_at` timestamp NULL DEFAULT NULL,
  `deleted_at` timestamp NULL DEFAULT NULL,
  PRIMARY KEY (`id`)
) ENGINE=InnoDB AUTO_INCREMENT=3 DEFAULT CHARSET=utf8mb4 COLLATE=utf8mb4_unicode_ci;
/*!40101 SET character_set_client = @saved_cs_client */;

--
-- Dumping data for table `menus`
--

LOCK TABLES `menus` WRITE;
/*!40000 ALTER TABLE `menus` DISABLE KEYS */;
INSERT INTO `menus` VALUES (1,'backend','Backend Sidebar Menu','[{\"id\":11,\"name\":\"Quản lý truy cập\",\"url\":\"\",\"url_type\":\"route\",\"open_in_new_tab\":0,\"icon\":\"fa-users\",\"view_permission_id\":\"view-access-management, view-user-management \",\"content\":\"Quản lý truy cập\",\"children\":[{\"id\":12,\"name\":\"Quản lý User\",\"url\":\"admin.access.user.index\",\"url_type\":\"route\",\"open_in_new_tab\":0,\"view_permission_id\":\"view-user-management\",\"content\":\"Quản lý User\"},{\"id\":13,\"name\":\"Quản lý Role\",\"url\":\"admin.access.role.index\",\"url_type\":\"route\",\"open_in_new_tab\":0,\"view_permission_id\":\"role-management\",\"content\":\"Quản lý Roles\"},{\"id\":14,\"name\":\"Quản lý Permission\",\"url\":\"admin.access.permission.index\",\"url_type\":\"route\",\"open_in_new_tab\":0,\"view_permission_id\":\"permission-management\",\"content\":\"Quản lý Permission\"}]},{\"view_permission_id\":\"\",\"icon\":\"fa-language\",\"open_in_new_tab\":0,\"url_type\":\"static\",\"url\":\"/admin/languages\",\"name\":\"Bản dịch\",\"id\":32,\"content\":\"Bản dịch\"},{\"id\":3,\"name\":\"Menus\",\"url\":\"admin.menus.edit?menu=1\",\"url_type\":\"route\",\"open_in_new_tab\":0,\"icon\":\"fa-bars\",\"view_permission_id\":\"view-menu-backend\",\"content\":\"Menus\"},{\"id\":29,\"name\":\"Nav Menus\",\"url\":\"admin.menus.edit?menu=2\",\"url_type\":\"route\",\"open_in_new_tab\":0,\"icon\":\"fa-bars\",\"view_permission_id\":\"view-menu-frontend\",\"content\":\"Nav Menus\"},{\"id\":9,\"name\":\"Settings\",\"url\":\"admin.settings.edit?setting=1\",\"url_type\":\"route\",\"open_in_new_tab\":0,\"icon\":\"fa-gear\",\"view_permission_id\":\"setting-management\",\"content\":\"Settings\"},{\"id\":15,\"name\":\"Quản lý bài viết\",\"url\":\"\",\"url_type\":\"route\",\"open_in_new_tab\":0,\"icon\":\"fa-commenting\",\"view_permission_id\":\"blog-management\",\"content\":\"Quản lý bài viết\",\"children\":[{\"id\":16,\"name\":\"Quản lý Danh mục bài viết\",\"url\":\"admin.blogCategories.index\",\"url_type\":\"route\",\"open_in_new_tab\":0,\"view_permission_id\":\"blog-category-management\",\"content\":\"Quản lý Danh mục bài viết\"},{\"id\":17,\"name\":\"Quản lý Tag Bài viết\",\"url\":\"admin.blogTags.index\",\"url_type\":\"route\",\"open_in_new_tab\":0,\"view_permission_id\":\"blog-tag-management\",\"content\":\"Quản lý Tag Bài viết\"},{\"id\":18,\"name\":\"Quản lý bài viết\",\"url\":\"admin.blogs.index\",\"url_type\":\"route\",\"open_in_new_tab\":0,\"view_permission_id\":\"blog-management\",\"content\":\"Quản lý bài viết\"}]},{\"view_permission_id\":\"product-management\",\"icon\":\"fa-product-hunt\",\"open_in_new_tab\":0,\"url_type\":\"route\",\"url\":\"\",\"name\":\"Quản lý sản phẩm\",\"id\":22,\"content\":\"Quản lý sản phẩm\",\"children\":[{\"view_permission_id\":\"product-category-management\",\"open_in_new_tab\":0,\"url_type\":\"route\",\"url\":\"admin.productcategories.index\",\"name\":\"Quản lý Danh mục sản phẩm\",\"id\":23,\"content\":\"Quản lý Danh mục sản phẩm\"},{\"view_permission_id\":\"product-management\",\"open_in_new_tab\":0,\"url_type\":\"route\",\"url\":\"admin.products.index\",\"name\":\"Quản lý sản phẩm\",\"id\":24,\"content\":\"Quản lý sản phẩm\"}]},{\"id\":29,\"name\":\"Quản lý dịch vụ / dự án\",\"url\":\"\",\"url_type\":\"route\",\"open_in_new_tab\":0,\"icon\":\"fa-product-hunt\",\"view_permission_id\":\"project-management\",\"content\":\"Quản lý dịch vụ / dự án\",\"children\":[{\"id\":30,\"name\":\"Quản lý Danh mục dịch vụ / dự án\",\"url\":\"admin.projectcategories.index\",\"url_type\":\"route\",\"open_in_new_tab\":0,\"view_permission_id\":\"project-category-management\",\"content\":\"Quản lý Danh mục DV/Dự án\"},{\"id\":31,\"name\":\"Quản lý dịch vụ / dự án\",\"url\":\"admin.projects.index\",\"url_type\":\"route\",\"open_in_new_tab\":0,\"view_permission_id\":\"project-management\",\"content\":\"Quản lý dịch vụ / dự án\"}]},{\"id\":19,\"name\":\"Quản lý tài liệu\",\"url\":\"\",\"url_type\":\"route\",\"open_in_new_tab\":0,\"icon\":\"fa-file\",\"view_permission_id\":\"document-management\",\"content\":\"Quản lý tài liệu\",\"children\":[{\"id\":20,\"name\":\"Quản lý Danh mục tài liệu\",\"url\":\"admin.documentcategories.index\",\"url_type\":\"route\",\"open_in_new_tab\":0,\"view_permission_id\":\"document-category-management\",\"content\":\"Quản lý Danh mục tài liệu\"},{\"id\":21,\"name\":\"Quản lý tài liệu\",\"url\":\"admin.documents.index\",\"url_type\":\"route\",\"open_in_new_tab\":0,\"view_permission_id\":\"document-management\",\"content\":\"Quản lý tài liệu\"}]},{\"id\":25,\"name\":\"Quản lý phản hồi\",\"url\":\"admin.faqs.index\",\"url_type\":\"route\",\"open_in_new_tab\":0,\"icon\":\"fa-question-circle\",\"view_permission_id\":\"faq-management\",\"content\":\"Quản lý phản hồi\"},{\"id\":27,\"name\":\"Quản lý Banner\",\"url\":\"admin.banners.index\",\"url_type\":\"route\",\"open_in_new_tab\":0,\"icon\":\"fa-photo\",\"view_permission_id\":\"banner-management\",\"content\":\"Quản lý Banner\"},{\"id\":28,\"name\":\"Quản lý đối tác\",\"url\":\"admin.partners.index\",\"url_type\":\"route\",\"open_in_new_tab\":0,\"icon\":\"fa-users\",\"view_permission_id\":\"partner-management\",\"content\":\"Quản lý đối tác\"}]',1,NULL,'2021-08-15 00:45:59','2021-08-17 05:08:49',NULL),(2,'frontend','Frontend Nav Menu','[{\"id\":1,\"vi_name\":\"Trang chủ\",\"en_name\":\"Home\",\"url\":\"/\",\"url_type\":\"route\",\"open_in_new_tab\":0,\"content\":\"Trang chủ - url: /\"},{\"id\":2,\"vi_name\":\"Sản Phẩm\",\"en_name\":\"Products\",\"url\":\"/san-pham\",\"url_type\":\"route\",\"open_in_new_tab\":0,\"content\":\"Sản Phẩm - url: /san-pham\",\"children\":[{\"id\":13,\"en_name\":\"SketchUp Software\",\"vi_name\":\"Phần Mềm SketchUp\",\"url\":\"/san-pham/phan-mem-sketchup\",\"open_in_new_tab\":0,\"content\":\"Phần Mềm SketchUp - url: /san-pham/phan-mem-sketchup\"},{\"open_in_new_tab\":0,\"url\":\"/san-pham/navisworks-manage-cong-cu-danh-cho-nguoi-quan-ly-du-an-thoi-dai-bim\",\"vi_name\":\"Navisworks Manage – Công Cụ Dành Cho Người Quản Lý Dự Án Thời Đại BIM\",\"en_name\":\"Navisworks Manage – Tool For BIM Era Project Managers\",\"id\":14,\"content\":\"Navisworks Manage – Công Cụ Dành Cho Người Quản Lý Dự Án Thời Đại BIM - url: /san-pham/navisworks-manage-cong-cu-danh-cho-nguoi-quan-ly-du-an-thoi-dai-bim\"},{\"id\":15,\"en_name\":\"BIM 5D Software\",\"vi_name\":\"Phần mềm BIM 5D\",\"url\":\"/san-pham/danh-muc/phan-mem-bim-5d\",\"open_in_new_tab\":0,\"content\":\"Phần mềm BIM 5D - url: /san-pham/danh-muc/phan-mem-bim-5d\"}]},{\"id\":3,\"vi_name\":\"Dịch Vụ\",\"en_name\":\"Services\",\"url\":\"/du-an\",\"url_type\":\"route\",\"open_in_new_tab\":0,\"content\":\"Dịch Vụ - url: /du-an\",\"children\":[{\"open_in_new_tab\":0,\"url\":\"/du-an/danh-muc/phoi-hop-bim-3d\",\"vi_name\":\"Phối Hợp BIM 3D\",\"en_name\":\"BIM 3D Coordination\",\"id\":9,\"content\":\"Phối Hợp BIM 3D - url: /du-an/danh-muc/phoi-hop-bim-3d\"},{\"open_in_new_tab\":0,\"url\":\"/du-an/danh-muc/bim-4d\",\"vi_name\":\"BIM 4D\",\"en_name\":\"BIM 4D\",\"id\":10,\"content\":\"BIM 4D - url: /du-an/danh-muc/bim-4d\"},{\"open_in_new_tab\":0,\"url\":\"/du-an/danh-muc/bim-5d\",\"vi_name\":\"BIM 5D\",\"en_name\":\"BIM 5D\",\"id\":11,\"content\":\"BIM 5D - url: /du-an/danh-muc/bim-5d\"},{\"open_in_new_tab\":0,\"url\":\"/du-an/danh-muc/cac-du-an-da-thuc-hien\",\"vi_name\":\"Các Dự Án Đã Thực Hiện\",\"en_name\":\"Project Was Implemented\",\"id\":12,\"content\":\"Các Dự Án Đã Thực Hiện - url: /du-an/danh-muc/cac-du-an-da-thuc-hien\"}]},{\"id\":4,\"vi_name\":\"Bài viết\",\"en_name\":\"Articles\",\"url\":\"/bai-viet\",\"url_type\":\"route\",\"open_in_new_tab\":0,\"content\":\"Bài viết - url: /bai-viet\"},{\"id\":5,\"vi_name\":\"Download\",\"en_name\":\"Download\",\"url\":\"\",\"url_type\":\"route\",\"open_in_new_tab\":0,\"content\":\"Download - url: \",\"children\":[{\"id\":16,\"en_name\":\"Installer\",\"vi_name\":\"Bộ cài\",\"url\":\"/tai-lieu/danh-muc/bo-cai\",\"open_in_new_tab\":1,\"content\":\"Bộ cài - url: /tai-lieu/danh-muc/bo-cai\"},{\"open_in_new_tab\":1,\"url\":\"/tai-lieu/danh-muc/tai-lieu-huong-dan\",\"vi_name\":\"Tài liệu hướng dẫn\",\"en_name\":\"Manual document\",\"id\":17,\"content\":\"Tài liệu hướng dẫn - url: /tai-lieu/danh-muc/tai-lieu-huong-dan\"}]},{\"id\":6,\"vi_name\":\"Liên hệ\",\"en_name\":\"Contact\",\"url\":\"/lien-he\",\"url_type\":\"route\",\"open_in_new_tab\":0,\"content\":\"Liên hệ - url: /lien-he\"}]',1,NULL,'2021-08-15 00:45:59','2021-08-16 13:08:15',NULL);
/*!40000 ALTER TABLE `menus` ENABLE KEYS */;
UNLOCK TABLES;

--
-- Table structure for table `migrations`
--

DROP TABLE IF EXISTS `migrations`;
/*!40101 SET @saved_cs_client     = @@character_set_client */;
/*!40101 SET character_set_client = utf8 */;
CREATE TABLE `migrations` (
  `id` int(10) unsigned NOT NULL AUTO_INCREMENT,
  `migration` varchar(191) COLLATE utf8mb4_unicode_ci NOT NULL,
  `batch` int(11) NOT NULL,
  PRIMARY KEY (`id`)
) ENGINE=InnoDB AUTO_INCREMENT=44 DEFAULT CHARSET=utf8mb4 COLLATE=utf8mb4_unicode_ci;
/*!40101 SET character_set_client = @saved_cs_client */;

--
-- Dumping data for table `migrations`
--

LOCK TABLES `migrations` WRITE;
/*!40000 ALTER TABLE `migrations` DISABLE KEYS */;
INSERT INTO `migrations` VALUES (1,'2014_04_02_193005_create_translations_table',1),(2,'2016_06_01_000001_create_oauth_auth_codes_table',1),(3,'2016_06_01_000002_create_oauth_access_tokens_table',1),(4,'2016_06_01_000003_create_oauth_refresh_tokens_table',1),(5,'2016_06_01_000004_create_oauth_clients_table',1),(6,'2016_06_01_000005_create_oauth_personal_access_clients_table',1),(7,'2017_11_02_060149_create_blog_categories_table',1),(8,'2017_11_02_060149_create_blog_map_categories_table',1),(9,'2017_11_02_060149_create_blog_map_tags_table',1),(10,'2017_11_02_060149_create_blog_tags_table',1),(11,'2017_11_02_060149_create_blogs_table',1),(12,'2017_11_02_060149_create_faqs_table',1),(13,'2017_11_02_060149_create_modules_table',1),(14,'2017_11_02_060149_create_permission_role_table',1),(15,'2017_11_02_060149_create_permission_user_table',1),(16,'2017_11_02_060149_create_permissions_table',1),(17,'2017_11_02_060149_create_role_user_table',1),(18,'2017_11_02_060149_create_roles_table',1),(19,'2017_11_02_060149_create_sessions_table',1),(20,'2017_11_02_060149_create_settings_table',1),(21,'2017_11_02_060149_create_users_table',1),(22,'2017_11_02_060152_add_foreign_keys_to_permission_role_table',1),(23,'2017_11_02_060152_add_foreign_keys_to_permission_user_table',1),(24,'2017_11_02_060152_add_foreign_keys_to_role_user_table',1),(25,'2017_12_10_122555_create_menus_table',1),(26,'2017_12_24_042039_add_null_constraint_on_created_by_on_user_table',1),(27,'2017_12_28_005822_add_null_constraint_on_created_by_on_role_table',1),(28,'2017_12_28_010952_add_null_constraint_on_created_by_on_permission_table',1),(29,'2018_08_08_100000_create_telescope_entries_table',1),(30,'2020_09_28_151527_create_products_table',1),(31,'2020_09_28_152255_create_product_categories_table',1),(32,'2020_09_28_175324_create_product_map_categories',1),(36,'2020_10_05_090148_create_banners_table',1),(37,'2020_10_05_162141_create_partners_table',1),(38,'2021_07_16_062812_create_project_categories_table',1),(39,'2021_07_16_062852_create_projects_table',1),(40,'2021_07_16_073537_project_map_categories',1),(41,'2020_09_29_184117_create_documentcategories_table',2),(42,'2020_09_30_191758_create_documents_table',2),(43,'2020_09_30_192744_create_document_map_categories_table',2);
/*!40000 ALTER TABLE `migrations` ENABLE KEYS */;
UNLOCK TABLES;

--
-- Table structure for table `modules`
--

DROP TABLE IF EXISTS `modules`;
/*!40101 SET @saved_cs_client     = @@character_set_client */;
/*!40101 SET character_set_client = utf8 */;
CREATE TABLE `modules` (
  `id` int(10) unsigned NOT NULL AUTO_INCREMENT,
  `view_permission_id` varchar(191) COLLATE utf8mb4_unicode_ci NOT NULL,
  `name` varchar(191) COLLATE utf8mb4_unicode_ci NOT NULL,
  `url` varchar(191) COLLATE utf8mb4_unicode_ci DEFAULT NULL COMMENT 'view_route',
  `created_by` int(10) unsigned NOT NULL,
  `updated_by` int(10) unsigned DEFAULT NULL,
  `created_at` timestamp NULL DEFAULT NULL,
  `updated_at` timestamp NULL DEFAULT NULL,
  PRIMARY KEY (`id`)
) ENGINE=InnoDB AUTO_INCREMENT=19 DEFAULT CHARSET=utf8mb4 COLLATE=utf8mb4_unicode_ci;
/*!40101 SET character_set_client = @saved_cs_client */;

--
-- Dumping data for table `modules`
--

LOCK TABLES `modules` WRITE;
/*!40000 ALTER TABLE `modules` DISABLE KEYS */;
INSERT INTO `modules` VALUES (1,'view-user-management','Quản lý Users','admin.access.user.index',1,NULL,'2021-08-15 00:46:00',NULL),(2,'role-management','Quản lý Roles','admin.access.role.index',1,NULL,'2021-08-15 00:46:00',NULL),(3,'permission-management','Quản lý Permissions','admin.access.permission.index',1,NULL,'2021-08-15 00:46:00',NULL),(4,'view-menu','Quản lý Menus','admin.menus.index',1,NULL,'2021-08-15 00:46:00',NULL),(5,'view-module','Quản lý Modules','admin.modules.index',1,NULL,'2021-08-15 00:46:00',NULL),(6,'setting-management','Quản lý Settings','admin.settings.edit',1,NULL,'2021-08-15 00:46:00',NULL),(7,'blog-category-management','Quản lý Blog Categories','admin.blogcategories.index',1,NULL,'2021-08-15 00:46:00',NULL),(8,'blog-tag-management','Quản lý Blog Tags','admin.blogtags.index',1,NULL,'2021-08-15 00:46:00',NULL),(9,'blog-management','Quản lý Blogs','admin.blogs.index',1,NULL,'2021-08-15 00:46:00',NULL),(10,'product-category-management','Quản lý Product Categories','admin.productcategories.index',1,NULL,'2021-08-15 00:46:00',NULL),(11,'product-management','Quản lý Products','admin.products.index',1,NULL,'2021-08-15 00:46:00',NULL),(12,'faq-management','Quản lý FAQ','admin.faqs.index',1,NULL,'2021-08-15 00:46:00',NULL),(13,'document-category-management','Quản lý Document Categories','admin.documentcategories.index',1,NULL,'2021-08-15 00:46:00',NULL),(14,'document-management','Quản lý Documents','admin.documents.index',1,NULL,'2021-08-15 00:46:00',NULL),(15,'banner-management','Quản lý Banners','admin.banners.index',1,NULL,'2021-08-15 00:46:00',NULL),(16,'partner-management','Quản lý Partners','admin.partners.index',1,NULL,'2021-08-15 00:46:00',NULL),(17,'project-category-management','Quản lý Project Categories','admin.partners.index',1,NULL,'2021-08-15 00:46:00',NULL),(18,'project-management','Quản lý Projects','admin.partners.index',1,NULL,'2021-08-15 00:46:00',NULL);
/*!40000 ALTER TABLE `modules` ENABLE KEYS */;
UNLOCK TABLES;

--
-- Table structure for table `oauth_access_tokens`
--

DROP TABLE IF EXISTS `oauth_access_tokens`;
/*!40101 SET @saved_cs_client     = @@character_set_client */;
/*!40101 SET character_set_client = utf8 */;
CREATE TABLE `oauth_access_tokens` (
  `id` varchar(100) COLLATE utf8mb4_unicode_ci NOT NULL,
  `user_id` bigint(20) DEFAULT NULL,
  `client_id` int(10) unsigned NOT NULL,
  `name` varchar(191) COLLATE utf8mb4_unicode_ci DEFAULT NULL,
  `scopes` text COLLATE utf8mb4_unicode_ci DEFAULT NULL,
  `revoked` tinyint(1) NOT NULL,
  `created_at` timestamp NULL DEFAULT NULL,
  `updated_at` timestamp NULL DEFAULT NULL,
  `expires_at` datetime DEFAULT NULL,
  PRIMARY KEY (`id`),
  KEY `oauth_access_tokens_user_id_index` (`user_id`)
) ENGINE=InnoDB DEFAULT CHARSET=utf8mb4 COLLATE=utf8mb4_unicode_ci;
/*!40101 SET character_set_client = @saved_cs_client */;

--
-- Dumping data for table `oauth_access_tokens`
--

LOCK TABLES `oauth_access_tokens` WRITE;
/*!40000 ALTER TABLE `oauth_access_tokens` DISABLE KEYS */;
/*!40000 ALTER TABLE `oauth_access_tokens` ENABLE KEYS */;
UNLOCK TABLES;

--
-- Table structure for table `oauth_auth_codes`
--

DROP TABLE IF EXISTS `oauth_auth_codes`;
/*!40101 SET @saved_cs_client     = @@character_set_client */;
/*!40101 SET character_set_client = utf8 */;
CREATE TABLE `oauth_auth_codes` (
  `id` varchar(100) COLLATE utf8mb4_unicode_ci NOT NULL,
  `user_id` bigint(20) NOT NULL,
  `client_id` int(10) unsigned NOT NULL,
  `scopes` text COLLATE utf8mb4_unicode_ci DEFAULT NULL,
  `revoked` tinyint(1) NOT NULL,
  `expires_at` datetime DEFAULT NULL,
  PRIMARY KEY (`id`)
) ENGINE=InnoDB DEFAULT CHARSET=utf8mb4 COLLATE=utf8mb4_unicode_ci;
/*!40101 SET character_set_client = @saved_cs_client */;

--
-- Dumping data for table `oauth_auth_codes`
--

LOCK TABLES `oauth_auth_codes` WRITE;
/*!40000 ALTER TABLE `oauth_auth_codes` DISABLE KEYS */;
/*!40000 ALTER TABLE `oauth_auth_codes` ENABLE KEYS */;
UNLOCK TABLES;

--
-- Table structure for table `oauth_clients`
--

DROP TABLE IF EXISTS `oauth_clients`;
/*!40101 SET @saved_cs_client     = @@character_set_client */;
/*!40101 SET character_set_client = utf8 */;
CREATE TABLE `oauth_clients` (
  `id` int(10) unsigned NOT NULL AUTO_INCREMENT,
  `user_id` bigint(20) DEFAULT NULL,
  `name` varchar(191) COLLATE utf8mb4_unicode_ci NOT NULL,
  `secret` varchar(100) COLLATE utf8mb4_unicode_ci NOT NULL,
  `redirect` text COLLATE utf8mb4_unicode_ci NOT NULL,
  `personal_access_client` tinyint(1) NOT NULL,
  `password_client` tinyint(1) NOT NULL,
  `revoked` tinyint(1) NOT NULL,
  `created_at` timestamp NULL DEFAULT NULL,
  `updated_at` timestamp NULL DEFAULT NULL,
  PRIMARY KEY (`id`),
  KEY `oauth_clients_user_id_index` (`user_id`)
) ENGINE=InnoDB DEFAULT CHARSET=utf8mb4 COLLATE=utf8mb4_unicode_ci;
/*!40101 SET character_set_client = @saved_cs_client */;

--
-- Dumping data for table `oauth_clients`
--

LOCK TABLES `oauth_clients` WRITE;
/*!40000 ALTER TABLE `oauth_clients` DISABLE KEYS */;
/*!40000 ALTER TABLE `oauth_clients` ENABLE KEYS */;
UNLOCK TABLES;

--
-- Table structure for table `oauth_personal_access_clients`
--

DROP TABLE IF EXISTS `oauth_personal_access_clients`;
/*!40101 SET @saved_cs_client     = @@character_set_client */;
/*!40101 SET character_set_client = utf8 */;
CREATE TABLE `oauth_personal_access_clients` (
  `id` int(10) unsigned NOT NULL AUTO_INCREMENT,
  `client_id` int(10) unsigned NOT NULL,
  `created_at` timestamp NULL DEFAULT NULL,
  `updated_at` timestamp NULL DEFAULT NULL,
  PRIMARY KEY (`id`),
  KEY `oauth_personal_access_clients_client_id_index` (`client_id`)
) ENGINE=InnoDB DEFAULT CHARSET=utf8mb4 COLLATE=utf8mb4_unicode_ci;
/*!40101 SET character_set_client = @saved_cs_client */;

--
-- Dumping data for table `oauth_personal_access_clients`
--

LOCK TABLES `oauth_personal_access_clients` WRITE;
/*!40000 ALTER TABLE `oauth_personal_access_clients` DISABLE KEYS */;
/*!40000 ALTER TABLE `oauth_personal_access_clients` ENABLE KEYS */;
UNLOCK TABLES;

--
-- Table structure for table `oauth_refresh_tokens`
--

DROP TABLE IF EXISTS `oauth_refresh_tokens`;
/*!40101 SET @saved_cs_client     = @@character_set_client */;
/*!40101 SET character_set_client = utf8 */;
CREATE TABLE `oauth_refresh_tokens` (
  `id` varchar(100) COLLATE utf8mb4_unicode_ci NOT NULL,
  `access_token_id` varchar(100) COLLATE utf8mb4_unicode_ci NOT NULL,
  `revoked` tinyint(1) NOT NULL,
  `expires_at` datetime DEFAULT NULL,
  PRIMARY KEY (`id`),
  KEY `oauth_refresh_tokens_access_token_id_index` (`access_token_id`)
) ENGINE=InnoDB DEFAULT CHARSET=utf8mb4 COLLATE=utf8mb4_unicode_ci;
/*!40101 SET character_set_client = @saved_cs_client */;

--
-- Dumping data for table `oauth_refresh_tokens`
--

LOCK TABLES `oauth_refresh_tokens` WRITE;
/*!40000 ALTER TABLE `oauth_refresh_tokens` DISABLE KEYS */;
/*!40000 ALTER TABLE `oauth_refresh_tokens` ENABLE KEYS */;
UNLOCK TABLES;

--
-- Table structure for table `partners`
--

DROP TABLE IF EXISTS `partners`;
/*!40101 SET @saved_cs_client     = @@character_set_client */;
/*!40101 SET character_set_client = utf8 */;
CREATE TABLE `partners` (
  `id` int(10) unsigned NOT NULL AUTO_INCREMENT,
  `featured_image` varchar(191) COLLATE utf8mb4_unicode_ci NOT NULL,
  `status` tinyint(1) NOT NULL DEFAULT 0,
  `created_by` int(10) unsigned NOT NULL,
  `updated_by` int(10) unsigned DEFAULT NULL,
  `created_at` timestamp NULL DEFAULT NULL,
  `updated_at` timestamp NULL DEFAULT NULL,
  `deleted_at` timestamp NULL DEFAULT NULL,
  PRIMARY KEY (`id`)
) ENGINE=InnoDB AUTO_INCREMENT=8 DEFAULT CHARSET=utf8mb4 COLLATE=utf8mb4_unicode_ci;
/*!40101 SET character_set_client = @saved_cs_client */;

--
-- Dumping data for table `partners`
--

LOCK TABLES `partners` WRITE;
/*!40000 ALTER TABLE `partners` DISABLE KEYS */;
INSERT INTO `partners` VALUES (1,'1629046555-jpg.jpg',1,2,NULL,'2021-08-15 09:55:55','2021-08-15 09:56:02','2021-08-15 09:56:02'),(2,'1629144786-png.png',1,2,NULL,'2021-08-16 13:13:06','2021-08-16 13:13:06',NULL),(3,'',0,2,NULL,'2021-08-16 13:13:12','2021-08-16 13:13:43','2021-08-16 13:13:43'),(4,'1629145125-png.png',1,2,NULL,'2021-08-16 13:18:45','2021-08-16 13:18:45',NULL),(5,'1629145984-png.png',1,2,NULL,'2021-08-16 13:33:04','2021-08-16 13:33:04',NULL),(6,'1629145997-png.png',1,2,NULL,'2021-08-16 13:33:17','2021-08-16 13:33:17',NULL),(7,'1629146008-png.png',1,2,NULL,'2021-08-16 13:33:28','2021-08-16 13:33:28',NULL);
/*!40000 ALTER TABLE `partners` ENABLE KEYS */;
UNLOCK TABLES;

--
-- Table structure for table `partners_translations`
--

DROP TABLE IF EXISTS `partners_translations`;
/*!40101 SET @saved_cs_client     = @@character_set_client */;
/*!40101 SET character_set_client = utf8 */;
CREATE TABLE `partners_translations` (
  `id` int(10) unsigned NOT NULL AUTO_INCREMENT,
  `partner_id` int(10) unsigned NOT NULL,
  `locale` varchar(191) COLLATE utf8mb4_unicode_ci NOT NULL,
  `name` varchar(191) COLLATE utf8mb4_unicode_ci DEFAULT NULL,
  `deleted_at` timestamp NULL DEFAULT NULL,
  PRIMARY KEY (`id`),
  UNIQUE KEY `partners_translations_partner_id_locale_unique` (`partner_id`,`locale`),
  KEY `partners_translations_locale_index` (`locale`),
  CONSTRAINT `partners_translations_partner_id_foreign` FOREIGN KEY (`partner_id`) REFERENCES `partners` (`id`) ON DELETE CASCADE
) ENGINE=InnoDB AUTO_INCREMENT=13 DEFAULT CHARSET=utf8mb4 COLLATE=utf8mb4_unicode_ci;
/*!40101 SET character_set_client = @saved_cs_client */;

--
-- Dumping data for table `partners_translations`
--

LOCK TABLES `partners_translations` WRITE;
/*!40000 ALTER TABLE `partners_translations` DISABLE KEYS */;
INSERT INTO `partners_translations` VALUES (1,1,'en','Tag 2',NULL),(2,1,'vi','Thẻ 2','2021-08-15 09:56:02'),(3,2,'en','Partner 1',NULL),(4,2,'vi','Đối tác 1',NULL),(5,4,'en','Basic BIM',NULL),(6,4,'vi','BIM Nâng cao',NULL),(7,5,'en','ưerwe',NULL),(8,5,'vi','qưerwer',NULL),(9,6,'en','2312',NULL),(10,6,'vi','123123',NULL),(11,7,'en','3422134234',NULL),(12,7,'vi','23423412',NULL);
/*!40000 ALTER TABLE `partners_translations` ENABLE KEYS */;
UNLOCK TABLES;

--
-- Table structure for table `permission_role`
--

DROP TABLE IF EXISTS `permission_role`;
/*!40101 SET @saved_cs_client     = @@character_set_client */;
/*!40101 SET character_set_client = utf8 */;
CREATE TABLE `permission_role` (
  `id` int(10) unsigned NOT NULL AUTO_INCREMENT,
  `permission_id` int(10) unsigned NOT NULL,
  `role_id` int(10) unsigned NOT NULL,
  PRIMARY KEY (`id`),
  KEY `permission_role_permission_id_foreign` (`permission_id`),
  KEY `permission_role_role_id_foreign` (`role_id`),
  CONSTRAINT `permission_role_permission_id_foreign` FOREIGN KEY (`permission_id`) REFERENCES `permissions` (`id`) ON DELETE CASCADE,
  CONSTRAINT `permission_role_role_id_foreign` FOREIGN KEY (`role_id`) REFERENCES `roles` (`id`) ON DELETE CASCADE
) ENGINE=InnoDB AUTO_INCREMENT=18 DEFAULT CHARSET=utf8mb4 COLLATE=utf8mb4_unicode_ci;
/*!40101 SET character_set_client = @saved_cs_client */;

--
-- Dumping data for table `permission_role`
--

LOCK TABLES `permission_role` WRITE;
/*!40000 ALTER TABLE `permission_role` DISABLE KEYS */;
INSERT INTO `permission_role` VALUES (1,1,2),(2,2,2),(3,3,2),(4,18,2),(5,19,2),(6,20,2),(7,21,2),(8,22,2),(9,23,2),(10,24,2),(11,25,2),(12,26,2),(13,28,2),(14,29,2),(15,30,2),(16,31,2),(17,33,2);
/*!40000 ALTER TABLE `permission_role` ENABLE KEYS */;
UNLOCK TABLES;

--
-- Table structure for table `permission_user`
--

DROP TABLE IF EXISTS `permission_user`;
/*!40101 SET @saved_cs_client     = @@character_set_client */;
/*!40101 SET character_set_client = utf8 */;
CREATE TABLE `permission_user` (
  `id` int(10) unsigned NOT NULL AUTO_INCREMENT,
  `permission_id` int(10) unsigned NOT NULL,
  `user_id` int(10) unsigned NOT NULL,
  PRIMARY KEY (`id`),
  KEY `permission_user_permission_id_foreign` (`permission_id`),
  KEY `permission_user_user_id_foreign` (`user_id`),
  CONSTRAINT `permission_user_permission_id_foreign` FOREIGN KEY (`permission_id`) REFERENCES `permissions` (`id`) ON DELETE CASCADE,
  CONSTRAINT `permission_user_user_id_foreign` FOREIGN KEY (`user_id`) REFERENCES `users` (`id`) ON DELETE CASCADE
) ENGINE=InnoDB AUTO_INCREMENT=18 DEFAULT CHARSET=utf8mb4 COLLATE=utf8mb4_unicode_ci;
/*!40101 SET character_set_client = @saved_cs_client */;

--
-- Dumping data for table `permission_user`
--

LOCK TABLES `permission_user` WRITE;
/*!40000 ALTER TABLE `permission_user` DISABLE KEYS */;
INSERT INTO `permission_user` VALUES (1,19,2),(2,20,2),(3,21,2),(4,23,2),(5,24,2),(6,33,2),(7,22,2),(8,31,2),(9,28,2),(10,25,2),(11,26,2),(12,29,2),(13,30,2),(14,18,2),(15,3,2),(16,1,2),(17,2,2);
/*!40000 ALTER TABLE `permission_user` ENABLE KEYS */;
UNLOCK TABLES;

--
-- Table structure for table `permissions`
--

DROP TABLE IF EXISTS `permissions`;
/*!40101 SET @saved_cs_client     = @@character_set_client */;
/*!40101 SET character_set_client = utf8 */;
CREATE TABLE `permissions` (
  `id` int(10) unsigned NOT NULL AUTO_INCREMENT,
  `name` varchar(191) COLLATE utf8mb4_unicode_ci NOT NULL,
  `display_name` varchar(191) COLLATE utf8mb4_unicode_ci NOT NULL,
  `sort` smallint(5) unsigned NOT NULL DEFAULT 0,
  `status` tinyint(1) NOT NULL DEFAULT 1,
  `created_by` int(11) DEFAULT NULL,
  `updated_by` int(10) unsigned DEFAULT NULL,
  `created_at` timestamp NULL DEFAULT NULL,
  `updated_at` timestamp NULL DEFAULT NULL,
  `deleted_at` timestamp NULL DEFAULT NULL,
  PRIMARY KEY (`id`),
  UNIQUE KEY `permissions_name_unique` (`name`)
) ENGINE=InnoDB AUTO_INCREMENT=34 DEFAULT CHARSET=utf8mb4 COLLATE=utf8mb4_unicode_ci;
/*!40101 SET character_set_client = @saved_cs_client */;

--
-- Dumping data for table `permissions`
--

LOCK TABLES `permissions` WRITE;
/*!40000 ALTER TABLE `permissions` DISABLE KEYS */;
INSERT INTO `permissions` VALUES (1,'view-backend','View Backend',1,1,1,NULL,'2021-08-15 00:45:55','2021-08-15 00:45:55',NULL),(2,'view-frontend','View Frontend',2,1,1,NULL,'2021-08-15 00:45:55','2021-08-15 00:45:55',NULL),(3,'view-access-management','View Access Management',3,1,1,NULL,'2021-08-15 00:45:55','2021-08-15 00:45:55',NULL),(4,'view-user-management','View User Management',4,1,1,NULL,'2021-08-15 00:45:55','2021-08-15 00:45:55',NULL),(5,'view-active-user','View Active User',5,1,1,NULL,'2021-08-15 00:45:55','2021-08-15 00:45:55',NULL),(6,'view-deactive-user','View Deactive User',6,1,1,NULL,'2021-08-15 00:45:55','2021-08-15 00:45:55',NULL),(7,'view-deleted-user','View Deleted User',7,1,1,NULL,'2021-08-15 00:45:55','2021-08-15 00:45:55',NULL),(8,'show-user','Show User Details',8,1,1,NULL,'2021-08-15 00:45:55','2021-08-15 00:45:55',NULL),(9,'create-user','Create User',9,1,1,NULL,'2021-08-15 00:45:55','2021-08-15 00:45:55',NULL),(10,'edit-user','Edit User',10,1,1,NULL,'2021-08-15 00:45:55','2021-08-15 00:45:55',NULL),(11,'delete-user','Delete User',11,1,1,NULL,'2021-08-15 00:45:55','2021-08-15 00:45:55',NULL),(12,'activate-user','Activate User',12,1,1,NULL,'2021-08-15 00:45:55','2021-08-15 00:45:55',NULL),(13,'deactivate-user','Deactivate User',13,1,1,NULL,'2021-08-15 00:45:55','2021-08-15 00:45:55',NULL),(14,'login-as-user','Login As User',14,1,1,NULL,'2021-08-15 00:45:55','2021-08-15 00:45:55',NULL),(15,'clear-user-session','Clear User Session',15,1,1,NULL,'2021-08-15 00:45:55','2021-08-15 00:45:55',NULL),(16,'role-management','Roles',16,1,1,NULL,'2021-08-15 00:45:55','2021-08-15 00:45:55',NULL),(17,'permission-management','Permissions',17,1,1,NULL,'2021-08-15 00:45:55','2021-08-15 00:45:55',NULL),(18,'setting-management','Settings',18,1,1,NULL,'2021-08-15 00:45:55','2021-08-15 00:45:55',NULL),(19,'blog-category-management','Blog Categories',19,1,1,NULL,'2021-08-15 00:45:56','2021-08-15 00:45:56',NULL),(20,'blog-tag-management','Blog Tags',20,1,1,NULL,'2021-08-15 00:45:56','2021-08-15 00:45:56',NULL),(21,'blog-management','Blogs',21,1,1,NULL,'2021-08-15 00:45:56','2021-08-15 00:45:56',NULL),(22,'faq-management','FAQ',22,1,1,NULL,'2021-08-15 00:45:56','2021-08-15 00:45:56',NULL),(23,'document-category-management','Document Categories',23,1,1,NULL,'2021-08-15 00:45:56','2021-08-15 00:45:56',NULL),(24,'document-management','Documents',24,1,1,NULL,'2021-08-15 00:45:56','2021-08-15 00:45:56',NULL),(25,'product-category-management','Product Categories',25,1,1,NULL,'2021-08-15 00:45:56','2021-08-15 00:45:56',NULL),(26,'product-management','Products',26,1,1,NULL,'2021-08-15 00:45:56','2021-08-15 00:45:56',NULL),(27,'banner-management','Banners',27,1,1,NULL,'2021-08-15 00:45:56','2021-08-15 00:45:56',NULL),(28,'partner-management','Partners',28,1,1,NULL,'2021-08-15 00:45:56','2021-08-15 00:45:56',NULL),(29,'project-category-management','Project Categories',29,1,1,NULL,'2021-08-15 00:45:56','2021-08-15 00:45:56',NULL),(30,'project-management','Projects',30,1,1,NULL,'2021-08-15 00:45:56','2021-08-15 00:45:56',NULL),(31,'view-menu-frontend','Nav Menus',31,1,1,NULL,'2021-08-15 00:45:56','2021-08-15 00:45:56',NULL),(32,'view-menu-backend','Backend Menus',32,1,1,NULL,'2021-08-15 00:45:56','2021-08-15 00:45:56',NULL),(33,'change-password','Đổi mật khẩu',33,1,1,NULL,'2021-08-15 00:45:56','2021-08-15 00:45:56',NULL);
/*!40000 ALTER TABLE `permissions` ENABLE KEYS */;
UNLOCK TABLES;

--
-- Table structure for table `product_categories`
--

DROP TABLE IF EXISTS `product_categories`;
/*!40101 SET @saved_cs_client     = @@character_set_client */;
/*!40101 SET character_set_client = utf8 */;
CREATE TABLE `product_categories` (
  `id` int(10) unsigned NOT NULL AUTO_INCREMENT,
  `slug` varchar(191) COLLATE utf8mb4_unicode_ci DEFAULT NULL,
  `priority` int(11) NOT NULL DEFAULT 0,
  `status` tinyint(1) NOT NULL DEFAULT 1,
  `show` int(11) NOT NULL DEFAULT 0,
  `featured_image` varchar(500) COLLATE utf8mb4_unicode_ci DEFAULT NULL,
  `created_by` int(10) unsigned NOT NULL,
  `updated_by` int(10) unsigned DEFAULT NULL,
  `created_at` timestamp NULL DEFAULT NULL,
  `updated_at` timestamp NULL DEFAULT NULL,
  `deleted_at` timestamp NULL DEFAULT NULL,
  PRIMARY KEY (`id`)
) ENGINE=InnoDB AUTO_INCREMENT=7 DEFAULT CHARSET=utf8mb4 COLLATE=utf8mb4_unicode_ci;
/*!40101 SET character_set_client = @saved_cs_client */;

--
-- Dumping data for table `product_categories`
--

LOCK TABLES `product_categories` WRITE;
/*!40000 ALTER TABLE `product_categories` DISABLE KEYS */;
INSERT INTO `product_categories` VALUES (1,'asdads',0,0,0,NULL,2,NULL,'2021-08-15 11:21:47','2021-08-15 11:22:01','2021-08-15 11:22:01'),(2,'pham-mem-bim-3d',0,1,1,'1629090005-pham-mem-bim-3d.png',2,2,'2021-08-15 21:56:38','2021-08-15 22:00:05',NULL),(3,'phan-mem-bim4d',2,0,0,'1629090018-phan-mem-bim4d.png',2,2,'2021-08-15 21:59:14','2021-08-16 00:01:45',NULL),(4,'phan-mem-bim-5d',1,1,1,'1629095819-phan-mem-bim-5d.png',2,NULL,'2021-08-15 23:36:59','2021-08-15 23:36:59',NULL),(5,'phan-mem-bim-6d',3,1,1,'1629095927-phan-mem-bim-6d.png',2,NULL,'2021-08-15 23:38:47','2021-08-15 23:38:47',NULL),(6,'bim-cho-dich-vu-an-uong',4,1,1,'1629096035-bim-cho-dich-vu-an-uong.png',2,NULL,'2021-08-15 23:40:35','2021-08-15 23:40:35',NULL);
/*!40000 ALTER TABLE `product_categories` ENABLE KEYS */;
UNLOCK TABLES;

--
-- Table structure for table `product_categories_translations`
--

DROP TABLE IF EXISTS `product_categories_translations`;
/*!40101 SET @saved_cs_client     = @@character_set_client */;
/*!40101 SET character_set_client = utf8 */;
CREATE TABLE `product_categories_translations` (
  `id` int(10) unsigned NOT NULL AUTO_INCREMENT,
  `product_category_id` int(10) unsigned NOT NULL,
  `locale` varchar(191) COLLATE utf8mb4_unicode_ci NOT NULL,
  `name` varchar(191) COLLATE utf8mb4_unicode_ci DEFAULT NULL,
  `description` text COLLATE utf8mb4_unicode_ci DEFAULT NULL,
  `deleted_at` timestamp NULL DEFAULT NULL,
  PRIMARY KEY (`id`),
  UNIQUE KEY `productc_trans_unique` (`product_category_id`,`locale`),
  KEY `product_categories_translations_locale_index` (`locale`),
  CONSTRAINT `product_categories_translations_product_category_id_foreign` FOREIGN KEY (`product_category_id`) REFERENCES `product_categories` (`id`) ON DELETE CASCADE
) ENGINE=InnoDB AUTO_INCREMENT=13 DEFAULT CHARSET=utf8mb4 COLLATE=utf8mb4_unicode_ci;
/*!40101 SET character_set_client = @saved_cs_client */;

--
-- Dumping data for table `product_categories_translations`
--

LOCK TABLES `product_categories_translations` WRITE;
/*!40000 ALTER TABLE `product_categories_translations` DISABLE KEYS */;
INSERT INTO `product_categories_translations` VALUES (1,1,'en','adsasd','adad','2021-08-15 11:22:01'),(2,1,'vi','asdads','adads','2021-08-15 11:22:01'),(3,2,'en','BIM 3D Software','3D, as we are all commonly aware, represents the three geographical dimensions (x, y, z) of a building structure. The geographical capabilities help stakeholders to visualize a building’s structure in 3 dimensions even before the project is started.\r\n3D BIM enables all the stakeholders to collaborate effectively for modeling and solving typical structural problems. Also, as everything is stored at a central location i.e. the BIM model, it becomes easier to resolve issues at a future stage.',NULL),(4,2,'vi','Phầm mềm BIM 3D','3D, như tất cả chúng ta thường biết, đại diện cho ba kích thước địa lý (x, y, z) của một cấu trúc tòa nhà. Khả năng địa lý giúp các bên liên quan hình dung cấu trúc của tòa nhà theo 3 chiều ngay cả trước khi dự án được bắt đầu.\r\n3D BIM cho phép tất cả các bên liên quan cộng tác hiệu quả để lập mô hình và giải quyết các vấn đề kết cấu điển hình. Ngoài ra, vì mọi thứ được lưu trữ ở vị trí trung tâm, tức là mô hình BIM, nên việc giải quyết các vấn đề ở giai đoạn sau sẽ trở nên dễ dàng hơn.',NULL),(5,3,'en','BIM 4D Software','4D is related to planning the construction site by adding a new element i.e. time. Scheduling data helps in outlining how much time will be involved in completion of the project and how will the project evolve over-time. The information can provide elaboration about the time taken for installation or construction, the time needed to make the project operational, the sequence of installation of various components, along with other scheduling information.',NULL),(6,3,'vi','Phần mềm BIM4D','4D liên quan đến việc lập kế hoạch địa điểm xây dựng bằng cách thêm một yếu tố mới, tức là thời gian. Dữ liệu lập lịch trình giúp vạch ra thời gian cần thiết để hoàn thành dự án và dự án sẽ phát triển như thế nào theo thời gian. Thông tin có thể cung cấp chi tiết về thời gian thực hiện để lắp đặt hoặc xây dựng, thời gian cần thiết để đưa dự án vào hoạt động, trình tự lắp đặt các thành phần khác nhau, cùng với các thông tin về lịch trình khác.',NULL),(7,4,'en','BIM 5D Software','5D BIM is useful in cases where budget analysis and cost estimation are required from the beginning of any project. It goes without saying that cost is one of the most important elements associated with a project. 5D BIM enables project promoters and owners to analyze the costs that will be incurred over time in the project activities.',NULL),(8,4,'vi','Phần mềm BIM 5D','5D BIM hữu ích trong các trường hợp yêu cầu phân tích ngân sách và ước tính chi phí ngay từ đầu của bất kỳ dự án nào. Không cần phải nói rằng chi phí là một trong những yếu tố quan trọng nhất liên quan đến một dự án. 5D BIM cho phép các nhà quảng bá và chủ sở hữu dự án phân tích các chi phí sẽ phát sinh theo thời gian trong các hoạt động của dự án.',NULL),(9,5,'en','BIM 6D Software','6D building information modeling helps to analyze the energy consumption of a building and come out with energy estimates at initial design stages. Accounting for various life stages of a structure, 6D BIM ensures accurate prediction of energy consumption requirements.',NULL),(10,5,'vi','Phần mềm BIM 6D','Mô hình thông tin tòa nhà 6D giúp phân tích mức tiêu thụ năng lượng của một tòa nhà và đưa ra ước tính năng lượng ở các giai đoạn thiết kế ban đầu. Tính đến các giai đoạn vòng đời khác nhau của cấu trúc, 6D BIM đảm bảo dự đoán chính xác các yêu cầu tiêu thụ năng lượng.',NULL),(11,6,'en','BIM for Food Service','As many people already know, BIM (Building Information Modeling) is not software but a process. It is the digital representation in graphic and non-graphic form of the property and all that it contains. If we think of any object such as a brick of Lego for example, we must imagine a 3D object that also contains data, that features all the values of the brick. It is basically an object with a virtual spec sheet inside it.',NULL),(12,6,'vi','BIM cho dịch vụ ăn uống','Như nhiều người đã biết, BIM (Building Information Modeling) không phải là phần mềm mà là một quá trình. Nó là bản trình bày kỹ thuật số ở dạng đồ họa và không đồ họa của thuộc tính và tất cả những gì nó chứa. Nếu chúng ta nghĩ về bất kỳ vật thể nào chẳng hạn như một viên gạch Lego chẳng hạn, chúng ta phải tưởng tượng một vật thể 3D cũng chứa dữ liệu, có tất cả các giá trị của viên gạch. Về cơ bản nó là một đối tượng với một bảng thông số ảo bên trong nó.',NULL);
/*!40000 ALTER TABLE `product_categories_translations` ENABLE KEYS */;
UNLOCK TABLES;

--
-- Table structure for table `product_map_categories`
--

DROP TABLE IF EXISTS `product_map_categories`;
/*!40101 SET @saved_cs_client     = @@character_set_client */;
/*!40101 SET character_set_client = utf8 */;
CREATE TABLE `product_map_categories` (
  `id` bigint(20) unsigned NOT NULL AUTO_INCREMENT,
  `product_id` int(10) unsigned NOT NULL,
  `category_id` int(10) unsigned NOT NULL,
  PRIMARY KEY (`id`),
  KEY `product_map_categories_product_id_index` (`product_id`),
  KEY `product_map_categories_category_id_index` (`category_id`)
) ENGINE=InnoDB AUTO_INCREMENT=19 DEFAULT CHARSET=utf8mb4 COLLATE=utf8mb4_unicode_ci;
/*!40101 SET character_set_client = @saved_cs_client */;

--
-- Dumping data for table `product_map_categories`
--

LOCK TABLES `product_map_categories` WRITE;
/*!40000 ALTER TABLE `product_map_categories` DISABLE KEYS */;
INSERT INTO `product_map_categories` VALUES (1,1,2),(2,2,2),(3,2,5),(4,6,2),(5,6,4),(6,6,5),(7,7,2),(8,7,5),(9,7,6),(10,8,2),(11,8,4),(12,8,5),(13,9,3),(14,9,4),(15,9,5),(16,10,3),(17,10,4),(18,10,6);
/*!40000 ALTER TABLE `product_map_categories` ENABLE KEYS */;
UNLOCK TABLES;

--
-- Table structure for table `products`
--

DROP TABLE IF EXISTS `products`;
/*!40101 SET @saved_cs_client     = @@character_set_client */;
/*!40101 SET character_set_client = utf8 */;
CREATE TABLE `products` (
  `id` int(10) unsigned NOT NULL AUTO_INCREMENT,
  `publish_datetime` varchar(191) COLLATE utf8mb4_unicode_ci NOT NULL,
  `show` tinyint(1) NOT NULL DEFAULT 0,
  `priority` int(11) NOT NULL DEFAULT 0,
  `status` enum('Published','InActive') COLLATE utf8mb4_unicode_ci NOT NULL,
  `slug` varchar(191) COLLATE utf8mb4_unicode_ci DEFAULT NULL,
  `feature_image` varchar(191) COLLATE utf8mb4_unicode_ci NOT NULL,
  `sub_image_1` varchar(191) COLLATE utf8mb4_unicode_ci DEFAULT NULL,
  `sub_image_2` varchar(191) COLLATE utf8mb4_unicode_ci DEFAULT NULL,
  `sub_image_3` varchar(191) COLLATE utf8mb4_unicode_ci DEFAULT NULL,
  `video_link` varchar(191) COLLATE utf8mb4_unicode_ci DEFAULT NULL,
  `created_by` int(10) unsigned NOT NULL,
  `updated_by` int(10) unsigned DEFAULT NULL,
  `created_at` timestamp NULL DEFAULT NULL,
  `updated_at` timestamp NULL DEFAULT NULL,
  `deleted_at` timestamp NULL DEFAULT NULL,
  PRIMARY KEY (`id`)
) ENGINE=InnoDB AUTO_INCREMENT=11 DEFAULT CHARSET=utf8mb4 COLLATE=utf8mb4_unicode_ci;
/*!40101 SET character_set_client = @saved_cs_client */;

--
-- Dumping data for table `products`
--

LOCK TABLES `products` WRITE;
/*!40000 ALTER TABLE `products` DISABLE KEYS */;
INSERT INTO `products` VALUES (1,'2021-08-16 07:25:00',0,0,'Published','quet-sang-bim-dich-vu-point-cloud-toi-bim','1629100517-scan-to-bim-point-cloud-to-bim-servicesfeature-image.jpg','1629102273-scan-to-bim-point-cloud-to-bim-servicessub-image-1.jpg','1629108223-scan-to-bim-point-cloud-to-bim-servicessub-image-2.jpg','1629108366-scan-to-bim-point-cloud-to-bim-servicessub-image-3.png','https://onecadvn.com/bim-la-gi-ung-dung-revit-trong-bim',2,NULL,'2021-08-16 00:55:17','2021-08-16 03:06:06',NULL),(2,'2021-08-16 11:16:00',1,0,'Published','phan-mem-sketchup','1629113081-sketchup-softwarefeature-image.png','1629113156-sketchup-softwaresub-image-1.png','1629113156-sketchup-softwaresub-image-2.png','1629113156-sketchup-softwaresub-image-3.png','https://onecadvn.com/bim-la-gi-ung-dung-revit-trong-bim',2,NULL,'2021-08-16 04:24:41','2021-08-16 04:25:56',NULL),(6,'2021-08-16 11:26:00',1,0,'Published','adobe-photoshop','1629113485-adobe-photoshopfeature-image.png',NULL,NULL,NULL,NULL,2,NULL,'2021-08-16 04:31:25','2021-08-16 04:31:25',NULL),(7,'2021-08-16 11:45:00',0,0,'Published','bim-5d','1629114500-bim-5dfeature-image.jpg','1629114500-bim-5dsub-image-1.jpg','1629114500-bim-5dsub-image-2.jpg',NULL,NULL,2,NULL,'2021-08-16 04:48:20','2021-08-16 04:48:20',NULL),(8,'2021-08-16 11:54:00',1,0,'Published','navisworks-manage-cong-cu-danh-cho-nguoi-quan-ly-du-an-thoi-dai-bim','1629115105-navisworks-manage-tool-for-bim-era-project-managersfeature-image.jpg','1629115105-navisworks-manage-tool-for-bim-era-project-managerssub-image-1.jpg','1629115105-navisworks-manage-tool-for-bim-era-project-managerssub-image-2.jpg',NULL,NULL,2,NULL,'2021-08-16 04:58:25','2021-08-16 04:58:25',NULL),(9,'2021-08-16 11:58:00',1,0,'Published','dynamo-sandbox-hay-studio','1629115363-dynamo-sandbox-or-studiofeature-image.png','1629115363-dynamo-sandbox-or-studiosub-image-1.png','1629115363-dynamo-sandbox-or-studiosub-image-2.png',NULL,NULL,2,NULL,'2021-08-16 05:02:43','2021-08-16 05:02:43',NULL),(10,'2021-08-16 12:02:00',0,0,'Published','cac-loai-module-trong-grasshopper','1629115607-types-of-modules-in-grasshopperfeature-image.jpeg','1629115607-types-of-modules-in-grasshoppersub-image-1.jpeg','1629115607-types-of-modules-in-grasshoppersub-image-2.jpeg',NULL,NULL,2,NULL,'2021-08-16 05:06:47','2021-08-16 05:06:47',NULL);
/*!40000 ALTER TABLE `products` ENABLE KEYS */;
UNLOCK TABLES;

--
-- Table structure for table `products_translations`
--

DROP TABLE IF EXISTS `products_translations`;
/*!40101 SET @saved_cs_client     = @@character_set_client */;
/*!40101 SET character_set_client = utf8 */;
CREATE TABLE `products_translations` (
  `id` int(10) unsigned NOT NULL AUTO_INCREMENT,
  `product_id` int(10) unsigned NOT NULL,
  `locale` varchar(191) COLLATE utf8mb4_unicode_ci NOT NULL,
  `name` varchar(191) COLLATE utf8mb4_unicode_ci DEFAULT NULL,
  `base_feature` text COLLATE utf8mb4_unicode_ci DEFAULT NULL,
  `detail_feature` text COLLATE utf8mb4_unicode_ci DEFAULT NULL,
  `content` text COLLATE utf8mb4_unicode_ci DEFAULT NULL,
  `meta_title` varchar(191) COLLATE utf8mb4_unicode_ci DEFAULT NULL,
  `cannonical_link` varchar(191) COLLATE utf8mb4_unicode_ci DEFAULT NULL,
  `meta_description` text COLLATE utf8mb4_unicode_ci DEFAULT NULL,
  `meta_keywords` text COLLATE utf8mb4_unicode_ci DEFAULT NULL,
  `deleted_at` timestamp NULL DEFAULT NULL,
  PRIMARY KEY (`id`),
  UNIQUE KEY `products_translations_product_id_locale_unique` (`product_id`,`locale`),
  KEY `products_translations_locale_index` (`locale`),
  CONSTRAINT `products_translations_product_id_foreign` FOREIGN KEY (`product_id`) REFERENCES `products` (`id`) ON DELETE CASCADE
) ENGINE=InnoDB AUTO_INCREMENT=15 DEFAULT CHARSET=utf8mb4 COLLATE=utf8mb4_unicode_ci;
/*!40101 SET character_set_client = @saved_cs_client */;

--
-- Dumping data for table `products_translations`
--

LOCK TABLES `products_translations` WRITE;
/*!40000 ALTER TABLE `products_translations` DISABLE KEYS */;
INSERT INTO `products_translations` VALUES (1,1,'en','Scan to BIM | Point Cloud to BIM services','We deliver accurate and parametric As-Built BIM Model and 2D CAD Model depicting the pipes, walls, slabs, roof planes, facades, and landscapes in and around the building. We provide models with LOD 100 to 500 to our clients covering all Architectural, Structural, MEPFP Elements along with Clash Detection for their Renovation, Refurbishment, Retrofit, or Reconstruction Projects.','<header class=\"vc_cta3-content-header sticky header-appear\">\r\n<h2 class=\"vc_custom_heading\">We Provide Scan to BIM Services from Point Cloud Data with Quality and Accuracy</h2>\r\n</header>\r\n<p>We understand the expectations of our customers very well. All we require is a&nbsp;<strong title=\"Point Cloud Scan\">Point Cloud Scan&nbsp;</strong>Laser Survey data and Company Standards ‐ template, drafting guidelines from our customers for us to deliver BIM model with required Revit Version: 2018/2019/2020/2021 and 2D as-built drawings with dimensions, annotations, and layering, etc.</p>\r\n<p>We provide data in four Levels of Documentation depending upon the requirement&mdash; Level 1 (Floor Plans), Level 2 (Exterior Elevation &amp; Roof Plans), Level 3 (Sections), and Level 4 (Site Layout Plans)</p>\r\n<p>Our&nbsp;<strong title=\"Scan to BIM Modeling\">Scan to BIM modeling</strong>&nbsp;team has experience of creating an information-rich as-built 3D BIM model or&nbsp;<strong title=\"2D Drawings\">2D drawings</strong>&nbsp;for the customers for design validation/planning/comparison, interference checks, MEP or construction elements demolition, or addition, documentation of existing building conditions, quantity take-off, and budget estimation.</p>\r\n<p>We provide our&nbsp;<strong title=\"Scan to BIM Services\">Scan to BIM services</strong>&nbsp;(aka Point Cloud Modeling services) to Laser Scanning Companies, Surveyors, Property Owners, Architectural Design Firms, MEP Engineering Companies, and General Contractors or Construction Management companies. Our experience includes developing parametric 3D BIM and 2D CAD models capturing architectural, structural, and MEP elements for hotel, educational, and commercial projects.</p>','<h2 class=\"text-extra-dark-gray margin-20px-bottom font-weight-600 display-inline-block alt-font heading-style2  heading-2\" data-fontsize=\"25px\" data-lineheight=\"35px\">Application of Scan to BIM</h2>\r\n<div class=\"last-paragraph-no-margin pofo-text-block-responsive-61199edccfa82\">\r\n<p>We understand what a well-executed plan takes for any&nbsp;<strong>Retrofit/Refurbishment</strong>,&nbsp;<strong>Reconstruction</strong>, and&nbsp;<strong>Renovation</strong>&nbsp;Project. All the data-driven decisions like planning, estimation, feasibility analysis, etc. depending on the accuracy of the as-built model which is created from a Point Cloud Scan. A point cloud is a set of points that accurately represents the building surfaces which are used to create a 3D BIM model or/and a 2D as-built drawing. We can work on both lasers surveyed data images and point cloud data. Our Scan to BIM services (Point Cloud Modeling services) also applies for&nbsp;<strong>Infrastructure&nbsp;</strong>projects like tunnels, bridges, roads, etc.</p>\r\n<p>We provide the following Level of Documentation for our clients:</p>\r\n<ul>\r\n<li><strong>Level 1: Floor Plans</strong></li>\r\n<li><strong>Level 2: Exterior Elevation &amp; Roof Plans</strong></li>\r\n<li><strong>Level 3: Sections</strong></li>\r\n<li><strong>Level 4: Site Layout Plans</strong></li>\r\n</ul>\r\n<p>We have experience of developing both&nbsp;<strong>Revit (.rvt) and CAD (.dwg)&nbsp;</strong>files from different formats of scans or point cloud data usually captured by commonly used laser scan machines&mdash; Leica Geosystems, Trimble, Faro Scanners, Reigl scanners. We also convert other format data (i.e. .fls, .e57, .pcg. .obj, .ptg) into Revit-ready format. We create information-rich BIM Ready 3D Model for Architectural, Structural and MEPFP Requirement, and Clash-free integration.</p>\r\n</div>','Scan to BIM | Point Cloud to BIM services','quet-sang-bim-dich-vu-point-cloud-toi-bim','We deliver accurate and parametric As-Built BIM Model and 2D CAD Model depicting the pipes, walls, slabs, roof planes, facades, and landscapes in and around the building. We provide models with LOD 100 to 500 to our clients covering all Architectural, Structural, MEPFP Elements along with Clash Detection for their Renovation, Refurbishment, Retrofit, or Reconstruction Projects.','BIM, Advance BIM',NULL),(2,1,'vi','Quét sang BIM | Dịch vụ Point Cloud tới BIM','Chúng tôi cung cấp Mô hình BIM được xây dựng theo thông số và chính xác và Mô hình CAD 2D mô tả các đường ống, tường, tấm, mặt phẳng mái, mặt tiền và cảnh quan trong và xung quanh tòa nhà. Chúng tôi cung cấp các mô hình có LOD 100 đến 500 cho khách hàng của mình bao gồm tất cả các Phần tử Kiến trúc, Kết cấu, MEPFP cùng với Phát hiện xung đột cho các Dự án Cải tạo, Tân trang, Trang bị thêm hoặc Tái thiết của họ.','<h1>Ch&uacute;ng t&ocirc;i cung cấp dịch vụ qu&eacute;t tới BIM từ dữ liệu đ&aacute;m m&acirc;y điểm với chất lượng v&agrave; độ ch&iacute;nh x&aacute;c</h1>\r\n<p>Ch&uacute;ng t&ocirc;i hiểu rất r&otilde; những mong đợi của kh&aacute;ch h&agrave;ng. Tất cả những g&igrave; ch&uacute;ng t&ocirc;i y&ecirc;u cầu l&agrave; dữ liệu Khảo s&aacute;t Laser Điểm Đ&aacute;m m&acirc;y v&agrave; Ti&ecirc;u chuẩn C&ocirc;ng ty - mẫu, soạn thảo hướng dẫn từ kh&aacute;ch h&agrave;ng của ch&uacute;ng t&ocirc;i để ch&uacute;ng t&ocirc;i cung cấp m&ocirc; h&igrave;nh BIM với Phi&ecirc;n bản Revit được y&ecirc;u cầu: 2018/2019/2020/2021 v&agrave; c&aacute;c bản vẽ dựng sẵn 2D với k&iacute;ch thước, ch&uacute; th&iacute;ch v&agrave; ph&acirc;n lớp, v.v.</p>\r\n<p>Ch&uacute;ng t&ocirc;i cung cấp dữ liệu ở bốn Cấp độ T&agrave;i liệu t&ugrave;y theo y&ecirc;u cầu&mdash; Cấp độ 1 (Sơ đồ mặt bằng), Cấp độ 2 (Sơ đồ độ cao v&agrave; m&aacute;i nh&agrave; b&ecirc;n ngo&agrave;i), Cấp độ 3 (C&aacute;c phần) v&agrave; Cấp độ 4 (Sơ đồ bố tr&iacute; mặt bằng)</p>\r\n<p>Nh&oacute;m lập m&ocirc; h&igrave;nh Scan to BIM của ch&uacute;ng t&ocirc;i c&oacute; kinh nghiệm tạo m&ocirc; h&igrave;nh BIM 3D đ&atilde; x&acirc;y dựng hoặc bản vẽ 2D gi&agrave;u th&ocirc;ng tin cho kh&aacute;ch h&agrave;ng để x&aacute;c nhận / lập kế hoạch / so s&aacute;nh thiết kế, kiểm tra can thiệp, MEP hoặc ph&aacute; dỡ c&aacute;c yếu tố x&acirc;y dựng hoặc bổ sung, t&agrave;i liệu về t&ograve;a nh&agrave; hiện c&oacute; điều kiện, số lượng cất c&aacute;nh v&agrave; dự tr&ugrave; ng&acirc;n s&aacute;ch.</p>\r\n<p>Ch&uacute;ng t&ocirc;i cung cấp dịch vụ Qu&eacute;t tới BIM (hay c&ograve;n gọi l&agrave; dịch vụ Lập m&ocirc; h&igrave;nh đ&aacute;m m&acirc;y điểm) cho c&aacute;c C&ocirc;ng ty Qu&eacute;t Laser, Nh&agrave; khảo s&aacute;t, Chủ sở hữu t&agrave;i sản, C&ocirc;ng ty thiết kế kiến ​​tr&uacute;c, C&ocirc;ng ty kỹ thuật MEP v&agrave; Tổng thầu hoặc c&ocirc;ng ty Quản l&yacute; x&acirc;y dựng. Kinh nghiệm của ch&uacute;ng t&ocirc;i bao gồm ph&aacute;t triển c&aacute;c m&ocirc; h&igrave;nh 3D BIM v&agrave; 2D CAD tham số nắm bắt c&aacute;c yếu tố kiến ​​tr&uacute;c, kết cấu v&agrave; MEP cho c&aacute;c dự &aacute;n kh&aacute;ch sạn, gi&aacute;o dục v&agrave; thương mại.</p>','<h1>Ứng dụng Qu&eacute;t đến BIM</h1>\r\n<p>Ch&uacute;ng t&ocirc;i hiểu một kế hoạch được thực hiện tốt sẽ cần những g&igrave; đối với bất kỳ Dự &aacute;n Trang bị / Cải tạo, T&aacute;i thiết v&agrave; Cải tạo n&agrave;o. Tất cả c&aacute;c quyết định dựa tr&ecirc;n dữ liệu như lập kế hoạch, ước t&iacute;nh, ph&acirc;n t&iacute;ch t&iacute;nh khả thi, v.v. t&ugrave;y thuộc v&agrave;o độ ch&iacute;nh x&aacute;c của m&ocirc; h&igrave;nh đ&atilde; x&acirc;y dựng được tạo từ Qu&eacute;t đ&aacute;m m&acirc;y điểm. Đ&aacute;m m&acirc;y điểm l&agrave; một tập hợp c&aacute;c điểm thể hiện ch&iacute;nh x&aacute;c c&aacute;c bề mặt của t&ograve;a nh&agrave; được sử dụng để tạo m&ocirc; h&igrave;nh BIM 3D hoặc / v&agrave; bản vẽ 2D được x&acirc;y dựng. Ch&uacute;ng t&ocirc;i c&oacute; thể l&agrave;m việc tr&ecirc;n cả h&igrave;nh ảnh dữ liệu khảo s&aacute;t bằng laser v&agrave; dữ liệu đ&aacute;m m&acirc;y điểm. Dịch vụ Qu&eacute;t tới BIM (dịch vụ Lập m&ocirc; h&igrave;nh đ&aacute;m m&acirc;y điểm) của ch&uacute;ng t&ocirc;i cũng &aacute;p dụng cho c&aacute;c dự &aacute;n Cơ sở hạ tầng như đường hầm, cầu, đường, v.v.</p>\r\n<p>Ch&uacute;ng t&ocirc;i cung cấp Cấp độ T&agrave;i liệu sau cho kh&aacute;ch h&agrave;ng của m&igrave;nh:</p>\r\n<p><strong>Tầng 1: Sơ đồ tầng</strong><br /><strong>Cấp độ 2: Sơ đồ độ cao v&agrave; m&aacute;i nh&agrave; b&ecirc;n ngo&agrave;i</strong><br /><strong>Cấp độ 3: Phần</strong><br /><strong>Cấp độ 4: Sơ đồ bố tr&iacute; địa điểm</strong></p>\r\n<p><br />Ch&uacute;ng t&ocirc;i c&oacute; kinh nghiệm ph&aacute;t triển cả tệp Revit (.rvt) v&agrave; CAD (.dwg) từ c&aacute;c định dạng qu&eacute;t kh&aacute;c nhau hoặc dữ liệu đ&aacute;m m&acirc;y điểm thường được chụp bằng m&aacute;y qu&eacute;t laser th&ocirc;ng dụng&mdash; M&aacute;y qu&eacute;t Leica Geosystems, Trimble, Faro Scanners, Reigl. Ch&uacute;ng t&ocirc;i cũng chuyển đổi dữ liệu định dạng kh&aacute;c (tức l&agrave; .fls, .e57, .pcg. .Obj, .ptg) sang định dạng sẵn s&agrave;ng cho Revit. Ch&uacute;ng t&ocirc;i tạo M&ocirc; h&igrave;nh 3D sẵn s&agrave;ng BIM gi&agrave;u th&ocirc;ng tin cho Y&ecirc;u cầu về kiến ​​tr&uacute;c, kết cấu v&agrave; MEPFP cũng như t&iacute;ch hợp kh&ocirc;ng c&oacute; xung đột.</p>','Quét sang BIM | Dịch vụ Point Cloud tới BIM','quet-sang-bim-dich-vu-point-cloud-toi-bim','Chúng tôi cung cấp Mô hình BIM được xây dựng theo thông số và chính xác và Mô hình CAD 2D mô tả các đường ống, tường, tấm, mặt phẳng mái, mặt tiền và cảnh quan trong và xung quanh tòa nhà. Chúng tôi cung cấp các mô hình có LOD 100 đến 500 cho khách hàng của mình bao gồm tất cả các Phần tử Kiến trúc, Kết cấu, MEPFP cùng với Phát hiện xung đột cho các Dự án Cải tạo, Tân trang, Trang bị thêm hoặc Tái thiết của họ.','BIM, BIM cơ bản',NULL),(3,2,'en','SketchUp software','SketchUp is a 3D modeling software, intended for architects, engineers, video game developers, film directors and related professions. This software was originally developed by @Last Software company, based in Boulder, Colorado, USA. This software stands out as a simple and fast idea expression tool with a graphical user interface.','<p>Currently, Sketchup software has been acquired, distributed &amp; developed by Trimble along with other famous products of Trimble such as Tekla Structures, Tekla Structural Designer...</p>\r\n<p><img src=\"https://www.sketchup.com/sites/www.sketchup.com/files/molecule_image/Bund-Pro-S2-Fun.png\" alt=\"SketchUp Pro\" /><br />Some salient features of SketchUp:</p>\r\n<p>No need for powerful hardware like other modeling software like &nbsp;3D Max, FormZ, Maya.</p>\r\n<p>An interface system with intelligent graphic pointer allows the user to construct a three-dimensional drawing in the two-dimensional space of the screen.</p>\r\n<p>Faces are simply defined based on a closed domain.</p>\r\n<p>Create simple blocks quickly with the \"push-pull\" tool</p>\r\n<p>Tool to edit block (extrude - widen) and create block according to given birth path (follow me tool)</p>\r\n<p>The ability to simulate, correct the angle of the sun at all times of the year as well as cover the viewing angles for near-instant effect.</p>\r\n<p>The drawing is &nbsp;rendered &nbsp;at high speed based on a well-simplified low-poly model system, with a unique presentation style.</p>\r\n<p>Extensive interoperability with other modeling software.</p>\r\n<p>Can be combined with external renderers (Renderer) to produce better images (etc. IRender, Podium, Indigo, Kerkythea...)</p>','<p>History:</p>\r\n<p>The first version of SketchUp was released in early 2001 with the aim of creating simple three-dimensional objects, however SketchUp soon found its place in the architecture and design market, after a few minor modifications. to match the characteristics of the professions. The decisive key to the success of the software lies in the recognition of curves, although not as deep as three-dimensional modeling software on the market, but has brought fast processing speed. However, this also limits SketchUp\'s ability to simulate reality.</p>\r\n<p>An effective application of this software is home design. After designing the model, users can combine using Google Earth to paste the newly designed house model on the image of the area where the lot is located, to see how it fits the whole scene. In addition, users can also share their designs with other users through the 3D warehouse feature of finished models from houses to furniture, appliances, vehicles, statues, bridges. ..</p>','SketchUp software','phan-mem-sketchup','SketchUp is a 3D modeling software, intended for architects, engineers, video game developers, film directors and related professions. This software was originally developed by @Last Software company, based in Boulder, Colorado, USA. This software stands out as a simple and fast idea expression tool with a graphical user interface.','BIM, Advance BIM',NULL),(4,2,'vi','Phần mềm SketchUp','SketchUp là một phần mềm mô hình hóa 3D, dành cho các kiến trúc sư, các kỹ sư, nhà phát triển trò chơi điện tử, các đạo diễn điện ảnh và các ngành nghề có liên quan. Phần mềm này khởi đầu được phát triển bởi công ty @Last Software, có trụ sở tại Boulder, Colorado, Mỹ. Phần mềm này nổi bật như một công cụ diễn tả ý tưởng đơn giản, nhanh gọn với giao diện đồ họa cho người sử dụng.','<p>Hiện tại phần mềm Sketchup đ&atilde; được h&agrave;ng Trimble mua lại ph&acirc;n phối &amp; ph&aacute;t triển c&ugrave;ng với c&aacute;c sản phẩm nổi tiếng kh&aacute;c của h&atilde;ng Trimble như Tekla Structures, Tekla Structural Designer...<br />&nbsp;</p>\r\n<p><img src=\"https://www.sketchup.com/sites/www.sketchup.com/files/molecule_image/Bund-Pro-S2-Fun.png\" alt=\"SketchUp Pro\" /></p>\r\n<h2>Một v&agrave;i đặc điểm nổi bật của SketchUp:</h2>\r\n<ul>\r\n<li>\r\n<p>Kh&ocirc;ng cần phần cứng mạnh như c&aacute;c phần mềm m&ocirc; h&igrave;nh h&oacute;a kh&aacute;c như&nbsp;<a class=\"new\" title=\"3D Max (trang chưa được viết)\" href=\"https://vi.wikipedia.org/w/index.php?title=3D_Max&amp;action=edit&amp;redlink=1\">3D Max</a>,&nbsp;<a class=\"new\" title=\"FormZ (trang chưa được viết)\" href=\"https://vi.wikipedia.org/w/index.php?title=FormZ&amp;action=edit&amp;redlink=1\">FormZ</a>,&nbsp;<a class=\"mw-disambig\" title=\"Maya\" href=\"https://vi.wikipedia.org/wiki/Maya\">Maya</a>.</p>\r\n</li>\r\n<li>\r\n<p>Hệ thống giao diện với con trỏ đồ họa th&ocirc;ng minh cho ph&eacute;p người sử dụng dựng h&igrave;nh vẽ ba chiều trong kh&ocirc;ng gian hai chiều của&nbsp;<a title=\"Thiết bị hiển thị\" href=\"https://vi.wikipedia.org/wiki/Thi%E1%BA%BFt_b%E1%BB%8B_hi%E1%BB%83n_th%E1%BB%8B\">m&agrave;n h&igrave;nh</a>.</p>\r\n</li>\r\n<li>\r\n<p>C&aacute;c mặt, diện (<em>face</em>) được định nghĩa đơn giản dựa tr&ecirc;n một miền kh&eacute;p k&iacute;n.</p>\r\n</li>\r\n<li>\r\n<p>Tạo khối đơn giản nhanh gọn bằng c&ocirc;ng cụ \"k&eacute;o-đẩy\" (<em>push-pull tool</em>)</p>\r\n</li>\r\n<li>\r\n<p>C&ocirc;ng cụ chỉnh sửa khối (<em>extrude - widen</em>) v&agrave; tạo khối theo đường sinh cho trước (<em>follow me tool</em>)</p>\r\n</li>\r\n<li>\r\n<p>Khả năng cho ph&eacute;p m&ocirc; phỏng, hiệu chỉnh g&oacute;c chiếu của mặt trời v&agrave;o tất cả c&aacute;c thời điểm trong năm cũng như bao qu&aacute;t c&aacute;c g&oacute;c nh&igrave;n cho hiệu quả gần như tức thời.</p>\r\n</li>\r\n<li>\r\n<p>Bản vẽ được&nbsp;<a title=\"Kết xuất đồ họa\" href=\"https://vi.wikipedia.org/wiki/K%E1%BA%BFt_xu%E1%BA%A5t_%C4%91%E1%BB%93_h%E1%BB%8Da\">kết xuất</a>&nbsp;(<em>render</em>) ở tốc độ cao dựa tr&ecirc;n tốt giản hệ m&ocirc; h&igrave;nh đa gi&aacute;c thấp (<em>low-poly</em>), c&oacute; phong c&aacute;ch tr&igrave;nh b&agrave;y độc đ&aacute;o.</p>\r\n</li>\r\n<li>\r\n<p>Khả năng giao tiếp rộng r&atilde;i với c&aacute;c phần mềm m&ocirc; h&igrave;nh kh&aacute;c.</p>\r\n</li>\r\n<li>\r\n<p>C&oacute; thể kết hợp với c&aacute;c tr&igrave;nh kết xuất ngo&agrave;i (Renderer) để cho ra những h&igrave;nh ảnh tốt hơn (etc. IRender, Podium, Indigo, Kerkythea...)<br />&nbsp;</p>\r\n</li>\r\n</ul>','<h2>Lịch sử:</h2>\r\n<p>Phi&ecirc;n bản đầu ti&ecirc;n của SketchUp được ph&aacute;t h&agrave;nh đầu năm&nbsp;<a title=\"2001\" href=\"https://vi.wikipedia.org/wiki/2001\">2001</a>&nbsp;với mục đ&iacute;ch tạo c&aacute;c đối tượng ba chiều đơn giản, tuy nhi&ecirc;n SketchUp đ&atilde; sớm t&igrave;m được vị tr&iacute; trong thị trường kiến tr&uacute;c v&agrave; thiết kết, sau khi c&oacute; một v&agrave;i sửa đổi nhỏ để ph&ugrave; hợp với đặc điểm của c&aacute;c ng&agrave;nh chuy&ecirc;n m&ocirc;n. Ch&igrave;a kh&oacute;a quyết định cho th&agrave;nh c&ocirc;ng của phần mềm nằm ở độ nhận biết c&aacute;c đường cong, tuy kh&ocirc;ng s&acirc;u như c&aacute;c phần mềm m&ocirc; h&igrave;nh h&oacute;a ba chiều tr&ecirc;n thị trường nhưng đ&atilde; đem lại tốc độ xử l&yacute; nhanh. Tuy nhi&ecirc;n ch&iacute;nh điều n&agrave;y cũng hạn chế khả năng m&ocirc; phỏng thực tế của SketchUp.</p>\r\n<p>Một ứng dụng hữu hiệu của phần mềm n&agrave;y l&agrave; thiết kế mẫu nh&agrave;. Sau khi thiết kế xong m&ocirc; h&igrave;nh, người d&ugrave;ng c&oacute; thể kết hợp sử dụng Google Earth để d&aacute;n mẫu nh&agrave; vừa thiết kế l&ecirc;n h&igrave;nh ảnh khu vực c&oacute; l&ocirc; đất đ&oacute;, để xem n&oacute; ph&ugrave; hợp với to&agrave;n cảnh ra sao. Ngo&agrave;i ra, người sử dụng cũng c&oacute; thể chia sẻ thiết kế của m&igrave;nh với những người d&ugrave;ng kh&aacute;c th&ocirc;ng qua t&iacute;nh năng 3D warehouse c&aacute;c m&ocirc; h&igrave;nh đ&atilde; ho&agrave;n th&agrave;nh từ nh&agrave; cửa cho tới đồ đạc, vật dụng, xe cộ, tượng, cầu...</p>','Phần mềm SketchUp','phan-mem-sketchup','SketchUp là một phần mềm mô hình hóa 3D, dành cho các kiến trúc sư, các kỹ sư, nhà phát triển trò chơi điện tử, các đạo diễn điện ảnh và các ngành nghề có liên quan. Phần mềm này khởi đầu được phát triển bởi công ty @Last Software, có trụ sở tại Boulder, Colorado, Mỹ. Phần mềm này nổi bật như một công cụ diễn tả ý tưởng đơn giản, nhanh gọn với giao diện đồ họa cho người sử dụng.','BIM, BIM cơ bản',NULL),(5,6,'en','Adobe Photoshop','Adobe Photoshop is a graphic editing software developed and published by Adobe Systems in 1988 on the Macintosh system. Photoshop is considered the market leader in bitmap image editing and is considered the standard for industries related to image editing. Since Photoshop version 7.0 was released in 2002, Photoshop has made a revolution in bitmap images. The latest version today is Adobe Photoshop CC.','<div id=\"tab-container\" class=\"tab-container list-tab-product  e-tab tab-product\" data-easytabs=\"true\">\r\n<div class=\"wrap-detail\">\r\n<article id=\"details\" class=\"baiviet active\">\r\n<p><strong>Adobe Photoshop CC - Create anything you can imagine.</strong></p>\r\n<p>The world\'s best photo and design apps are at the core of most creative projects. Photoshop CC can work on desktops and mobile devices to create and enhance images, design web and mobile apps, 3D artwork, videos, and more.&nbsp;</p>\r\n<p><span lang=\"vi\"><img src=\"https://www.consoft.vn/uploads/photoshop%20cc%202014.png\" alt=\"\" /></span></p>\r\n</article>\r\n<div class=\"clear\">&nbsp;</div>\r\n<div class=\"clear\">&nbsp;</div>\r\n<div class=\"clear\">&nbsp;</div>\r\n</div>\r\n</div>',NULL,'Adobe Photoshop','Cannonical Link [en]','Adobe Photoshop is a graphic editing software developed and published by Adobe Systems in 1988 on the Macintosh system. Photoshop is considered the market leader in bitmap image editing and is considered the standard for industries related to image editing. Since Photoshop version 7.0 was released in 2002, Photoshop has made a revolution in bitmap images. The latest version today is Adobe Photoshop CC.','Thẻ Meta Keyword [en]',NULL),(6,6,'vi','Adobe Photoshop','Adobe Photoshop là một phần mềm chỉnh sửa đồ họa được phát triển và phát hành bởi hãng Adobe Systems ra đời vào năm 1988 trên hệ máy Macintosh. Photoshop được đánh giá là phần mềm dẫn đầu thị trường về sửa ảnh bitmap và được coi là chuẩn cho các ngành liên quan tới chỉnh sửa ảnh. Từ phiên bản Photoshop 7.0 ra đời năm 2002, Photoshop đã làm lên một cuộc cách mạng về ảnh bitmap. Phiên bản mới nhất hiện nay là Adobe Photoshop CC.','<div id=\"tab-container\" class=\"tab-container list-tab-product  e-tab tab-product\" data-easytabs=\"true\">\r\n<div class=\"wrap-detail\">\r\n<article id=\"details\" class=\"baiviet active\">\r\n<p><span id=\"result_box\" lang=\"vi\"><strong>Adobe Photoshop CC - Tạo bất cứ điều g&igrave; bạn c&oacute; thể tưởng tượng.</strong><br /><br />Ứng dụng h&igrave;nh ảnh v&agrave; thiết kế tốt nhất thế giới l&agrave; cốt l&otilde;i của hầu hết c&aacute;c dự &aacute;n s&aacute;ng tạo.&nbsp;Photoshop CC c&oacute; thể l&agrave;m việc tr&ecirc;n m&aacute;y t&iacute;nh để b&agrave;n v&agrave; thiết bị di động để tạo v&agrave; n&acirc;ng cao h&igrave;nh ảnh, thiết kế ứng dụng web v&agrave; thiết bị di động, t&aacute;c phẩm nghệ thuật 3D, video v&agrave; hơn thế nữa.</span><br />&nbsp;</p>\r\n<p><span lang=\"vi\"><img src=\"https://www.consoft.vn/uploads/photoshop%20cc%202014.png\" alt=\"\" /></span></p>\r\n</article>\r\n<div class=\"clear\">&nbsp;</div>\r\n<div class=\"clear\">&nbsp;</div>\r\n<div class=\"clear\">&nbsp;</div>\r\n</div>\r\n</div>',NULL,'adobe-photoshop','Cannonical Link [vi]','Adobe Photoshop là một phần mềm chỉnh sửa đồ họa được phát triển và phát hành bởi hãng Adobe Systems ra đời vào năm 1988 trên hệ máy Macintosh. Photoshop được đánh giá là phần mềm dẫn đầu thị trường về sửa ảnh bitmap và được coi là chuẩn cho các ngành liên quan tới chỉnh sửa ảnh. Từ phiên bản Photoshop 7.0 ra đời năm 2002, Photoshop đã làm lên một cuộc cách mạng về ảnh bitmap. Phiên bản mới nhất hiện nay là Adobe Photoshop CC.','Thẻ Meta Keyword [vi]',NULL),(7,7,'en','BIM 5D','Like 3D and 4D, there are many specialized software to support you besides 3D modeling software. To do 5D, for example, there are some comrades like Causeway, CostX, Vico… Of course, this 5D part must be in charge of the estimating engineer.','<p>The big advantage of 5D BIM can be the volume extraction. Currently, there are still many companies that take off the volume by printing drawings on paper, coloring and measuring by hand. There are some companies that load the volume from the pdf file with software such as On-Screen Takeoff, Active Takeoff or Bluebeam&hellip; Only the beams with the floor and the columns can withstand it, but the equipment parts are completely unaffected. It\'s okay to improve the architecture, I don\'t know when it will be finished and if it\'s correct. With BIM, you already have a 3D model, so why not pick it up.</p>\r\n<p><br />Just note that different companies use different estimating software, and the methods of making estimates are also different, so the input data is sometimes different.</p>\r\n<p><br />Therefore, if only using the built-in mass extraction functions of 3D software (BIM Platform), eg Revit, the output volume is not usable (different format). So companies often have add-ins included to output the volume that matches the input of the specialized software they are using.I think in the future, 3D software manufacturers will not improve this volume extraction much, but leave the land for small software companies specializing in making integrated software according to the requirements of each company. Those of you who love software, can exploit this part to make products for sale.By the way, I also repeat the example of intentional modeling in part 4D to see that again, when making models, we must pay attention to the use of the parties later (intend model). For example, the wall is 10m high, when taking the total volume, it is the same, but to calculate the cost for each floor of the building, this wall must be divided into each floor, so the volume of each floor is accurate and the estimate is the same. That is not to mention the construction method, the construction of a wall of 10m in height once, the technical means are different from constructing many 3-4m sections.</p>','<p>In addition, the families must also have the appropriate information for you to extract (for example, the volume of steel in the beam by volume kg/m&sup3;, for example, so that when selling with a solid volume, you always have the volume of steel).</p>\r\n<p>&nbsp;</p>\r\n<p><br />So you have (1) volume from 3D, (2) method and organization of construction (to know what scaffolding to use and how many people for example) and (3) schedule (to know how long it takes to hire the scaffolding). education and use of labor for example) from 4D. You have (4) material prices and (5) labor prices from the company\'s database (the PolyBrain in the picture above). So you can make a price already.</p>\r\n<p><br />In Britain and France, there is no state unit price to apply. It is probably a market economy, so companies take care of their own prices for both materials and labor. Each company usually has a large database of prices, either learning from previous works, or under an annual agreement with suppliers (framework contract).</p>\r\n<p><br />In short, if the 3D models of the parties are properly built (with BIM Standards) and are intentional models, then you can do 3D-4D triathlons- 5D effectively during design and construction<br />Source: Long Thang</p>','Thẻ Meta Title [en]','Cannonical Link [en]','Like 3D and 4D, there are many specialized software to support you besides 3D modeling software. To do 5D, for example, there are some comrades like Causeway, CostX, Vico… Of course, this 5D part must be in charge of the estimating engineer.','Thẻ Meta Keyword [en]',NULL),(8,7,'vi','BIM 5D','Cũng như 3D và 4D, có khá nhiều phần mềm chuyên dụng hỗ trợ các bạn bên cạnh các phần mềm làm mô hình 3D. Để làm 5D chẳng hạn, có một số đồng chí như Causeway, CostX, Vico… Dĩ nhiên phần 5D này phải được phụ trách bởi kỹ sư dự toán (estimating engineer).','<div>Ưu điểm lớn của BIM 5D c&oacute; thể l&agrave; đoạn tr&iacute;ch xuất khối lượng. Hiện tại vẫn c&ograve;n nhiều c&ocirc;ng ty b&oacute;c t&aacute;ch khối lượng bằng c&aacute;ch in bản vẽ ra giấy, t&ocirc; m&agrave;u rồi đo bằng tay. C&oacute; một số c&ocirc;ng ty th&igrave; bốc khối lượng từ file pdf bằng c&aacute;c phần mềm như On-Screen Takeoff, Active Takeoff hoặc Bluebeam&hellip; Chỉ c&oacute; b&eacute;ton l&agrave; dầm với s&agrave;n với cột th&igrave; c&ograve;n chịu được chứ đụng đến c&aacute;c phần trang thiết bị với ho&agrave;n thiện kiến tr&uacute;c th&igrave; th&ocirc;i rồi, kh&ocirc;ng biết l&uacute;c n&agrave;o mới xong v&agrave; c&oacute; ch&iacute;nh x&aacute;c kh&ocirc;ng. Với BIM, bạn c&oacute; sẵn m&ocirc; h&igrave;nh 3D th&igrave; tại sao kh&ocirc;ng bốc lu&ocirc;n .</div>\r\n<div>&nbsp;</div>\r\n<div>Chỉ lưu &yacute; l&agrave; c&aacute;c c&ocirc;ng ty kh&aacute;c nhau sử dụng phần mềm dự to&aacute;n kh&aacute;c nhau, phương ph&aacute;p l&agrave;m dự to&aacute;n cũng kh&aacute;c nhau n&ecirc;n số liệu đầu v&agrave;o nhiều khi kh&aacute;c nhau.</div>\r\n<div>&nbsp;</div>\r\n<div>Bởi vậy nếu chỉ d&ugrave;ng c&aacute;c chức năng tr&iacute;ch xuất khối lượng c&oacute; sẳn của c&aacute;c phần mềm 3D (BIM Platform), v&iacute; dụ Revit, th&igrave; khối lượng đầu ra kh&ocirc;ng d&ugrave;ng được (kh&aacute;c format). N&ecirc;n c&aacute;c c&ocirc;ng ty thường c&oacute; c&aacute;c Add-in đi k&egrave;m để xuất khối lượng ph&ugrave; hợp với đầu v&agrave;o của c&aacute;c phần mềm chuy&ecirc;n dụng m&agrave; m&igrave;nh đang d&ugrave;ng.</div>\r\n<div>&nbsp;</div>\r\n<div>&nbsp;</div>\r\n<div>\r\n<div>M&igrave;nh nghĩ trong tương lai, c&aacute;c nh&agrave; sản xuất phần mềm 3D cũng kh&ocirc;ng cải tiến phần tr&iacute;ch xuất khối lượng n&agrave;y lắm m&agrave; để mảnh đất cho c&aacute;c c&ocirc;ng ty phần mềm nhỏ chuy&ecirc;n l&agrave;m c&aacute;c phần mềm t&iacute;ch hợp theo y&ecirc;u cầu của từng c&ocirc;ng ty. C&aacute;c bạn n&agrave;o y&ecirc;u th&iacute;ch phần mềm, c&oacute; thể khai th&aacute;c phần n&agrave;y để l&agrave;m sản phẩm b&aacute;n được .</div>\r\n<div>&nbsp;</div>\r\n<div>Nh&acirc;n tiện m&igrave;nh cũng nhắc lại c&aacute;i v&iacute; dụ m&ocirc; h&igrave;nh c&oacute; chủ &yacute; ở phần 4D để thấy l&agrave; một lần nữa, khi l&agrave;m m&ocirc; h&igrave;nh phải ch&uacute; &yacute; đến việc sử dụng của c&aacute;c b&ecirc;n về sau (intend model). V&iacute; dụ c&aacute;i tường cao 10m, khi lấy khối lượng tổng th&igrave; như nhau nhưng để t&iacute;nh gi&aacute; th&agrave;nh cho từng tầng của c&ocirc;ng tr&igrave;nh th&igrave; phải chia tường n&agrave;y th&agrave;nh từng tầng, như vậy khối lượng từng tầng mới ch&iacute;nh x&aacute;c v&agrave; dự to&aacute;n cũng vậy. Đấy l&agrave; chưa n&oacute;i đến phương ph&aacute;p thi c&ocirc;ng, chuyện thi c&ocirc;ng tường 10m chiều cao một lần th&igrave; phương tiện kỹ thuật kh&aacute;c hẳn thi c&ocirc;ng th&agrave;nh nhiều đoạn 3-4m.</div>\r\n</div>','<div>\r\n<div>B&ecirc;n cạnh đấy, c&aacute;c family cũng phải c&oacute; c&aacute;c th&ocirc;ng tin ph&ugrave; hợp để bạn tr&iacute;ch xuất (v&iacute; dụ khối lượng th&eacute;p trong dầm theo thể t&iacute;ch kg/m&sup3; chẳng hạn để khi b&aacute;n c&oacute; thể t&iacute;ch bếton, bạn c&oacute; lu&ocirc;n khối lượng th&eacute;p).</div>\r\n</div>\r\n<div>&nbsp;</div>\r\n<div><img class=\"aligncenter\" src=\"http://vibim.com.vn/images/5Dprocess%203.png\" alt=\"\" align=\"\" border=\"0px\" /></div>\r\n<div>&nbsp;</div>\r\n<div>\r\n<div>Vậy l&agrave; c&aacute;c bạn c&oacute; (1) khối lượng từ 3D, (2) Phương ph&aacute;p v&agrave; tổ chức thi c&ocirc;ng (để biết d&ugrave;ng gi&agrave;n gi&aacute;o g&igrave; v&agrave; bao nhi&ecirc;u người chẳng hạn) v&agrave; (3) tiến độ (để biết thời gian thu&ecirc; gi&agrave;n gi&aacute;o v&agrave; sử dụng nh&acirc;n c&ocirc;ng v&iacute; dụ thế) từ 4D. C&aacute;c bạn c&oacute; (4) gi&aacute; vật liệu v&agrave; (5) gi&aacute; nh&acirc;n c&ocirc;ng từ cơ sở dữ liệu của c&ocirc;ng ty (c&aacute;i PolyBrain ở h&igrave;nh tr&ecirc;n). Vậy l&agrave; c&aacute;c bạn c&oacute; thể l&agrave;m gi&aacute; được rồi .</div>\r\n<div>&nbsp;</div>\r\n<div>Ở Anh với Ph&aacute;p th&igrave; kh&ocirc;ng c&oacute; c&aacute;i đơn gi&aacute; nh&agrave; nước n&agrave;o để &aacute;p dụng cả. Chắc l&agrave; kinh tế thị trường n&ecirc;n c&aacute;c c&ocirc;ng ty tự lo gi&aacute; với nhau về cả vật liệu lẫn nh&acirc;n c&ocirc;ng. Mỗi c&ocirc;ng ty thường c&oacute; một cơ sở dữ liệu lớn lưu trử c&aacute;c gi&aacute; th&agrave;nh, hoặc l&agrave; r&uacute;t kinh nghiệm từ c&aacute;c c&ocirc;ng tr&igrave;nh trước, hoặc l&agrave; theo thỏa thuận hằng năm với c&aacute;c nh&agrave; cung cấp (framework contract)</div>\r\n<div>&nbsp;</div>\r\n<div>T&oacute;m lại nếu m&ocirc; h&igrave;nh 3D của c&aacute;c b&ecirc;n được dựng một c&aacute;ch ph&ugrave; hợp (c&ugrave;ng BIM Standards) v&agrave; l&agrave; c&aacute;c m&ocirc; h&igrave;nh c&oacute; chủ &yacute; (intend model) th&igrave; c&aacute;c bạn ho&agrave;n to&agrave;n c&oacute; thể thực hiện c&aacute;c bộ m&ocirc;n phối hợp 3D-4D-5D một c&aacute;ch hiệu quả trong qu&aacute; tr&igrave;nh thiết kế v&agrave; thi c&ocirc;ng</div>\r\n<div>Nguồn: Long Thang</div>\r\n</div>','Thẻ Meta Title [vi]','Cannonical Link [vi]','Cũng như 3D và 4D, có khá nhiều phần mềm chuyên dụng hỗ trợ các bạn bên cạnh các phần mềm làm mô hình 3D. Để làm 5D chẳng hạn, có một số đồng chí như Causeway, CostX, Vico… Dĩ nhiên phần 5D này phải được phụ trách bởi kỹ sư dự toán (estimating engineer).','Thẻ Meta Keyword [vi]',NULL),(9,8,'en','Navisworks Manage – Tool for BIM era project managers','Navisworks Manage – Tool for Project Managers in the BIM Age As project managers, we cannot help but know BIM and BIM-supporting tools. Among the Bim Tools for project managers is Navisworks Manage.','<p>With Autodesk\'s Navisworks solution group, customers can combine design data generated from multiple separate software applications, such as AutoCAD, Revits, Infraworks, Sketchup, etc., with information about shapes and in many different formats and file sizes. The result is a holistic view of the project that helps stakeholders make sound design decisions, improves construction documentation accuracy, and better estimates efficiency and planning. plan for the project.<br />The Navisworks software family offers three products: &nbsp;Navisworks Freedom, Naviswork Simulation and Navisworks Manage; These products provide Investors, Design Engineers, Construction Contractors, Management Consultants&hellip; an accurate tool to help them collaborate, coordinate and exchange work information really effectively. than. Naviswork Manage is the highest of the three products above. So just learning and understanding how to use Navisworks Manage is OK.<br />In this article, Pope Francis would like to share with you, especially those who work in the field of project management, some information about this wonderful software.</p>\r\n<p>Autodesk Navisworks software helps Architects, Structural Engineers &amp; Systems Engineers greatly improve control over the outputs of design or construction projects. Especially, it effectively supports project managers with BIM 4D, 5D support.</p>','<p>PROJECT REVIEW The outstanding advantage of Navisworks is that it allows the integration of 3D data from many different sources and is extremely fast. Even information from photo files or from laser scanners is effectively exploited by this application.Navisworks provides 02 toolkits:&ndash; Design project evaluation toolkit: has functions beyond dominant, allowing users to measure distance &amp; azimuth; area calculation; storing, organizing and reporting 3D views of a truly scientific project; Create plan or cross-sectional views anywhere in the central model file for detailed analysis.&ndash; Design collaboration toolkit: exchange of information in design projects. design has been raised to a new level by Navisworks to improve teamwork; directly give comments and design suggestions on the model; support searching and extracting feedback from other members; Create and share simulation footage of the project.</p>\r\n<p><br />ANALYSIS &amp; ANALYSIS FUNCTION GROUP (SIMULATION &amp; ANALYSIS) Navisworks is equipped with a library of 1000 different types of materials. With a function that allows you to configure settings for initializing simulated images such as adjusting light sources, displaying materials, background, foreground and creating scenarios like in real space (depending on geographical location). &amp; climate of each region) will give us the most intuitive &amp; realistic view even before the project is fully built.<br />A new function and demonstrating the core value of Navisworks is that it allows us to create Object animations to serve the analysis of physical collisions as well as workspace conflicts. between components and devices. All these geometric interactions and overlapping areas of influence between objects will be cataloged by Navisworks into specific categories, with instructions attached, precisely positioned in the central and linked model. with the 4D schedule to improve the construction plan.</p>\r\n<p><br />The 4D construction schedule (4D Scheduling) is the difference of Navisworks and promises to bring many interesting experiences to the Construction Contractors as well as the Project Management Consultants. In addition to the information showing the Job Title, Implementation Time, Work Order, for the first time the Construction Progress Table is modeled and the Progress Engineers can see their works \"big\". gradually&rdquo; over the years. Moreover, setting any time in the construction schedule will allow us to observe the project in the context of each item, each part of the work in progress, forming over time.<br />You can watch more videos below to get a glimpse of the progress simulation function on Navisworks:</p>\r\n<p><br />GROUP COORDINATION Detecting physical collisions, workspace conflicts and effectively managing them is the highlight of the Navisworks product line in construction management. Anticipating potential problems before construction begins saves costs by reducing delays and re-doing a task.</p>\r\n<p><br />In addition to the detection function, Navisworks also equips us with a tool to help check those collisions and conflicts in 3D space, this is really easy and the remedial decisions will be made quickly. and accurate. After checking, those animations will be closely linked to the 4D schedule and we have complete control over whether the issue has been fully resolved, over time, conflicts whether it is a re-occurrence or a potential hazard to the building.</p>\r\n<p><br />GROUP VIEWING (PROJECT VIEWING) Simply Navisworks equips a tool that allows us to create simulation movies (Walkthrough) to explore our central model in every nook and cranny. The most detailed in 3D space.</p>','Thẻ Meta Title [en]','Cannonical Link [en]','Navisworks Manage – Tool for Project Managers in the BIM Age As project managers, we cannot help but know BIM and BIM-supporting tools. Among the Bim Tools for project managers is Navisworks Manage.','Thẻ Meta Keyword [en]',NULL),(10,8,'vi','Navisworks Manage – Công cụ dành cho người quản lý dự án thời đại BIM','Là những người làm quản lý dự án chúng ta không thể không biết tới BIM và những công cụ hỗ trợ BIM được. Trong số những Bim Tools dành cho nhà quản lý dự án có Navisworks Manage.','<p>Với nh&oacute;m giải ph&aacute;p Navisworks của Autodesk, kh&aacute;ch h&agrave;ng c&oacute; thể tổ hợp c&aacute;c dữ liệu thiết kế được khởi tạo từ nhiều ứng dụng phần mềm ri&ecirc;ng biệt, v&iacute; dụ như AutoCAD, Revits, Infraworks, Sketchup&hellip;, với th&ocirc;ng tin về h&igrave;nh khối v&agrave; dưới nhiều định dạng, dung lượng tệp lưu trữ kh&aacute;c nhau. Kết quả l&agrave; một c&aacute;i nh&igrave;n tổng thể về dự &aacute;n gi&uacute;p cho c&aacute;c th&agrave;nh vi&ecirc;n tham gia đưa ra được những quyết định thiết kế đ&uacute;ng đắn, n&acirc;ng cao t&iacute;nh ch&iacute;nh x&aacute;c của hồ sơ x&acirc;y dựng v&agrave; dự t&iacute;nh tốt hơn về hiệu quả cũng như lập kế hoạch cho dự &aacute;n.<br />Họ phần mềm Navisworks đưa ra 03 sản phẩm:&nbsp;<strong>Navisworks Freedom, Naviswork Simulation v&agrave; Navisworks Manage</strong>; những sản phẩm n&agrave;y cung cấp cho c&aacute;c Chủ đầu tư, Kỹ sư thiết kế, Nh&agrave; thầu thi c&ocirc;ng, Tư vấn quản l&yacute;&hellip; một c&ocirc;ng cụ ch&iacute;nh x&aacute;c gi&uacute;p họ cộng t&aacute;c, điều phối v&agrave; trao đổi th&ocirc;ng tin c&ocirc;ng việc thực sự hiệu quả hơn. Naviswork Manage l&agrave; sản phẩm cao nhất trong 3 sản phẩm tr&ecirc;n. N&ecirc;n chỉ cần học v&agrave; hiểu được c&aacute;ch d&ugrave;ng Navisworks Manage l&agrave; OK.<br />Trong b&agrave;i viết n&agrave;y ĐTC xin chia sẻ với c&aacute;c bạn, đặc biệt c&aacute;c bạn l&agrave;m trong lĩnh vực quản l&yacute; dự &aacute;n một v&agrave;i th&ocirc;ng tin về phần mềm tuyệt vời n&agrave;y.</p>\r\n<p>Phần mềm Navisworks của Autodesk hỗ trợ c&aacute;c Kiến tr&uacute;c sư, Kết cấu sư &amp; Hệ thống sư n&acirc;ng cao đ&aacute;ng kể c&ocirc;ng t&aacute;c kiểm so&aacute;t c&aacute;c sản phẩm đầu ra của đồ &aacute;n thiết kế hay c&ocirc;ng tr&igrave;nh x&acirc;y dựng. Đặc biệt n&oacute; hỗ trợ đắc lực cho những người l&agrave;m quản l&yacute; dự &aacute;n với hỗ trợ BIM 4D, 5D.</p>','<p><strong>NH&Oacute;M CHỨC NĂNG Đ&Aacute;NH GI&Aacute; DỰ &Aacute;N (PROJECT REVIEW)</strong>Ưu điểm vượt trội của Navisworks l&agrave; cho ph&eacute;p t&iacute;ch hợp c&aacute;c dữ liệu 3D từ rất nhiều nguồn kh&aacute;c nhau v&agrave; cực kỳ nhanh ch&oacute;ng. Thậm ch&iacute; c&aacute;c th&ocirc;ng tin từ tệp ảnh chụp hoặc từ thiết bị qu&eacute;t laser cũng được khai th&aacute;c hiệu quả bởi ứng dụng n&agrave;y.<em>Navisworks cung cấp 02 bộ c&ocirc;ng cụ:</em><strong>&ndash; Bộ c&ocirc;ng cụ đ&aacute;nh gi&aacute; đồ &aacute;n thiết kế:</strong>&nbsp;c&oacute; những chức năng vượt trội, cho ph&eacute;p người d&ugrave;ng đo đạc khoảng c&aacute;ch &amp; g&oacute;c phương vị; t&iacute;nh to&aacute;n diện t&iacute;ch; lưu trữ, tổ chức v&agrave; lập b&aacute;o c&aacute;o c&aacute;c khung nh&igrave;n 3D của dự &aacute;n thực sự khoa học; tạo ra những khung nh&igrave;n mặt bằng hay mặt cắt ngang ở bất cứ vị tr&iacute; n&agrave;o của tệp m&ocirc; h&igrave;nh trung t&acirc;m để phục vụ ph&acirc;n t&iacute;ch chi tiết.<strong>&ndash; Bộ c&ocirc;ng cụ cộng t&aacute;c thiết kế:</strong>&nbsp;c&ocirc;ng t&aacute;c trao đổi th&ocirc;ng tin trong đồ &aacute;n thiết kế đ&atilde; được Navisworks n&acirc;ng l&ecirc;n một tầm cao mới nhằm cải thiện năng lực l&agrave;m việc theo nh&oacute;m;&nbsp; trực tiếp đưa ra c&aacute;c b&igrave;nh luận, g&oacute;p &yacute; thiết kế tr&ecirc;n m&ocirc; h&igrave;nh; hỗ trợ t&igrave;m kiếm v&agrave; tr&iacute;ch xuất c&aacute;c th&ocirc;ng tin phản hồi từ c&aacute;c th&agrave;nh vi&ecirc;n kh&aacute;c; khởi tạo v&agrave; chia sẻ c&aacute;c thước phim giả lập về c&ocirc;ng tr&igrave;nh.</p>\r\n<p><br /><strong>NH&Oacute;M CHỨC NĂNG PH&Acirc;N T&Iacute;CH &amp; M&Ocirc; PHỎNG (SIMULATION &amp; ANALYSIS)</strong>Navisworks được trang bị sẵn bộ thư viện gồm 1000 chủng loại vật liệu kh&aacute;c nhau. Với chức năng cho ph&eacute;p định h&igrave;nh c&aacute;c thiết lập về khởi tạo ảnh giả lập như điều chỉnh nguồn s&aacute;ng, thể hiện vật tư, hậu cảnh, tiền cảnh v&agrave; tạo ra c&aacute;c kịch bản như trong kh&ocirc;ng gian thực (t&ugrave;y theo vị tr&iacute; địa l&yacute; &amp; kh&iacute; hậu từng v&ugrave;ng miền) sẽ mang đến cho ch&uacute;ng ta c&aacute;i nh&igrave;n trực quan nhất &amp; s&aacute;t thực nhất trước cả khi dự &aacute;n được x&acirc;y dựng ho&agrave;n chỉnh.<br />Một chức năng mới v&agrave; thể hiện gi&aacute; trị cốt l&otilde;i của Navisworks đ&oacute; l&agrave; cho ph&eacute;p ch&uacute;ng ta tạo ra c&aacute;c hoạt vật (Object animation) để phục vụ c&ocirc;ng t&aacute;c ph&acirc;n t&iacute;ch sự va chạm vật l&yacute; cũng như xung đột phạm vi kh&ocirc;ng gian l&agrave;m việc giữa c&aacute;c cấu kiện, thiết bị. Tất cả những sự tương t&aacute;c h&igrave;nh học v&agrave; chồng ch&eacute;o v&ugrave;ng ảnh hưởng n&agrave;y giữa c&aacute;c đối tượng sẽ được Navisworks thống k&ecirc; th&agrave;nh danh mục cụ thể, c&oacute; gắn k&egrave;m c&aacute;c chỉ dẫn, định vị ch&iacute;nh x&aacute;c trong m&ocirc; h&igrave;nh trung t&acirc;m v&agrave; được li&ecirc;n kết với tiến độ 4D nhằm cải thiện kế hoạch thi c&ocirc;ng x&acirc;y dựng.</p>\r\n<figure class=\"wp-block-image\"><a href=\"https://3.bp.blogspot.com/-S9FPq2zAI_g/WnAXDcfoipI/AAAAAAAAPnA/tw4Yf_jNwpkE5ttfmJ-r0b5GcO44AzsvACLcBGAs/s1600/5d-project-scheduling-with-navisworks-manage.jpg\"><img class=\"lazyloaded\" src=\"https://3.bp.blogspot.com/-S9FPq2zAI_g/WnAXDcfoipI/AAAAAAAAPnA/tw4Yf_jNwpkE5ttfmJ-r0b5GcO44AzsvACLcBGAs/s640/5d-project-scheduling-with-navisworks-manage.jpg\" alt=\"\" data-lazy-src=\"https://3.bp.blogspot.com/-S9FPq2zAI_g/WnAXDcfoipI/AAAAAAAAPnA/tw4Yf_jNwpkE5ttfmJ-r0b5GcO44AzsvACLcBGAs/s640/5d-project-scheduling-with-navisworks-manage.jpg\" data-was-processed=\"true\" /></a></figure>\r\n<p><em>Tiến độ thi c&ocirc;ng 4D (4D Scheduling) ch&iacute;nh l&agrave; điểm kh&aacute;c biệt của Navisworks v&agrave; hứa hẹn sẽ đem lại nhiều trải nghiệm th&uacute; vị cho c&aacute;c Nh&agrave; thầu thi c&ocirc;ng cũng như Tư vấn QLDA</em>. Ngo&agrave;i c&aacute;c th&ocirc;ng tin thể hiện T&ecirc;n đầu việc, Thời gian thực hiện, Tr&igrave;nh tự c&ocirc;ng t&aacute;c, lần đầu ti&ecirc;n Bảng tiến độ thi c&ocirc;ng x&acirc;y dựng được m&ocirc; h&igrave;nh h&oacute;a v&agrave; c&aacute;c Kỹ sư tiến độ c&oacute; thể nh&igrave;n thấy c&ocirc;ng tr&igrave;nh của m&igrave;nh &ldquo;lớn dần&rdquo; l&ecirc;n theo năm th&aacute;ng. Hơn nữa, việc ấn định một thời điểm bất kỳ trong tiến độ thi c&ocirc;ng sẽ cho ch&uacute;ng ta quan s&aacute;t được dự &aacute;n trong bối cảnh từng hạng mục, từng bộ phận c&ocirc;ng tr&igrave;nh đang dang dở h&igrave;nh th&agrave;nh theo thời gian.<br /><em>Bạn c&oacute; thể xem th&ecirc;m video dưới đ&acirc;y để hiểu sơ qua về chức năng m&ocirc; phỏng tiến độ tr&ecirc;n Navisworks:</em></p>\r\n<figure><iframe class=\"lazyloading\" src=\"https://www.youtube.com/embed/6cwm6tDXU0s\" width=\"100%\" height=\"315\" allowfullscreen=\"\" data-was-processed=\"true\"></iframe></figure>\r\n<p><strong>NH&Oacute;M CHỨC NĂNG ĐIỀU PHỐI (COORDINATION)&nbsp;</strong>D&ograve; t&igrave;m sự va chạm vật l&yacute;, xung đột v&ugrave;ng kh&ocirc;ng gian l&agrave;m việc v&agrave; thực hiện quản l&yacute; ch&uacute;ng một c&aacute;ch hiệu quả ch&iacute;nh l&agrave; điểm nổi bật của d&ograve;ng sản phẩm Navisworks trong quản l&yacute; thi c&ocirc;ng. Việc lường trước được c&aacute;c vấn đề tiềm t&agrave;ng từ trước khi triển khai x&acirc;y dựng gi&uacute;p tiết kiệm chi ph&iacute; th&ocirc;ng qua sự giảm thiểu c&aacute;c chậm trễ cũng như sự l&agrave;m đi l&agrave;m lại một c&ocirc;ng t&aacute;c n&agrave;o đ&oacute;.</p>\r\n<figure class=\"wp-block-image\"><a href=\"https://3.bp.blogspot.com/-MaZkX83izGY/WnAXVvFNwKI/AAAAAAAAPnE/lmOgbR3t2zEYzkMeAfHPZ7vZ6sC185AfgCLcBGAs/s1600/kiem-tra-va-cham-trong-navisworks.png\"><img class=\"lazyloaded\" src=\"https://3.bp.blogspot.com/-MaZkX83izGY/WnAXVvFNwKI/AAAAAAAAPnE/lmOgbR3t2zEYzkMeAfHPZ7vZ6sC185AfgCLcBGAs/s640/kiem-tra-va-cham-trong-navisworks.png\" alt=\"\" data-lazy-src=\"https://3.bp.blogspot.com/-MaZkX83izGY/WnAXVvFNwKI/AAAAAAAAPnE/lmOgbR3t2zEYzkMeAfHPZ7vZ6sC185AfgCLcBGAs/s640/kiem-tra-va-cham-trong-navisworks.png\" data-was-processed=\"true\" /></a></figure>\r\n<p>Ngo&agrave;i chức năng d&ograve; t&igrave;m, Navisworks c&ograve;n trang bị cho ch&uacute;ng ta c&ocirc;ng cụ gi&uacute;p kiểm tra c&aacute;c va đụng, xung đột đ&oacute; trong kh&ocirc;ng gian 3D, điều n&agrave;y thực sự dễ d&agrave;ng v&agrave; c&aacute;c quyết định khắc phục sẽ được đưa ra một c&aacute;ch nhanh ch&oacute;ng v&agrave; chuẩn x&aacute;c.Sau khi kiểm tra, c&aacute;c hoạt vật đ&oacute; sẽ được li&ecirc;n kết chặt chẽ đến tiến độ 4D v&agrave; ch&uacute;ng ta ho&agrave;n to&agrave;n kiểm so&aacute;t được xem vấn đề đ&oacute; đ&atilde; được giải quyết thấu đ&aacute;o chưa, theo thời gian, những xung đột đ&oacute; c&oacute; thể t&aacute;i hiện hoặc l&agrave; một mối nguy tiềm t&agrave;ng với c&ocirc;ng tr&igrave;nh hay kh&ocirc;ng.</p>\r\n<p><br /><strong>NH&Oacute;M CHỨC NĂNG QUAN S&Aacute;T (PROJECT VIEWING)</strong>Chỉ đơn giản l&agrave; Navisworks trang bị một c&ocirc;ng cụ cho ph&eacute;p ch&uacute;ng ta tạo ra c&aacute;c thước phim giả lập (Walkthrough) để kh&aacute;m ph&aacute; m&ocirc; h&igrave;nh trung t&acirc;m của m&igrave;nh tại từng ng&oacute;c ng&aacute;ch, từng vị tr&iacute; chi tiết nhất trong kh&ocirc;ng gian 3D.</p>','Thẻ Meta Title [vi]','Cannonical Link [vi]','Là những người làm quản lý dự án chúng ta không thể không biết tới BIM và những công cụ hỗ trợ BIM được. Trong số những Bim Tools dành cho nhà quản lý dự án có Navisworks Manage.','Thẻ Meta Keyword [vi]',NULL),(11,9,'en','Dynamo: Sandbox or Studio?','Users often wonder about Dynamo like this: they are often familiar with Revit and are looking for more advanced & sophisticated ways to control the creation, arrangement or analysis of BIM objects in a project. Unmatched Dynamo, originally developed as a visual programming tool for Revit.','<p>However, over the past 10 years, Dynamo has expanded compatibility with Civil3D, Alias ​​Design, Formit, and Advance Steel. Standalone worlds are created independent of Revit, and are available as a full version with Dynamo Studio or a Dynamo Sandbox open source developer edition.</p>\r\n<p><br />You may be wondering&hellip;</p>\r\n<p>What is the difference between Dynamo Studio and Dynamo Sandbox and which one is better for me?<br />Dynamo experts Zach Kron and Sol Amour have the most concise descriptions of each product and the audience they are aimed at:<br />Dynamo Studio<br />What is it?<br />Dynamo Studio is the core technology with Autodesk geometry tools and access to cloud services without any other software prerequisites.</p>\r\n<p>Who is it for?<br />For those of you in the education industry, we hope this can become a more widely accessible teaching tool. For office people, we hope this can be a bridge between non-Revit users and Revit-based projects. We hope this allows you to work on Dynamo sketches on the metro or talk to consultants and collaborators on other platforms like Navis and Rhino, and opens up the possibility of calculation accounting for users beyond traditional BIM.</p>\r\n<p>Dynamo Sandbox<br />What is it?<br />DynamoSandbox.exe is a free Dynamo core technology (scripting language, nodemap, execution engine) that can use some of the geometry tools available in Revit and does not have the ability to log in to services. cloud service.</p>','<p>Who is it for?<br />The Dynamo Sandbox is for package developers and others working with Dynamo code who want to stay on top of the latest and greatest coming out. Sandbox can be used as a general programming or orchestration interface for other programs because it can be run without installing any other Autodesk programs. As a BIM Manager, you can test host-specific packages in a secure environment prior to deployment.</p>\r\n<p>In the end, I only recommend Dynamo Sandbox to BIM Managers, package developers or proficient users who are already familiar with Dynamo. You can find the latest builds for Dynamo Sandbox, including daily builds at DynamoBuilds.com.</p>\r\n<p>For other users who want access to Dynamo\'s intuitive programming interface but don\'t need to access Revit objects through the Revit API, then Dynamo Studio is the best choice. As mentioned above, Dynamo Studio is stable and has access to cloud services, which makes it available on Sandbox. Dynamo Studio can run on platforms that Revit cannot run easily, such as ultrabooks or tablets running Windows 10; Expand the places where you can be productive.</p>','Thẻ Meta Title [en]','Cannonical Link [en]','Người dùng thường lăn tăn về Dynamo kiểu như: họ thường quen thuộc với Revit và đang tìm kiếm các cách cao cấp & tinh vi hơn để kiểm soát việc tạo, sắp xếp hoặc phân tích các đối tượng BIM trong một dự án. Dynamo vô đối, ban đầu được phát triển như một công cụ lập trình trực quan cho Revit.','Thẻ Meta Keyword [en]',NULL),(12,9,'vi','Dynamo: Sandbox hay Studio?','Người dùng thường lăn tăn về Dynamo kiểu như: họ thường quen thuộc với Revit và đang tìm kiếm các cách cao cấp & tinh vi hơn để kiểm soát việc tạo, sắp xếp hoặc phân tích các đối tượng BIM trong một dự án. Dynamo vô đối, ban đầu được phát triển như một công cụ lập trình trực quan cho Revit.','<p>Tuy nhi&ecirc;n, trong 10 năm qua, Dynamo đ&atilde; mở rộng khả năng tương th&iacute;ch với Civil3D, Alias Design, Formit v&agrave; Advance Steel. Thế giới độc lập được tạo ra kh&ocirc;ng phụ thuộc v&agrave;o Revit, v&agrave; c&oacute; sẵn dưới dạng phi&ecirc;n bản đầy đủ với Dynamo Studio hoặc phi&ecirc;n bản d&agrave;nh cho nh&agrave; ph&aacute;t triển nguồn mở Dynamo Sandbox.</p>\r\n<figure class=\"wp-block-image size-large\"><img class=\"wp-image-12040 lazyloaded\" src=\"https://vietnambim.net/wp-content/uploads/2021/03/image-1024x445.png\" srcset=\"https://vietnambim.net/wp-content/uploads/2021/03/image-1024x445.png 1024w, https://vietnambim.net/wp-content/uploads/2021/03/image-300x130.png 300w, https://vietnambim.net/wp-content/uploads/2021/03/image-768x334.png 768w, https://vietnambim.net/wp-content/uploads/2021/03/image-696x303.png 696w, https://vietnambim.net/wp-content/uploads/2021/03/image-966x420.png 966w, https://vietnambim.net/wp-content/uploads/2021/03/image.png 1060w\" alt=\"\" data-lazy-src=\"https://vietnambim.net/wp-content/uploads/2021/03/image-1024x445.png\" data-lazy-srcset=\"https://vietnambim.net/wp-content/uploads/2021/03/image-1024x445.png 1024w, https://vietnambim.net/wp-content/uploads/2021/03/image-300x130.png 300w, https://vietnambim.net/wp-content/uploads/2021/03/image-768x334.png 768w, https://vietnambim.net/wp-content/uploads/2021/03/image-696x303.png 696w, https://vietnambim.net/wp-content/uploads/2021/03/image-966x420.png 966w, https://vietnambim.net/wp-content/uploads/2021/03/image.png 1060w\" data-lazy-sizes=\"(max-width: 1024px) 100vw, 1024px\" data-was-processed=\"true\" /></figure>\r\n<p>Bạn c&oacute; thể đang tự hỏi&hellip;</p>\r\n<h5>Sự kh&aacute;c biệt giữa Dynamo Studio v&agrave; Dynamo Sandbox l&agrave; g&igrave; v&agrave; c&aacute;i n&agrave;o ph&ugrave; hợp với m&igrave;nh hơn?<br />Hai chuy&ecirc;n gia Dynamo Zach Kron v&agrave; Sol Amour c&oacute; những m&ocirc; tả ngắn gọn nhất về từng sản phẩm v&agrave; đối tượng ch&uacute;ng hướng đến:</h5>\r\n<h2>Dynamo Studio</h2>\r\n<h4>N&oacute; l&agrave; g&igrave;?</h4>\r\n<div class=\"td-g-rec td-g-rec-id-content_inline td_uid_11_611a530644b64_rand td_block_template_9 \">&nbsp;</div>\r\n<p>Dynamo Studio l&agrave; c&ocirc;ng nghệ cốt l&otilde;i với c&aacute;c c&ocirc;ng cụ h&igrave;nh học của Autodesk v&agrave; quyền truy cập v&agrave;o c&aacute;c dịch vụ đ&aacute;m m&acirc;y m&agrave; kh&ocirc;ng cần bất kỳ điều kiện ti&ecirc;n quyết n&agrave;o kh&aacute;c về phần mềm.</p>\r\n<h4>N&oacute; d&agrave;nh cho ai?</h4>\r\n<p>Đối với c&aacute;c bạn trong ng&agrave;nh gi&aacute;o dục, ch&uacute;ng t&ocirc;i hy vọng đ&acirc;y c&oacute; thể trở th&agrave;nh một c&ocirc;ng cụ giảng dạy c&oacute; thể tiếp cận rộng r&atilde;i hơn. Đối với những người l&agrave;m văn ph&ograve;ng, ch&uacute;ng t&ocirc;i hy vọng đ&acirc;y c&oacute; thể l&agrave; cầu nối giữa những người kh&ocirc;ng sử dụng Revit v&agrave; c&aacute;c dự &aacute;n dựa tr&ecirc;n Revit. Ch&uacute;ng t&ocirc;i hy vọng điều n&agrave;y cho ph&eacute;p bạn l&agrave;m việc tr&ecirc;n c&aacute;c bản ph&aacute;c thảo Dynamo tr&ecirc;n t&agrave;u điện ngầm hoặc n&oacute;i chuyện với c&aacute;c nh&agrave; tư vấn v&agrave; cộng t&aacute;c vi&ecirc;n tr&ecirc;n c&aacute;c nền tảng kh&aacute;c như Navis v&agrave; Rhino, đồng thời mở ra khả năng t&iacute;nh to&aacute;n cho người d&ugrave;ng ngo&agrave;i BIM truyền thống.</p>\r\n<h2>Dynamo Sandbox</h2>\r\n<h4>N&oacute; l&agrave; g&igrave;?</h4>\r\n<p>DynamoSandbox.exe l&agrave; c&ocirc;ng nghệ cốt l&otilde;i Dynamo miễn ph&iacute; (ng&ocirc;n ngữ kịch bản, sơ đồ n&uacute;t, c&ocirc;ng cụ thực thi) c&oacute; thể sử dụng một số c&ocirc;ng cụ h&igrave;nh học c&oacute; sẵn trong Revit v&agrave; kh&ocirc;ng c&oacute; khả năng đăng nhập v&agrave;o c&aacute;c dịch vụ đ&aacute;m m&acirc;y.</p>','<h4>N&oacute; d&agrave;nh cho ai?</h4>\r\n<p>Dynamo Sandbox d&agrave;nh cho c&aacute;c nh&agrave; ph&aacute;t triển g&oacute;i v&agrave; những người kh&aacute;c l&agrave;m việc với m&atilde; Dynamo, những người muốn lu&ocirc;n cập nhật những thứ mới nhất v&agrave; tuyệt vời nhất sắp ra mắt. Sandbox c&oacute; thể được sử dụng l&agrave;m giao diện lập tr&igrave;nh hoặc điều phối chung cho c&aacute;c chương tr&igrave;nh kh&aacute;c v&igrave; n&oacute; c&oacute; thể chạy m&agrave; kh&ocirc;ng cần c&agrave;i đặt bất kỳ chương tr&igrave;nh Autodesk n&agrave;o kh&aacute;c. L&agrave; một Tr&igrave;nh quản l&yacute; BIM, bạn c&oacute; thể kiểm tra c&aacute;c g&oacute;i kh&ocirc;ng cụ thể của m&aacute;y chủ lưu trữ trong một m&ocirc;i trường an to&agrave;n trước khi triển khai.</p>\r\n<p>Cuối c&ugrave;ng, t&ocirc;i chỉ khuy&ecirc;n bạn n&ecirc;n sử dụng Dynamo Sandbox cho Người quản l&yacute; BIM, nh&agrave; ph&aacute;t triển g&oacute;i hoặc người d&ugrave;ng th&agrave;nh thạo đ&atilde; quen thuộc với Dynamo. Bạn c&oacute; thể t&igrave;m thấy c&aacute;c bản dựng mới nhất cho Dynamo Sandbox, bao gồm c&aacute;c bản dựng h&agrave;ng ng&agrave;y tại DynamoBuilds.com.</p>\r\n<p>Đối với những người d&ugrave;ng kh&aacute;c muốn truy cập v&agrave;o giao diện lập tr&igrave;nh trực quan của Dynamo nhưng kh&ocirc;ng cần truy cập v&agrave;o c&aacute;c đối tượng Revit th&ocirc;ng qua API Revit, th&igrave; Dynamo Studio l&agrave; lựa chọn tốt nhất. Như đ&atilde; đề cập ở tr&ecirc;n, Dynamo Studio ổn định v&agrave; c&oacute; quyền truy cập v&agrave;o c&aacute;c dịch vụ đ&aacute;m m&acirc;y, điều n&agrave;y gi&uacute;p n&oacute; c&oacute; mặt tr&ecirc;n Sandbox. Dynamo Studio c&oacute; thể chạy tr&ecirc;n những nền tảng m&agrave; Revit kh&ocirc;ng thể chạy dễ d&agrave;ng, chẳng hạn như ultrabook hoặc m&aacute;y t&iacute;nh bảng chạy Windows 10; mở rộng những nơi bạn c&oacute; thể l&agrave;m việc hiệu quả.</p>','Thẻ Meta Title [vi]','Cannonical Link [vi]','Người dùng thường lăn tăn về Dynamo kiểu như: họ thường quen thuộc với Revit và đang tìm kiếm các cách cao cấp & tinh vi hơn để kiểm soát việc tạo, sắp xếp hoặc phân tích các đối tượng BIM trong một dự án. Dynamo vô đối, ban đầu được phát triển như một công cụ lập trình trực quan cho Revit.','Thẻ Meta Keyword [vi]',NULL),(13,10,'en','Types of modules in Grasshopper','Grasshopper uses an extremely diverse system of modules that can be linked together to create a “Clear History” for the model. There are 3 main types of modules:\r\n\r\n          Parameters contain data (values).\r\n          Component structure blocks.\r\n          Utility utilities and other special tools, called special.','<p>Parameter</p>\r\n<p>The tabs of Parameter are arranged in groups with similar functions. At the top is the Params card. Here, you can define basic geometry properties and input parameters such as data types for values, text for object names, etc. In particular, it contains sliders and panels. These are two extremely useful tools to support every process of the project.</p>\r\n<p>Define a Parameter</p>\r\n<p>When a parameter is placed on the canvas, it is just an empty parameter, showing orange. Now, we can define one or more geometric properties as well as basic parameters for it. To better understand how to define one or more geometry objects, right-click the parameter and use the desired options.</p>\r\n<p><br />To define the parameter, we choose Select one or Multiple depending on the number of objects you want to define. Then go to Rhino to select the object. As the above example is &ldquo;Set one Circle&rdquo; or &ldquo;Set Mutiple Circle&rdquo;.</p>\r\n<p><br />Parameter defined in Rhino or Grasshopper</p>\r\n<p>Geometric properties can be defined in both Grasshopper and Rhino. A circle sometimes needs to be defined in Grasshopper because defining it in Rhino and Grasshopper is different. This difference depends on which Parameter parameter needs to be defined. For example, a point can be defined both in Rhino and Grasshopper. This difference will indicate the possibility of changing the geometry in Rhino and Grasshopper later on. While this may seem trivial, it has a huge impact on the design process and your ability to effectively reshape your design. If the content of the Parameter parameter is defined in Grasshopper, the geometry customizations in Rhino will be removed. Conversely, if the content of the Parameter parameter is based on a geometry property in Rhino, then any change in Rhino will result in a change of the entire geometry property in Grasshopper.</p>','<p>Parameter</p>\r\n<p>The tabs of Parameter are arranged in groups with similar functions. At the top is the &nbsp; Params card. Here, you can define basic geometry properties and input parameters such as data types for values, text for object names, etc. In particular, it contains sliders and panels. These are two extremely useful tools to support every process of the project.</p>\r\n<p>Define a Parameter</p>\r\n<p>When a parameter is placed on the canvas, it is just an empty parameter, showing orange. Now, we can define one or more geometric properties as well as basic parameters for it. To better understand how to define one or more geometry objects, right-click the parameter and use the desired options.</p>\r\n<p>To define the parameter, we choose Select one or Multiple depending on the number of objects you want to define. Then go to Rhino to select the object. As the above example is &ldquo;Set one Circle&rdquo; or &ldquo;Set Mutiple Circle&rdquo;.</p>\r\n<p>Parameter defined in Rhino or Grasshopper</p>\r\n<p>Geometric properties can be defined in both Grasshopper and Rhino. A circle sometimes needs to be defined in Grasshopper because defining it in Rhino and Grasshopper is different. This difference depends on which Parameter parameter needs to be defined. For example, a point can be defined both in Rhino and Grasshopper. This difference will indicate the possibility of changing the geometry in Rhino and Grasshopper later on. While this may seem trivial, it has a huge impact on the design process and your ability to effectively reshape your design. If the content of the Parameter parameter is defined in Grasshopper, the geometry customizations in Rhino will be removed. Conversely, if the content of the Parameter parameter is based on a geometry property in Rhino, then any change in Rhino will result in a change of the entire geometry property in Grasshopper.</p>','Thẻ Meta Title [en]','Cannonical Link [en]','Grasshopper uses an extremely diverse system of modules that can be linked together to create a “Clear History” for the model. There are 3 main types of modules:\r\n\r\n          Parameters contain data (values).\r\n          Component structure blocks.\r\n          Utility utilities and other special tools, called special.','Thẻ Meta Keyword [en]',NULL),(14,10,'vi','Các loại module trong Grasshopper','Grasshopper sử dựng một hệ thống các mô-đun vô cùng đa dạng mà có thể kết nối với nhau để tạo ra một “Lịch sử rõ ràng” cho mô hình. Có 3 loại mô-đun chính :\r\n\r\n         Các Parameter chứa dữ liệu (giá trị).\r\n         Các khối cấu trúc Component.\r\n         Các  tiện ích utility và công cụ đặc biệt khác, gọi là special.','<p>Khi bạn thiết kế với Grasshopper, bạn sẽ d&ugrave;ng đến c&aacute;c m&ocirc;-đun n&agrave;y để tạo ra c&aacute;c đối tượng h&igrave;nh học. C&aacute;c m&ocirc;-đun c&oacute; phạm vị tương t&aacute;c rất rộng, ch&uacute;ng c&oacute; thể li&ecirc;n kết với nhau theo nhiều c&aacute;ch. Trong thư viện c&aacute;c m&ocirc;-đun, người d&ugrave;ng c&oacute; thể lựa chọn v&agrave; sử dụng m&ocirc;-đun m&agrave; cho ph&eacute;p họ định nghĩa được c&aacute;c dữ liệu đầu v&agrave;o m&agrave; m&igrave;nh cần. Điều n&agrave;y cho ph&eacute;p bạn c&oacute; thể điều khiển được kết quả cuối c&ugrave;ng cho định nghĩa của m&igrave;nh để tạo ra c&aacute;c đối tượng h&igrave;nh học như mong muốn.</p>\r\n<p><img class=\"wp-image-7129 aligncenter lazyloaded\" src=\"http://vietnambim.net/wp-content/uploads/2018/06/20170531124631-300x165.jpeg\" srcset=\"https://vietnambim.net/wp-content/uploads/2018/06/20170531124631-300x165.jpeg 300w, https://vietnambim.net/wp-content/uploads/2018/06/20170531124631.jpeg 350w\" alt=\"\" width=\"413\" height=\"227\" data-lazy-src=\"http://vietnambim.net/wp-content/uploads/2018/06/20170531124631-300x165.jpeg\" data-lazy-srcset=\"https://vietnambim.net/wp-content/uploads/2018/06/20170531124631-300x165.jpeg 300w, https://vietnambim.net/wp-content/uploads/2018/06/20170531124631.jpeg 350w\" data-lazy-sizes=\"(max-width: 413px) 100vw, 413px\" data-was-processed=\"true\" /></p>\r\n<div class=\"td-g-rec td-g-rec-id-content_inline td_uid_11_611a5419b5571_rand td_block_template_9 \">&nbsp;</div>\r\n<p>Để x&acirc;y dựng một h&ecirc; thống c&aacute;c đối tượng h&igrave;nh học phức tạp, bạn cần thực hiện từng bước một. Nghĩa l&agrave;, khi bạn bắt đầu một dự &aacute;n với Grasshopper, điều đầu ti&ecirc;n l&agrave; cần phải ph&acirc;n t&iacute;ch l&agrave;m c&aacute;ch n&agrave;o để tạo dựng n&ecirc;n c&aacute;c đối tượng h&igrave;nh học đ&oacute;. Cần thực hiện những bước g&igrave;. Trong Rhino, để vẽ một đường cong, bạn d&ugrave;ng chuột. Hoặc c&aacute;c thiết lập cho đường cong đ&oacute; c&oacute; thể được thay đổi ở d&ograve;ng command line. Trong Grasshopper, bạn kh&ocirc;ng l&agrave;m vậy. Bạn sẽ định nghĩa từng bước cho qu&aacute; tr&igrave;nh tạo dựng đường cong đ&oacute; với sự trợ gi&uacute;p của chuột. Nhưng, đường cong n&agrave;y thay v&igrave; bạn phải click c&ocirc;ng cụ vẽ đường cong v&agrave; thực hiện vẽ bằng c&aacute;ch truyền thống th&igrave; với Grasshopper, bạn sẽ định nghĩa c&aacute;c điểm point v&agrave; đường cong sẽ được tọa ra th&ocirc;ng qua c&aacute;c điểm point n&agrave;y. Từ đ&oacute; về sau, bạn sẽ dễ d&agrave;ng thay đổi h&igrave;nh dạng đường cong theo mong muốn bằng c&aacute;ch thay đổi c&aacute;c điểm point n&agrave;y. Ở v&iacute; dụ dưới, việc n&agrave;y được hỗ trợ bởi c&aacute;c thanh trượt slider.</p>','<p><strong>Parameter</strong></p>\r\n<p>C&aacute;c tab của Parameter được bố tr&iacute; theo từng nh&oacute;m với chức năng tương đồng. Đứng đầu l&agrave;&nbsp;&nbsp;thẻ Params. Ở đ&acirc;y, bạn c&oacute; thể định nghĩa c&aacute;c thuộc t&iacute;nh h&igrave;nh học v&agrave; th&ocirc;ng số đầu v&agrave;o cơ bản như kiểu dữ liệu cho c&aacute;c trị số, c&aacute;c text cho t&ecirc;n đối tượng,&hellip;Đặc biệt, n&oacute; chứa slider v&agrave; panel. Đ&acirc;y l&agrave; 2 c&ocirc;ng cụ v&ocirc; c&ugrave;ng hữu dụng để hỗ trợ cho mọi tiến tr&igrave;nh của dự &aacute;n.</p>\r\n<p><strong><em>Định nghĩa một Parameter</em></strong></p>\r\n<p>Khi một parameter được đặt v&agrave;o nền canvas th&igrave; l&uacute;c n&agrave;y chỉ l&agrave; một parameter trống, hiện m&agrave;u cam. B&acirc;y giờ, ta c&oacute; thể định nghĩa một hoặc nhiều thuộc t&iacute;nh h&igrave;nh học cũng như c&aacute;c th&ocirc;ng số cơ bản cho n&oacute;. Để hiểu r&otilde; hơn về c&aacute;ch định nghĩa một hoặc nhiều đối tượng h&igrave;nh học, ta chuột phải v&agrave;o parameter v&agrave; sử dụng c&aacute;c t&ugrave;y chọn mong muốn.</p>\r\n<p><img class=\"alignnone wp-image-7135 lazyloaded\" src=\"http://vietnambim.net/wp-content/uploads/2018/06/20170531124814-300x296.jpeg\" srcset=\"https://vietnambim.net/wp-content/uploads/2018/06/20170531124814-300x296.jpeg 300w, https://vietnambim.net/wp-content/uploads/2018/06/20170531124814-426x420.jpeg 426w, https://vietnambim.net/wp-content/uploads/2018/06/20170531124814.jpeg 540w\" alt=\"\" width=\"463\" height=\"457\" data-lazy-src=\"http://vietnambim.net/wp-content/uploads/2018/06/20170531124814-300x296.jpeg\" data-lazy-srcset=\"https://vietnambim.net/wp-content/uploads/2018/06/20170531124814-300x296.jpeg 300w, https://vietnambim.net/wp-content/uploads/2018/06/20170531124814-426x420.jpeg 426w, https://vietnambim.net/wp-content/uploads/2018/06/20170531124814.jpeg 540w\" data-lazy-sizes=\"(max-width: 463px) 100vw, 463px\" data-was-processed=\"true\" /></p>\r\n<p>Để định nghĩa cho parameter, ta chọn Select one hoặc Multiple phụ thuộc v&agrave;o số lượng đối tượng m&agrave; bạn muốn định nghĩa. Sau đ&oacute;, qua Rhino để chọn v&agrave;o đối tượng. Như v&iacute; dụ tr&ecirc;n l&agrave; &ldquo; Set one Circle&rdquo; hoặc &rdquo;Set Mutiple Circle&rdquo;.</p>\r\n<p><img class=\"alignnone wp-image-7133 lazyloaded\" src=\"http://vietnambim.net/wp-content/uploads/2018/06/20170531124856-300x293.jpeg\" srcset=\"https://vietnambim.net/wp-content/uploads/2018/06/20170531124856-300x293.jpeg 300w, https://vietnambim.net/wp-content/uploads/2018/06/20170531124856-430x420.jpeg 430w, https://vietnambim.net/wp-content/uploads/2018/06/20170531124856.jpeg 450w\" alt=\"\" width=\"523\" height=\"511\" data-lazy-src=\"http://vietnambim.net/wp-content/uploads/2018/06/20170531124856-300x293.jpeg\" data-lazy-srcset=\"https://vietnambim.net/wp-content/uploads/2018/06/20170531124856-300x293.jpeg 300w, https://vietnambim.net/wp-content/uploads/2018/06/20170531124856-430x420.jpeg 430w, https://vietnambim.net/wp-content/uploads/2018/06/20170531124856.jpeg 450w\" data-lazy-sizes=\"(max-width: 523px) 100vw, 523px\" data-was-processed=\"true\" /></p>\r\n<p><strong><em>Parameter được định nghĩa trong Rhino hay Grasshopper</em></strong></p>\r\n<p>C&aacute;c thuộc t&iacute;nh h&igrave;nh học c&oacute; thể được định nghĩa cả trong Grasshopper lẫn Rhino. Một đường tr&ograve;n đ&ocirc;i l&uacute;c cần được định nghĩa trong Grasshopper v&igrave; khi định nghĩa n&oacute; ở Rhino v&agrave; Grasshopper c&oacute; sự kh&aacute;c biệt. Sự sai kh&aacute;c n&agrave;y phụ thuộc v&agrave;o tham số Parameter n&agrave;o cần định nghĩa. V&iacute; dụ, một điểm point c&oacute; thể được định nghĩa cả trong Rhino v&agrave; Grasshopper. Sự kh&aacute;c biệt n&agrave;y sẽ chỉ ra khả năng thay đổi h&igrave;nh học trong Rhino v&agrave; Grasshopper sau n&agrave;y. Mặc d&ugrave; điều n&agrave;y c&oacute; vẻ tầm thường, nhưng n&oacute; c&oacute; ảnh hưởng rất lớn đến qu&aacute; tr&igrave;nh thiết kế v&agrave; khả năng thay đổi h&igrave;nh dạng thiết kế của bạn một c&aacute;ch hiệu quả. Nếu nội dung của tham số Parameter được định nghĩa trong Grasshopper, c&aacute;c t&ugrave;y chỉnh h&igrave;nh học trong Rhino sẽ kh&ocirc;ng c&ograve;n. Ngược lại, nếu nội dung của tham số Parameter dựa tr&ecirc;n thuộc t&iacute;nh h&igrave;nh học trong Rhino, th&igrave; mọi thay đổi trong Rhino sẽ dẫn đến việc thay đổi to&agrave;n bộ thuộc t&iacute;nh h&igrave;nh học trong Grasshopper.</p>','Thẻ Meta Title [vi]','Cannonical Link [vi]','Grasshopper sử dựng một hệ thống các mô-đun vô cùng đa dạng mà có thể kết nối với nhau để tạo ra một “Lịch sử rõ ràng” cho mô hình. Có 3 loại mô-đun chính :\r\n\r\n         Các Parameter chứa dữ liệu (giá trị).\r\n         Các khối cấu trúc Component.\r\n         Các  tiện ích utility và công cụ đặc biệt khác, gọi là special.','Thẻ Meta Keyword [vi]',NULL);
/*!40000 ALTER TABLE `products_translations` ENABLE KEYS */;
UNLOCK TABLES;

--
-- Table structure for table `project_categories`
--

DROP TABLE IF EXISTS `project_categories`;
/*!40101 SET @saved_cs_client     = @@character_set_client */;
/*!40101 SET character_set_client = utf8 */;
CREATE TABLE `project_categories` (
  `id` int(10) unsigned NOT NULL AUTO_INCREMENT,
  `slug` varchar(500) COLLATE utf8mb4_unicode_ci DEFAULT NULL,
  `priority` int(11) NOT NULL DEFAULT 0,
  `status` tinyint(1) NOT NULL DEFAULT 1,
  `show` tinyint(4) NOT NULL DEFAULT 0,
  `created_by` int(10) unsigned NOT NULL,
  `updated_by` int(10) unsigned DEFAULT NULL,
  `created_at` timestamp NULL DEFAULT NULL,
  `updated_at` timestamp NULL DEFAULT NULL,
  `deleted_at` timestamp NULL DEFAULT NULL,
  `featured_image` varchar(500) COLLATE utf8mb4_unicode_ci DEFAULT NULL,
  PRIMARY KEY (`id`)
) ENGINE=InnoDB AUTO_INCREMENT=5 DEFAULT CHARSET=utf8mb4 COLLATE=utf8mb4_unicode_ci;
/*!40101 SET character_set_client = @saved_cs_client */;

--
-- Dumping data for table `project_categories`
--

LOCK TABLES `project_categories` WRITE;
/*!40000 ALTER TABLE `project_categories` DISABLE KEYS */;
INSERT INTO `project_categories` VALUES (1,'phoi-hop-bim-3d',0,1,1,2,2,'2021-08-15 09:47:35','2021-08-15 13:04:31',NULL,'1629057871-phoi-hop-bim-3d.png'),(2,'bim-4d',1,1,1,2,2,'2021-08-15 09:47:59','2021-08-15 13:03:56',NULL,'1629057836-bim-4d.jpg'),(3,'bim-5d',2,1,1,2,2,'2021-08-15 09:48:18','2021-08-15 13:03:12',NULL,'1629057792-bim-5d.crdownload'),(4,'cac-du-an-da-thuc-hien',4,1,1,2,2,'2021-08-15 09:49:03','2021-08-15 13:02:20',NULL,'1629057740-cac-du-an-da-thuc-hien.jpg');
/*!40000 ALTER TABLE `project_categories` ENABLE KEYS */;
UNLOCK TABLES;

--
-- Table structure for table `project_categories_translations`
--

DROP TABLE IF EXISTS `project_categories_translations`;
/*!40101 SET @saved_cs_client     = @@character_set_client */;
/*!40101 SET character_set_client = utf8 */;
CREATE TABLE `project_categories_translations` (
  `id` int(10) unsigned NOT NULL AUTO_INCREMENT,
  `project_category_id` int(10) unsigned NOT NULL,
  `locale` varchar(191) COLLATE utf8mb4_unicode_ci NOT NULL,
  `name` varchar(256) COLLATE utf8mb4_unicode_ci NOT NULL,
  `description` text COLLATE utf8mb4_unicode_ci DEFAULT NULL,
  `deleted_at` timestamp NULL DEFAULT NULL,
  PRIMARY KEY (`id`),
  UNIQUE KEY `projectc_trans_unique` (`project_category_id`,`locale`),
  KEY `project_categories_translations_locale_index` (`locale`),
  CONSTRAINT `project_categories_translations_project_category_id_foreign` FOREIGN KEY (`project_category_id`) REFERENCES `project_categories` (`id`) ON DELETE CASCADE
) ENGINE=InnoDB AUTO_INCREMENT=9 DEFAULT CHARSET=utf8mb4 COLLATE=utf8mb4_unicode_ci;
/*!40101 SET character_set_client = @saved_cs_client */;

--
-- Dumping data for table `project_categories_translations`
--

LOCK TABLES `project_categories_translations` WRITE;
/*!40000 ALTER TABLE `project_categories_translations` DISABLE KEYS */;
INSERT INTO `project_categories_translations` VALUES (1,1,'en','BIM 3D Coordination','3D BIM is perhaps the BIM we are most familiar with - the process of creating graphical and non-graphical information and sharing this information in a Common Data Environment (CDE).',NULL),(2,1,'vi','Phối hợp BIM 3D','3D BIM is perhaps the BIM we are most familiar with - the process of creating graphical and non-graphical information and sharing this information in a Common Data Environment (CDE).',NULL),(3,2,'en','BIM 4D','4D BIM adds an extra dimension of information to a project information model in the form of scheduling data. This data is added to components which will build in detail as the project progresses. This information can be used to obtain accurate programme information and visualisations showing how your project will develop sequentially.',NULL),(4,2,'vi','BIM 4D','4D BIM adds an extra dimension of information to a project information model in the form of scheduling data. This data is added to components which will build in detail as the project progresses. This information can be used to obtain accurate programme information and visualisations showing how your project will develop sequentially.',NULL),(5,3,'en','BIM 5D','Drawing on the components of the information model',NULL),(6,3,'vi','BIM 5D','Drawing on the components of the information model',NULL),(7,4,'en','Project was implemented','Tích hợp là cốt lõi của dự án – Nó linh hoạt, không gian mở cung cấp cho hơn 700 học sinh một môi trường giáo dục được thiết kế để khuyến khích sự hợp tác và học tập.',NULL),(8,4,'vi','Các dự án đã thực hiện','Tích hợp là cốt lõi của dự án – Nó linh hoạt, không gian mở cung cấp cho hơn 700 học sinh một môi trường giáo dục được thiết kế để khuyến khích sự hợp tác và học tập.',NULL);
/*!40000 ALTER TABLE `project_categories_translations` ENABLE KEYS */;
UNLOCK TABLES;

--
-- Table structure for table `project_map_categories`
--

DROP TABLE IF EXISTS `project_map_categories`;
/*!40101 SET @saved_cs_client     = @@character_set_client */;
/*!40101 SET character_set_client = utf8 */;
CREATE TABLE `project_map_categories` (
  `id` bigint(20) unsigned NOT NULL AUTO_INCREMENT,
  `project_id` int(10) unsigned NOT NULL,
  `category_id` int(10) unsigned NOT NULL,
  PRIMARY KEY (`id`),
  KEY `project_map_categories_project_id_index` (`project_id`),
  KEY `project_map_categories_category_id_index` (`category_id`)
) ENGINE=InnoDB AUTO_INCREMENT=18 DEFAULT CHARSET=utf8mb4 COLLATE=utf8mb4_unicode_ci;
/*!40101 SET character_set_client = @saved_cs_client */;

--
-- Dumping data for table `project_map_categories`
--

LOCK TABLES `project_map_categories` WRITE;
/*!40000 ALTER TABLE `project_map_categories` DISABLE KEYS */;
INSERT INTO `project_map_categories` VALUES (1,1,1),(2,2,1),(3,2,4),(4,3,1),(5,3,4),(6,4,1),(7,4,2),(8,4,4),(9,5,1),(10,5,2),(11,5,3),(12,5,4),(13,6,1),(14,6,3),(15,6,4),(16,7,1),(17,7,4);
/*!40000 ALTER TABLE `project_map_categories` ENABLE KEYS */;
UNLOCK TABLES;

--
-- Table structure for table `projects`
--

DROP TABLE IF EXISTS `projects`;
/*!40101 SET @saved_cs_client     = @@character_set_client */;
/*!40101 SET character_set_client = utf8 */;
CREATE TABLE `projects` (
  `id` int(10) unsigned NOT NULL AUTO_INCREMENT,
  `publish_datetime` datetime NOT NULL,
  `featured_image` varchar(191) COLLATE utf8mb4_unicode_ci NOT NULL,
  `slug` varchar(191) COLLATE utf8mb4_unicode_ci DEFAULT NULL,
  `type` enum('PROJECT','SERVICE') COLLATE utf8mb4_unicode_ci NOT NULL,
  `status` enum('Published','InActive') COLLATE utf8mb4_unicode_ci NOT NULL,
  `created_by` int(10) unsigned NOT NULL,
  `updated_by` int(10) unsigned DEFAULT NULL,
  `show` tinyint(1) NOT NULL DEFAULT 0,
  `priority` int(11) NOT NULL DEFAULT 0,
  `created_at` timestamp NULL DEFAULT NULL,
  `updated_at` timestamp NULL DEFAULT NULL,
  `deleted_at` timestamp NULL DEFAULT NULL,
  PRIMARY KEY (`id`)
) ENGINE=InnoDB AUTO_INCREMENT=8 DEFAULT CHARSET=utf8mb4 COLLATE=utf8mb4_unicode_ci;
/*!40101 SET character_set_client = @saved_cs_client */;

--
-- Dumping data for table `projects`
--

LOCK TABLES `projects` WRITE;
/*!40000 ALTER TABLE `projects` DISABLE KEYS */;
INSERT INTO `projects` VALUES (1,'2021-08-16 02:11:00','1629083150-bim-and-historical-works-dinh-tien-le.jpg','bim-va-cong-trinh-lich-su-dinh-tien-le','PROJECT','Published',2,2,1,0,'2021-08-15 20:05:50','2021-08-15 20:21:57',NULL),(2,'2021-08-16 03:22:00','1629084360-vinhomes-landmark-81-project-won-second-place-at-tekla-bim-awards-asia-2018.jpg','du-an-vinhomes-landmark-81-danh-hang-nhi-giai-thuong-tekla-bim-awards-chau-a-2018','PROJECT','Published',2,NULL,1,0,'2021-08-15 20:26:00','2021-08-15 20:26:00',NULL),(3,'2021-08-16 03:27:00','1629084588-bim-and-the-reconstruction-of-notre-dame-cathedral-in-paris.jpg','bim-va-qua-trinh-tai-thiet-nha-tho-duc-ba-paris','PROJECT','Published',2,NULL,0,0,'2021-08-15 20:29:49','2021-08-15 20:29:49',NULL),(4,'2021-08-16 03:34:00','1629085020-bim-consultant-for-tan-son-nhat-airport-high-rise-garage-project.jpg','tu-van-bim-du-an-nha-de-xe-cao-tang-san-bay-tan-son-nhat','PROJECT','Published',2,NULL,0,0,'2021-08-15 20:37:00','2021-08-15 20:37:00',NULL),(5,'2021-08-16 03:38:00','1629085228-project-trade-service-finance-and-banking-center-ciputra.jpg','du-an-trung-tam-thuong-mai-dich-vu-tai-chinh-ngan-hang-ciputra','PROJECT','Published',2,2,0,0,'2021-08-15 20:40:28','2021-08-15 20:44:46',NULL),(6,'2021-08-16 03:49:00','1629086005-thanks-to-bim-the-eiffel-tower-and-surrounding-area-is-introduced-in-3d-for-the-first-time.jpg','nho-bim-thap-eiffel-va-khu-vuc-xung-quanh-lan-dau-tien-duoc-gioi-thieu-o-che-do-3d','PROJECT','Published',2,NULL,0,0,'2021-08-15 20:53:25','2021-08-15 20:53:25',NULL),(7,'2021-08-16 03:53:00','1629086182-bach-mai-golf-course.jpg','san-goft-bach-mai','PROJECT','Published',2,NULL,0,0,'2021-08-15 20:56:22','2021-08-15 20:56:22',NULL);
/*!40000 ALTER TABLE `projects` ENABLE KEYS */;
UNLOCK TABLES;

--
-- Table structure for table `projects_translations`
--

DROP TABLE IF EXISTS `projects_translations`;
/*!40101 SET @saved_cs_client     = @@character_set_client */;
/*!40101 SET character_set_client = utf8 */;
CREATE TABLE `projects_translations` (
  `id` int(10) unsigned NOT NULL AUTO_INCREMENT,
  `project_id` int(10) unsigned NOT NULL,
  `locale` varchar(191) COLLATE utf8mb4_unicode_ci NOT NULL,
  `name` varchar(191) COLLATE utf8mb4_unicode_ci DEFAULT NULL,
  `description` varchar(512) COLLATE utf8mb4_unicode_ci NOT NULL,
  `content` text COLLATE utf8mb4_unicode_ci DEFAULT NULL,
  `meta_title` varchar(191) COLLATE utf8mb4_unicode_ci DEFAULT NULL,
  `cannonical_link` varchar(191) COLLATE utf8mb4_unicode_ci DEFAULT NULL,
  `meta_description` text COLLATE utf8mb4_unicode_ci DEFAULT NULL,
  `meta_keywords` text COLLATE utf8mb4_unicode_ci DEFAULT NULL,
  `deleted_at` timestamp NULL DEFAULT NULL,
  PRIMARY KEY (`id`),
  UNIQUE KEY `projects_translations_project_id_locale_unique` (`project_id`,`locale`),
  KEY `projects_translations_locale_index` (`locale`),
  CONSTRAINT `projects_translations_project_id_foreign` FOREIGN KEY (`project_id`) REFERENCES `projects` (`id`) ON DELETE CASCADE
) ENGINE=InnoDB AUTO_INCREMENT=15 DEFAULT CHARSET=utf8mb4 COLLATE=utf8mb4_unicode_ci;
/*!40101 SET character_set_client = @saved_cs_client */;

--
-- Dumping data for table `projects_translations`
--

LOCK TABLES `projects_translations` WRITE;
/*!40000 ALTER TABLE `projects_translations` DISABLE KEYS */;
INSERT INTO `projects_translations` VALUES (1,1,'en','BIM and historical works: Dinh Tien Le','Tien Le Communal House has become the first major relic to be kept and displayed in its original state by digitization and 3D interactive technology.','<figure class=\"wp-block-embed-youtube wp-block-embed\">\r\n<div class=\"wp-block-embed__wrapper\"><iframe class=\"lazyloaded\" title=\"Interactive 3D digitization of large monument | 3D Scanning Cultural Heritage\" src=\"https://www.youtube.com/embed/6US3N1FQ5nY?feature=oembed\" width=\"100%\" height=\"375\" frameborder=\"0\" allowfullscreen=\"\" data-was-processed=\"true\"></iframe></div>\r\n</figure>\r\n<p>Experience virtual reality here.</p>\r\n<p>Tien Le Communal House has become the first major relic to be kept and displayed in its original state by 3D interactive and digitized technology. 3D digitized monuments benefit in many ways:<br />&ndash; The Vietnamese communal house from now on will last forever in VR3D space<br />&ndash; Managers and repairers will always have an accurate reference with full color, size, and cross section even after the actual monument has been demolished. The deviations and distortions when repairing and restoring will be easily detected and adjusted&hellip;<br />&ndash; The researcher delights in dissecting, measuring and drawing components, viewing stamps of the whole relic. Heritage lovers can visit from anywhere.<br />&ndash; High-quality 3D copies like this communal house are also a prevention (insurance) for precious heritages against the turbulent life, a technical barrier to prevent negligent restoration&hellip;<br />&ndash; The benefits of the 3D digitized communal house also spread to many other fields such as fine arts, archeology, and education.<br />The technical quality that VR3D performs in this monument is completely unprecedented:<br />&ndash; Only 3D scanning, no large architectural works in the world have been made with high resolution that covers almost every nook and cranny from the inside out, recording every grain of wood, and between bricks as in (Due to the large amount of data when scanning high-resolution 3D, it is somewhat beyond the processing capacity of current equipment, so large projects in the world can only scan 3D in a one-sided, local and only way. low resolution)<br />&ndash; As for the communication between the viewer and the virtual monument, VR3D has just created and applied for the first time here a 3D interactive scenario specializing in sightseeing and research on large projects (following tours): convenient and There is also no precedent in the same field&hellip;</p>\r\n<p>To find a solution to collect enough and well process the huge amount of data of this monument - several hundred times more than the data of a statue<br />&ndash; VR3D took more than 2 years of continuous testing, more than 4 months of hard work, many times it seemed like giving up. A lot of time, expense and sweat in the field has helped VR3D realize the dream: \"Comprehensive 3D digitization, preserving the status quo, creating technical insurance for large monuments\". The virtual pavilion is the technical pride of VR3D, in the next few years it will be difficult for any major project to achieve the quality of 3D digitization and intensive interaction that is as convenient as this house. In the near future, we will also update the viewing feature with VR glasses so that you have the feeling of really walking in the monument (will support all glasses, view right on the web, no installation) Introductory version This online version of Tien Le communal house has a resolution that has been reduced to match the speed of Vietnam\'s network connection and the device configuration of the majority of viewers (you should see the small details in \"stamping\" mode. ). The virtual communal house also has many practical functions like the real ones in the past. In the past&hellip; communal houses were always the most important and versatile community architecture of the Vietnamese people: From large public works such as setting village rules, composing incense conventions to adjudicating small disputes, they all brought them to the communal house. In the leisure time on the communal house yard, the villagers are happy around the mats of rowing and wrestling. When the danger is urgent (water rises, fire is on fire, the enemy is fighting, etc.) Communal house is also a place to welcome guests of the village, a place to gather to eat and to eat, etc. The spiritual activities in the communal house are also very practical: Worshiping the village\'s Thanh Hoang - usually a local hero - has the village public, vocational training or good practice. protect the people. A communal house that covers most of the key functions: Legislative, executive, cultural, sports... even drinking water, remembering the source so, other public works in the village (temple, restaurant, etc.) , temples, shrines&hellip;) &nbsp;hard to compare in terms of use. The communal house is the soul, the \"small court\" in the Vietnamese village. VR3D also chose this meaningful work to apply its most quintessential techniques. Located close to the inner city, but Tien Le communal house is as old as in a fairy tale: More than 70 years have not been restored, the scars of time still intact, modern life seems far away. Coming here, down the small slope from the Bilateral dike, putting your heels on the rough ancient brick courtyard, you will see time as stepping back with each step. Looking up, overwhelmed is an old communal house sinewy, old to the wild - beautiful faltering with mossy walls, broken tiles, sloppy wooden bars. Overall harmony, familiarity - The mood is ethereal, many parts are free from worldliness - with a herd of spiritual beasts lurking on the roof of the sword, the river flows. Going down the path of Shintoism, stepping over the dragon\'s stairs, seeing a series of cracked porch columns standing on both sides, leaning forward to protect a murky, golden interior&hellip; At this time, we seem to have entered another era, the era. of grandparents and great-grandparents in the past&hellip; &nbsp;Come on, come back here and feel it in your own way. The communal house is about to be restored, this misty beauty probably won\'t last long. Come here to touch every grain of wood, admire the beauty of the young man, take a selfie with the old house, understand more about Vietnamese customs&hellip; Tired of sitting on the porch, thirsty, there is rain water in the tank. While catching the cool wind from both sides, the old family looked at the Day River: dreaming of the time when the banyan tree next to it had not been cut down, the water wharf to the west.</p>','BIM and historical works: Dinh Tien Le','bim-va-cong-trinh-lich-su-dinh-tien-le','Tien Le Communal House has become the first major relic to be kept and displayed in its original state by digitization and 3D interactive technology.','BIM, Advance BIM',NULL),(2,1,'vi','BIM và công trình lịch sử: Đình Tiền Lệ','Đình Tiền Lệ đã trở thành di tích lớn đầu tiên được lưu giữ, trưng bày nguyên trạng bằng công nghệ số hóa và tương tác 3D','<div class=\"td-post-header\"><header class=\"td-post-title\">\r\n<div class=\"td-module-meta-info\">\r\n<div class=\"td-post-author-name\">&nbsp;</div>\r\n</div>\r\n</header></div>\r\n<div class=\"td-post-content\">\r\n<figure class=\"wp-block-embed-youtube wp-block-embed\">\r\n<div class=\"wp-block-embed__wrapper\"><iframe class=\"lazyloaded\" title=\"Interactive 3D digitization of large monument | 3D Scanning Cultural Heritage\" src=\"https://www.youtube.com/embed/6US3N1FQ5nY?feature=oembed\" width=\"100%\" height=\"375\" frameborder=\"0\" allowfullscreen=\"\" data-was-processed=\"true\"></iframe></div>\r\n</figure>\r\n<p>Trải nghiệm thực tế ảo tại&nbsp;<a href=\"https://vr3d.vn/trienlam/so-hoa-3d-di-tich-dinh-tien-le\">đ&acirc;y</a>.</p>\r\n<p>Đ&igrave;nh Tiền Lệ đ&atilde; trở th&agrave;nh di t&iacute;ch lớn đầu ti&ecirc;n được lưu giữ, trưng b&agrave;y nguy&ecirc;n trạng bằng c&ocirc;ng nghệ số h&oacute;a v&agrave; tương t&aacute;c 3D.&nbsp;Di t&iacute;ch được số h&oacute;a 3D đem lại lợi &iacute;ch ở rất nhiều mặt:&nbsp;<br />&ndash; T&ograve;a đ&igrave;nh Việt từ nay sẽ trường tồn trong kh&ocirc;ng gian VR3D&nbsp;<br />&ndash; Người quản l&yacute;, tu bổ sẽ lu&ocirc;n c&oacute; một tham chiếu ch&iacute;nh x&aacute;c với đầy đủ m&agrave;u sắc, k&iacute;ch thước, mặt cắt ngay cả khi di t&iacute;ch thực đ&atilde; hạ giải. Những sai lệch, biến dạng khi sửa chữa, tr&ugrave;ng tu sẽ dễ d&agrave;ng được ph&aacute;t hiện v&agrave; điều chỉnh&hellip;&nbsp;<br />&ndash; Người nghi&ecirc;n cứu thỏa th&iacute;ch b&oacute;c t&aacute;ch, đo vẽ cấu kiện, xem bản dập của cả khu di t&iacute;ch .&nbsp;&ndash; Người y&ecirc;u di sản c&oacute; thể tham quan từ bất cứ đ&acirc;u.&nbsp;<br />&ndash; Những bản sao 3D chất lượng cao như t&ograve;a đ&igrave;nh n&agrave;y c&ograve;n l&agrave; sự ph&ograve;ng ngừa (bảo hiểm) cho c&aacute;c di sản qu&iacute; trước cuộc sống biến động, l&agrave; h&agrave;ng r&agrave;o kỹ thuật ngăn tr&ugrave;ng tu ẩu&hellip;&nbsp;&nbsp;<br />&ndash; Lợi &iacute;ch của t&ograve;a đ&igrave;nh được số h&oacute;a 3D c&ograve;n lan cả sang nhiều lĩnh vực kh&aacute;c như: mỹ thuật, khảo cổ, gi&aacute;o dục.<br />Chất lượng kỹ thuật m&agrave; VR3D thực hiện ở di t&iacute;ch n&agrave;y ho&agrave;n to&agrave;n chưa từng c&oacute; tiền lệ:&nbsp;<br />&ndash; Chỉ ri&ecirc;ng kh&acirc;u qu&eacute;t 3D th&ocirc;i, đ&atilde; chưa c&oacute; c&ocirc;ng tr&igrave;nh kiến tr&uacute;c lớn n&agrave;o tr&ecirc;n thế giới được l&agrave;m với độ ph&acirc;n giải cao m&agrave; bao phủ hầu hết mọi ng&oacute;c ngh&aacute;ch từ trong ra ngo&agrave;i, ghi nhận từng thớ gỗ, kẽ gạch như ở đ&acirc;y (Do lượng dữ liệu khi qu&eacute;t 3D ph&acirc;n giải cao qu&aacute; lớn, phần n&agrave;o vượt qu&aacute; khả năng xử l&yacute; của thiết bị hiện tại n&ecirc;n c&aacute;c c&ocirc;ng tr&igrave;nh lớn tr&ecirc;n thế giới chỉ được Scan 3D một c&aacute;ch phiến diện, cục bộ v&agrave; chỉ ở ph&acirc;n giải thấp)&nbsp;<br />&ndash; C&ograve;n về mặt giao tiếp giữa người xem v&agrave; di t&iacute;ch ảo, VR3D vừa tạo ra v&agrave; &aacute;p dụng lần đầu ở đ&acirc;y một kịch bản tương t&aacute;c 3D chuy&ecirc;n cho tham quan, nghi&ecirc;n cứu c&ocirc;ng tr&igrave;nh lớn (đi theo tour): tiện lợi v&agrave; cũng chưa c&oacute; tiền lệ trong c&ugrave;ng lĩnh vực&hellip;</p>\r\n<p>Để t&igrave;m ra giải ph&aacute;p thu thập đủ v&agrave; xử l&yacute; tốt được lượng dữ liệu cực lớn của di t&iacute;ch n&agrave;y &ndash; nhiều gấp v&agrave;i trăm lần dữ liệu của 1 bức tượng<br />&ndash; VR3D mất hơn 2 năm li&ecirc;n tục thử nghiệm, hơn 4 th&aacute;ng dốc sức thi c&ocirc;ng, nhiều lần tưởng như bỏ cuộc. Rất nhiều thời gian, chi ph&iacute; v&agrave; cả mồ h&ocirc;i tr&ecirc;n thực địa đ&atilde; gi&uacute;p VR3D hiện thực h&oacute;a ước mơ: &rdquo; Số h&oacute;a 3D to&agrave;n diện, lưu giữ hiện trạng, tạo ra bảo hiểm về kỹ thuật cho c&aacute;c di t&iacute;ch lớn&rdquo;. T&ograve;a đ&igrave;nh ảo l&agrave; niềm tự h&agrave;o kỹ thuật của VR3D, trong v&agrave;i năm tới chắc kh&oacute; c&oacute; c&ocirc;ng tr&igrave;nh lớn n&agrave;o đạt chất lượng số h&oacute;a v&agrave; tương t&aacute;c 3D chuy&ecirc;n s&acirc;u m&agrave; tiện lợi như ng&ocirc;i đ&igrave;nh n&agrave;y.&nbsp;&nbsp;Sắp tới, ch&uacute;ng t&ocirc;i sẽ cập nhật th&ecirc;m cả t&iacute;nh năng xem bằng k&iacute;nh VR để c&aacute;c bạn c&oacute; cảm gi&aacute;c được thực sự đi trong di t&iacute;ch (sẽ hỗ trợ mọi loại k&iacute;nh, xem ngay tr&ecirc;n web, kh&ocirc;ng c&agrave;i đặt)&nbsp;Phi&ecirc;n bản giới thiệu online n&agrave;y của đ&igrave;nh Tiền Lệ c&oacute; độ ph&acirc;n giải đ&atilde; được giảm để ph&ugrave; hợp với tốc độ đường truyền mạng Việt nam v&agrave; cấu h&igrave;nh thiết bị của đa số người xem (c&aacute;c bạn n&ecirc;n xem c&aacute;c chi tiết nhỏ ở chế độ &ldquo;bản dập&rdquo;).&nbsp;T&ograve;a đ&igrave;nh ảo cũng đa dụng nhiều c&ocirc;ng năng thiết thực như những ng&ocirc;i đ&igrave;nh thật ng&agrave;y xưa vậy. Ng&agrave;y xưa&hellip; những ng&ocirc;i đ&igrave;nh lu&ocirc;n l&agrave; kiến tr&uacute;c cộng đồng đa dụng v&agrave; quan trọng nhất của người Việt: Từ c&ocirc;ng to như đặt lệ l&agrave;ng, soạn hương ước đến việc ph&acirc;n xử tranh chấp nhỏ c&aacute;c cụ đều mang ra đ&igrave;nh. L&uacute;c n&ocirc;ng nh&agrave;n tr&ecirc;n s&acirc;n đ&igrave;nh d&acirc;n l&agrave;ng vui quanh chiếu ch&egrave;o, sới vật. Khi cấp b&aacute;ch nguy nan ( nước l&ecirc;n, lửa ch&aacute;y, giặc gi&atilde;&hellip; ) tiếng trống ở đ&igrave;nh lại dồn dập gọi tr&aacute;ng đinh. Đ&igrave;nh cũng l&agrave; nơi đ&oacute;n kh&aacute;ch của l&agrave;ng, nơi tụ tập ăn khao, ăn kho&aacute;n&hellip; Đến hoạt động t&acirc;m linh ở đ&igrave;nh cũng rất thiết thực: Thờ Th&agrave;nh ho&agrave;ng l&agrave;ng &ndash; thường l&agrave; h&agrave;o kiệt bản địa &ndash; c&oacute; c&ocirc;ng lập l&agrave;ng, dạy nghề hay bảo vệ nh&acirc;n d&acirc;n.&nbsp;Một ng&ocirc;i đ&igrave;nh m&agrave; bao qu&aacute;t hầu hết c&aacute;c chức năng then chốt: Lập ph&aacute;p, h&agrave;nh ph&aacute;p, văn h&oacute;a, thể thao&hellip; cho đến cả hoạt động uống nước nhớ nguồn như vậy th&igrave; c&aacute;c c&ocirc;ng tr&igrave;nh c&ocirc;ng cộng kh&aacute;c trong l&agrave;ng ( ch&ugrave;a, qu&aacute;n, đền, miếu&hellip; ) &nbsp;kh&oacute; c&oacute; thể so s&aacute;nh nổi về c&ocirc;ng dụng. Đ&igrave;nh đ&uacute;ng l&agrave; linh hồn, l&agrave; &ldquo;tiểu triều đ&igrave;nh&rdquo; trong ng&ocirc;i l&agrave;ng Việt. VR3D cũng chọn c&ocirc;ng tr&igrave;nh &yacute; nghĩa n&agrave;y để &aacute;p dụng những kỹ thuật tinh hoa nhất của m&igrave;nh.Nằm s&aacute;t nội đ&ocirc;, nhưng đ&igrave;nh Tiền Lệ xưa cũ như ở trong cổ t&iacute;ch: Hơn 70 năm chưa tr&ugrave;ng tu, những sứt sẹo của thời gian vẫn c&ograve;n nguy&ecirc;n vẹn, cuộc sống hiện đại tưởng như ở rất xa. Về đ&acirc;y, xu&ocirc;i theo con dốc nhỏ từ đ&ecirc; Song phương đổ xuống, đặt g&oacute;t l&ecirc;n s&acirc;n đ&igrave;nh gạch cổ x&ugrave; x&igrave; ta sẽ thấy thời gian như l&ugrave;i lại theo từng bước ch&acirc;n. Ngước l&ecirc;n, ngợp mắt l&agrave; một t&ograve;a đại đ&igrave;nh gi&agrave; nua g&acirc;n guốc, cũ kỹ đến hoang sơ &ndash; đẹp ch&ugrave;n ch&acirc;n với tường r&ecirc;u, ng&oacute;i sạt, song gỗ xi&ecirc;u xi&ecirc;u. Tổng thể h&agrave;i h&ograve;a, th&acirc;n thuộc &ndash; Kh&iacute; sắc thanh tao, nhiều phần tho&aacute;t tục &ndash; với 1 đ&agrave;n linh th&uacute; rập r&igrave;nh tr&ecirc;n m&aacute;i đao, bờ chảy. Xu&ocirc;i tiếp theo thần đạo, bước vượt thềm rồng, thấy d&atilde;y cột hi&ecirc;n nứt nẻ đứng hai b&ecirc;n, nghi&ecirc;ng m&igrave;nh che chống cho một nội thất &acirc;m u, v&agrave;ng son thấp tho&aacute;ng&hellip; L&uacute;c n&agrave;y ta như đ&atilde; bước v&agrave;o một thời đại kh&aacute;c, thời của &ocirc;ng b&agrave;, cụ kỵ ng&agrave;y xưa&hellip;&nbsp;Th&ocirc;i c&aacute;c bạn h&atilde;y tự về đ&acirc;y, tự cảm nhận tiếp theo c&aacute;ch của ri&ecirc;ng m&igrave;nh. Đ&igrave;nh sắp tr&ugrave;ng tu rồi, vẻ đẹp phong sương n&agrave;y chắc kh&ocirc;ng c&ograve;n l&acirc;u nữa. H&atilde;y về đ&acirc;y sờ từng thớ gỗ, chi&ecirc;m ngưỡng vẻ li&ecirc;u trai, selfie với ng&ocirc;i đ&igrave;nh gi&agrave;, hiểu th&ecirc;m Việt tục&hellip; Mỏi th&igrave; ngồi bệt b&ecirc;n thềm, kh&aacute;t đ&atilde; c&oacute; nước mưa trong bể. Vừa hứng gi&oacute; m&aacute;t Song phương &ugrave;a xuống, vừa c&ugrave;ng l&atilde;o đ&igrave;nh nh&igrave;n ra s&ocirc;ng Đ&aacute;y: mơ về thuở c&acirc;y đa b&ecirc;n cạnh chưa bị chặt , bến nước ph&iacute;a trước vẫn đ&ocirc;ng vui&hellip;</p>\r\n<div class=\"td-g-rec td-g-rec-id-content_inline td_uid_11_6119d4f8e44f5_rand td_block_template_9 \">&nbsp;</div>\r\n<p>M&aacute;ch nhỏ với c&aacute;c bạn: Ngo&agrave;i đ&igrave;nh tr&ocirc;ng huyền b&iacute; nhất từ l&uacute;c xẩm chiều, trong đ&igrave;nh th&igrave; dễ xem hơn từ l&uacute;c giữa trưa.&nbsp;Lần đầu bao qu&aacute;t cả di t&iacute;ch lớn, đ&atilde; d&ugrave;ng hết t&acirc;m sức nhưng sai lỗi vẫn c&ograve;n, hẹn c&aacute;c bạn ở những sản phẩm sau đẹp hơn, nhanh hơn, nhiều t&iacute;nh năng hơn.</p>\r\n<p><strong><em>B&agrave;i viết gốc của VR3D, bi&ecirc;n tập lại bởi VBN</em></strong></p>\r\n</div>\r\n<div id=\"gtx-trans\" style=\"position: absolute; left: 305px; top: 429.09px;\">\r\n<div class=\"gtx-trans-icon\">&nbsp;</div>\r\n</div>','BIM và công trình lịch sử: Đình Tiền Lệ','bim-va-cong-trinh-lich-su-dinh-tien-le','Đình Tiền Lệ đã trở thành di tích lớn đầu tiên được lưu giữ, trưng bày nguyên trạng bằng công nghệ số hóa và tương tác 3D','BIM, Bim nâng cao',NULL),(3,2,'en','Vinhomes Landmark 81 project won second place at Tekla BIM Awards Asia 2018','Vinhomes Landmark 81 helped Coteccons win second place at Tekla BIM Awards Asia 2018 organized by Trimble.','<p>Experience virtual reality here.</p>\r\n<p>Tien Le Communal House has become the first major relic to be kept and displayed in its original state by 3D interactive and digitized technology. 3D digitized monuments benefit in many ways:<br />&ndash; The Vietnamese communal house from now on will last forever in VR3D space<br />&ndash; Managers and repairers will always have an accurate reference with full color, size, and cross section even after the actual monument has been demolished. The deviations and distortions when repairing and restoring will be easily detected and adjusted&hellip;<br />&ndash; The researcher delights in dissecting, measuring and drawing components, viewing stamps of the whole relic. Heritage lovers can visit from anywhere.<br />&ndash; High-quality 3D copies like this communal house are also a prevention (insurance) for precious heritages against the turbulent life, a technical barrier to prevent negligent restoration&hellip;<br />&ndash; The benefits of the 3D digitized communal house also spread to many other fields such as fine arts, archeology, and education.<br />The technical quality that VR3D performs in this monument is completely unprecedented:<br />&ndash; Only 3D scanning, no large architectural works in the world have been made with high resolution that covers almost every nook and cranny from the inside out, recording every grain of wood, and between bricks as in (Due to the large amount of data when scanning high-resolution 3D, it is somewhat beyond the processing capacity of current equipment, so large projects in the world can only scan 3D in a one-sided, local and only way. low resolution)<br />&ndash; As for the communication between the viewer and the virtual monument, VR3D has just created and applied for the first time here a 3D interactive scenario specializing in sightseeing and research on large projects (following tours): convenient and There is also no precedent in the same field&hellip;</p>\r\n<p>To find a solution to collect enough and well process the huge amount of data of this monument - several hundred times more than the data of a statue<br />&ndash; VR3D took more than 2 years of continuous testing, more than 4 months of hard work, many times it seemed like giving up. A lot of time, expense and sweat in the field has helped VR3D realize the dream: \"Comprehensive 3D digitization, preserving the status quo, creating technical insurance for large monuments\". The virtual pavilion is the technical pride of VR3D, in the next few years it will be difficult for any major project to achieve the quality of 3D digitization and intensive interaction that is as convenient as this house. In the near future, we will also update the viewing feature with VR glasses so that you have the feeling of really walking in the monument (will support all glasses, view right on the web, no installation) Introductory version This online version of Tien Le communal house has a resolution that has been reduced to match the speed of Vietnam\'s network connection and the device configuration of the majority of viewers (you should see the small details in \"stamping\" mode. ). The virtual communal house also has many practical functions like the real ones in the past. In the past&hellip; communal houses were always the most important and versatile community architecture of the Vietnamese people: From large public works such as setting village rules, composing incense conventions to adjudicating small disputes, they all brought them to the communal house. In the leisure time on the communal house yard, the villagers are happy around the mats of rowing and wrestling. When the danger is urgent (water rises, fire is on fire, the enemy is fighting, etc.) Communal house is also a place to welcome guests of the village, a place to gather to eat and to eat, etc. The spiritual activities in the communal house are also very practical: Worshiping the village\'s Thanh Hoang - usually a local hero - has the village public, vocational training or good practice. protect the people. A communal house that covers most of the key functions: Legislative, executive, cultural, sports... even drinking water, remembering the source so, other public works in the village (temple, restaurant, etc.) , temples, shrines&hellip;) &nbsp;hard to compare in terms of use. The communal house is the soul, the \"small court\" in the Vietnamese village. VR3D also chose this meaningful work to apply its most quintessential techniques. Located close to the inner city, but Tien Le communal house is as old as in a fairy tale: More than 70 years have not been restored, the scars of time still intact, modern life seems far away. Coming here, down the small slope from the Bilateral dike, putting your heels on the rough ancient brick courtyard, you will see time as stepping back with each step. Looking up, overwhelmed is an old communal house sinewy, old to the wild - beautiful faltering with mossy walls, broken tiles, sloppy wooden bars. Overall harmony, familiarity - The mood is ethereal, many parts are free from worldliness - with a herd of spiritual beasts lurking on the roof of the sword, the river flows. Going down the path of Shintoism, stepping over the dragon\'s stairs, seeing a series of cracked porch columns standing on both sides, leaning forward to protect a murky, golden interior&hellip; At this time, we seem to have entered another era, the era. of grandparents and great-grandparents in the past&hellip; &nbsp;Come on, come back here and feel it in your own way. The communal house is about to be restored, this misty beauty probably won\'t last long. Come here to touch every grain of wood, admire the beauty of the young man, take a selfie with the old house, understand more about Vietnamese customs&hellip; Tired of sitting on the porch, thirsty, there is rain water in the tank. While catching the cool wind from both sides, the old family looked at the Day River: dreaming of the time when the banyan tree next to it had not been cut down, the water wharf to the west.</p>','Vinhomes Landmark 81 project won second place at Tekla BIM Awards Asia 2018','du-an-vinhomes-landmark-81-danh-hang-nhi-giai-thuong-tekla-bim-awards-chau-a-2018','Vinhomes Landmark 81 helped Coteccons win second place at Tekla BIM Awards Asia 2018 organized by Trimble.','BIM, Advance BIM',NULL),(4,2,'vi','Dự án Vinhomes Landmark 81 dành hạng nhì Giải thưởng Tekla BIM Awards châu Á 2018','Vinhomes Landmark 81 giúp Coteccons giành hạng nhì Giải thưởng Tekla BIM Awards châu Á 2018 do Hãng Trimble tổ chức.','<p>Với chiều cao tr&ecirc;n 460m, VinHomes Landmark 81 của C&ocirc;ng ty CP X&acirc;y dựng Coteccons sẽ l&agrave; t&ograve;a nh&agrave; cao nhất Việt Nam v&agrave; nằm trong top 15 t&ograve;a nh&agrave; cao nhất thế giới t&iacute;nh đến thời điểm hiện tại. T&ograve;a th&aacute;p cao 81 tầng n&agrave;y nằm ở một trong những địa điểm quan trọng nhất tại th&agrave;nh phố Hồ Ch&iacute; Minh. Lấy cảm hứng từ bụi tre &ndash; h&igrave;nh ảnh vươn m&igrave;nh mạnh mẽ thể hiện sức mạnh đo&agrave;n kết, l&ograve;ng tự t&ocirc;n d&acirc;n tộc v&agrave; sức mạnh kinh tế, ch&iacute;nh trị trong thời đại hội nhập. Landmark 81 được xem l&agrave; si&ecirc;u dự &aacute;n do ch&iacute;nh tay người Việt Nam l&agrave;m n&ecirc;n. Dự &aacute;n phức hợp n&agrave;y bao gồm một kh&aacute;ch sạn năm sao, c&aacute;c căn hộ cao cấp, trung t&acirc;m thương mại v&agrave; nhiều tiện &iacute;ch kh&aacute;c.</p>\r\n<p>Vinhomes Landmark 81 gi&uacute;p Coteccons gi&agrave;nh hạng nh&igrave;&nbsp;<a href=\"http://hsdvn.com.vn/diem-danh-cac-du-an-chien-thang-trong-cuoc-thi-tekla-asia-bim-awards-2018-nid7984.html\">Giải thưởng Tekla BIM Awards ch&acirc;u &Aacute; 2018</a>&nbsp;do H&atilde;ng Trimble tổ chức. Dự &aacute;n n&agrave;y sẽ tiếp tục tham gia v&agrave;o Giải thưởng Tekla BIM Awards Global để&nbsp;nhận được sự c&ocirc;ng nhận của to&agrave;n ng&agrave;nh c&ocirc;ng nghiệp v&agrave; c&aacute;c giải thưởng hấp dẫn cho những nỗ lực của c&aacute;c kỹ sư Coteccons.</p>\r\n<p><a href=\"https://www.tekla.com/bim-awards/vinhomes-landmark-81-vietnam\">B&Igrave;NH CHỌN CHO DỰ &Aacute;N VINHOMES LANDMARK 81 TẠI CUỘC THI TEKLA GLOBAL BIM AWARDS 2018</a></p>\r\n<div class=\"td-g-rec td-g-rec-id-content_inline td_uid_11_6119da05f404a_rand td_block_template_9 \">&nbsp;</div>\r\n<p>1. Th&ocirc;ng số dự &aacute;n Landmark 81</p>\r\n<p>Types of Development:</p>\r\n<p>&ndash; Tầng B1, Tầng 1,2,3 :Trung t&acirc;m thương mại, Rạp chiếu phim, S&acirc;n trượt băng trong nh&agrave;.</p>\r\n<p>&ndash; Tầng 4&nbsp; &nbsp; &nbsp; &nbsp; &nbsp; &nbsp; &nbsp; &nbsp; &nbsp; &nbsp; &nbsp; &nbsp;:Khu nh&agrave; c&acirc;u lạc bộ d&agrave;nh cho cư d&acirc;n bao gồm Hồ bơi, Ph&ograve;ng tập thể dục, Spa.</p>\r\n<p>&ndash; Tầng 5&nbsp; &nbsp; &nbsp; &nbsp; &nbsp; &nbsp; &nbsp; &nbsp; &nbsp; &nbsp; &nbsp; &nbsp;:Ph&ograve;ng chờ 5 sao v&agrave; trung t&acirc;m cộng đồng d&agrave;nh cho cư d&acirc;n.</p>\r\n<p>&ndash; Tầng 6 đến tầng 40&nbsp; &nbsp;:Căn hộ cao cấp với căn hộ 1-4 ph&ograve;ng ngủ.</p>\r\n<p>&ndash; Tầng 42 đến tầng 76 :Kh&aacute;ch sạn 5 sao Vinpearl (từ tầng 42 đến tầng 76).</p>\r\n<p>&ndash; Tầng 79 đến 81&nbsp; &nbsp; &nbsp; &nbsp; &nbsp;:Đ&agrave;i quan s&aacute;t Skydeck (Tầng 79 đến 81).</p>\r\n<figure class=\"wp-block-image\"><img class=\"lazyloading\" src=\"http://quantri.hsdvn.com.vn/Images/Product/ProductArchive/464/82018/Landmark%2081.jpg\" alt=\"\" data-lazy-src=\"http://quantri.hsdvn.com.vn/Images/Product/ProductArchive/464/82018/Landmark%2081.jpg\" data-was-processed=\"true\" /></figure>\r\n<p>Vinhomes Landmark 81 nằm ở T&acirc;n Cảng, trung t&acirc;m của th&agrave;nh phố Hồ Ch&iacute; Minh, l&agrave; biểu tượng mới của S&agrave;i G&ograve;n về sự thịnh vượng, nơi mọi người c&oacute; thể ngắm nh&igrave;n to&agrave;n cảnh th&agrave;nh phố.</p>\r\n<p>2. Ứng dụng M&ocirc; h&igrave;nh th&ocirc;ng tin c&ocirc;ng tr&igrave;nh (BIM) v&agrave; phần mềm triển khai Tekla Structures &ndash; Sự lựa chọn đ&uacute;ng đắn</p>\r\n<p>Ph&ograve;ng BIM của Coteccons đ&atilde; tiếp cận BIM v&agrave; sử dụng phần mềm Tekla Structures cho triển khai chi tiết từ những giai đoạn đầu thực hiện Design &amp; Build tại Việt Nam. Tuy nhi&ecirc;n họ cũng kh&ocirc;ng tr&aacute;nh khỏi những kh&oacute; khăn khi ứng dụng c&ocirc;ng nghệ mới Tekla BIM v&agrave;o một dự &aacute;n mang tầm cỡ quốc tế như Landmark 81.</p>\r\n<p>2.1 Th&aacute;ch thức ban đầu của dự &aacute;n</p>\r\n<p><em>Th&aacute;ch thức đầu ti&ecirc;n</em>&nbsp;phải kể đến, đ&acirc;y l&agrave; dự &aacute;n c&oacute; khối lượng b&ecirc; t&ocirc;ng lớn nhất m&agrave; Coteccons nhận thầu.</p>\r\n<p>Theo một số chuy&ecirc;n gia thế giới, phần m&oacute;ng của Landmark 81 l&agrave; một kết cấu đ&agrave;i m&oacute;ng lớn nhất thế giới cho nh&agrave; cao tầng hiện nay, với khối lượng b&ecirc; t&ocirc;ng khổng lồ l&ecirc;n đến hơn 16.000 m3; cao 8.8m-18.0m bắt đầu từ tầng 1 phần hầm, Khối lượng cốt th&eacute;p bao gồm cả lưới tr&ecirc;n v&agrave; lưới dưới, hệ thống giằng ( Bracing) H400. Người quản l&yacute; dự &aacute;n cần phải thấy trước c&aacute;c xung đột về cốt th&eacute;p với c&aacute;c lớp bảo vệ / hệ chống đỡ (kingpost) v&agrave; độ dốc của m&oacute;ng để c&oacute; thể kịp thời phản hồi chủ đầu tư / đơn vị thiết kế về việc thay đổi biện ph&aacute;p thi c&ocirc;ng.</p>\r\n<p><em>Th&aacute;ch thức thứ hai</em>, đ&acirc;y cũng l&agrave; lần đầu ti&ecirc;n nh&oacute;m dự &aacute;n ph&ograve;ng BIM của Coteccons l&agrave;m việc với cấu tr&uacute;c composite: Kết hợp cốt th&eacute;p v&agrave; kết cấu th&eacute;p với đinh t&aacute;n v&agrave; h&agrave;n.&nbsp;Để thực hiện c&aacute;c li&ecirc;n kết phức tạp n&agrave;y cần thiết c&oacute; một c&ocirc;ng cụ m&ocirc; h&igrave;nh chi tiết v&agrave; trực quan h&oacute;a 3D cho cốt th&eacute;p / bu l&ocirc;ng v&agrave; kết nối th&eacute;p một c&aacute;ch chi tiết, ch&iacute;nh x&aacute;c cho gia c&ocirc;ng chế tạo tại nh&agrave; m&aacute;y hoặc cắt cốt th&eacute;p tại c&ocirc;ng trường v&agrave; hướng dẫn từng bước trong thi c&ocirc;ng lắp dựng.</p>\r\n<p><em>Th&aacute;ch thức cuối c&ugrave;ng</em>&nbsp;Th&aacute;ch thức cuối c&ugrave;ng l&agrave; biện ph&aacute;p thi c&ocirc;ng, đặc biệt cho thiết bị như cần cẩu th&aacute;p, giảm khả năng bảo vệ, đổ s&agrave;n ngo&agrave;i 20m ở độ cao lớn, lắp r&aacute;p th&aacute;p Spire cao 60m tr&ecirc;n đỉnh t&ograve;a nh&agrave;. Trưởng ph&ograve;ng BIM, Coteccons &ocirc;ng Nguyễn Khưu Trọng Luật cho biết:&nbsp;<em>&ldquo;Ch&uacute;ng t&ocirc;i y&ecirc;u cầu một c&ocirc;ng cụ c&oacute; thể m&ocirc; phỏng từng bước qu&aacute; tr&igrave;nh lắp dựng, kết hợp với tiến độ thi c&ocirc;ng để ch&uacute;ng t&ocirc;i c&oacute; thể nhận ra những rủi ro v&agrave; thực hiện nhiều phương &aacute;n để loại bỏ n&oacute; trước khi c&ocirc;ng tr&igrave;nh được x&acirc;y dựng tr&ecirc;n thực tế. Đ&oacute; l&agrave; một trong những l&yacute; do th&uacute;c đẩy ch&uacute;ng t&ocirc;i chọn Tekla BIM</em>.&rdquo;</p>\r\n<p>Việc đảm nhận thi c&ocirc;ng The Landmark 81 l&agrave; một th&aacute;ch thức kh&ocirc;ng nhỏ bởi Coteccons chưa từng thi c&ocirc;ng dự &aacute;n tr&ecirc;n 60 tầng. Chủ tịch ki&ecirc;m Tổng Gi&aacute;m đốc Coteccons, &ocirc;ng Nguyễn B&aacute; Dương cũng cho biết:&nbsp;<em>&ldquo;Thi c&ocirc;ng những t&ograve;a nh&agrave; tr&ecirc;n 60 tầng phức tạp hơn rất nhiều so với những c&ocirc;ng tr&igrave;nh 40-50 tầng m&agrave; Coteccons từng l&agrave;m.&rdquo;</em></p>\r\n<p>2.2 Khắc phục kh&oacute; khăn</p>\r\n<p>Với kinh nghiệm v&agrave; sự hiểu biết của đội ngũ chuy&ecirc;n vi&ecirc;n v&agrave; kỹ sư Ban BIM Coteccons về c&aacute;c giải ph&aacute;p triển khai BIM, phần mềm Tekla Structures được đ&aacute;nh gi&aacute; l&agrave; sự lựa chọn ph&ugrave; hợp v&agrave; cần thiết nhất bởi khả năng triển khai chi tiết nhanh v&agrave; ch&iacute;nh x&aacute;c đ&atilde; được chứng minh từ dự &aacute;n Gold View trước đ&oacute;.</p>\r\n<figure class=\"wp-block-image\"><img class=\"lazyloading\" src=\"http://quantri.hsdvn.com.vn/Images/Product/ProductArchive/464/82018/Landmark%2081%20engineer.jpg\" alt=\"\" data-lazy-src=\"http://quantri.hsdvn.com.vn/Images/Product/ProductArchive/464/82018/Landmark%2081%20engineer.jpg\" data-was-processed=\"true\" /></figure>\r\n<p>Triển khai chi tiết với Tekla mang lại rất nhiều lợi &iacute;ch như:</p>\r\n<ul>\r\n<li>Chi tiết cốt th&eacute;p: dimension linh hoạt v&agrave; ch&iacute;nh x&aacute;c;</li>\r\n<li>Tekla Structures cho ph&eacute;p người d&ugrave;ng tạo ra v&agrave; quản l&yacute; c&aacute;c m&ocirc; h&igrave;nh 3D kết cấu b&ecirc; t&ocirc;ng cốt th&eacute;p hoặc kết cấu th&eacute;p với quy tr&igrave;nh th&ocirc;ng suốt từ kh&acirc;u l&ecirc;n &yacute; tưởng thiết kế cho đến gia c&ocirc;ng chế tạo;</li>\r\n<li>Phần mềm cũng cho ph&eacute;p c&aacute;c kỹ sư drafter v&agrave; kỹ sư kết cấu thiết kế v&agrave; quản l&yacute; th&ocirc;ng tin chi tiết của dự &aacute;n bằng c&aacute;ch sử dụng m&ocirc; h&igrave;nh 3D, tạo ra c&aacute;c bản vẽ 2D v&agrave; truy cập to&agrave;n bộ th&ocirc;ng tin x&acirc;y dựng cần thiết;</li>\r\n<li>Tekla BIMsight / Trimble Connect l&agrave; nền tảng lưu trữ v&agrave; trao đổi th&ocirc;ng tin m&ocirc; h&igrave;nh chuy&ecirc;n nghiệp miễn ph&iacute;: với việc sử dụng c&aacute;c c&ocirc;ng cụ n&agrave;y, to&agrave;n bộ quy tr&igrave;nh x&acirc;y dựng li&ecirc;n kết chặt chẽ với c&aacute;c m&ocirc; h&igrave;nh, việc kiểm tra xung đột v&agrave; chia sẻ th&ocirc;ng tin c&ocirc;ng tr&igrave;nh tr&ecirc;n c&ugrave;ng m&ocirc;i trường 3D dễ d&agrave;ng cho ph&eacute;p giải quyết c&aacute;c rủi ro c&oacute; thể xảy ra ngay trong giai đoạn thiết kế.</li>\r\n</ul>\r\n<p>2.3 Phạm vi tập trung</p>\r\n<p>Để khắc phục ba th&aacute;ch thức tr&ecirc;n, Ban BIM Coteccons v&agrave; Chỉ huy trưởng c&ocirc;ng trường đ&atilde; c&ugrave;ng thống nhất kế hoạch tập trung trong phạm vi c&aacute;c hạng mục sau:</p>\r\n<h3><strong>a/&nbsp;</strong><strong>Phần ngầm</strong></h3>\r\n<ul>\r\n<li>M&ocirc; h&igrave;nh 3D chi tiết cốt th&eacute;p cho m&oacute;ng b&egrave;</li>\r\n<li>Biện ph&aacute;p thi c&ocirc;ng cho hệ Shoring/Kingpost của tầng hầm</li>\r\n</ul>\r\n<p><em>-&gt; Mục ti&ecirc;u: Giảm thiểu c&aacute;c sai s&oacute;t ph&aacute;t sinh.</em></p>\r\n<p><em><strong>b/&nbsp;</strong></em><strong>L&agrave;m detail chi tiết cốt th&eacute;p cho kết cấu l&otilde;i v&agrave; cột</strong></p>\r\n<ul>\r\n<li>M&ocirc; h&igrave;nh chi tiết cốt th&eacute;p 3D</li>\r\n<li>Cắt nối th&eacute;p theo thực tế thi c&ocirc;ng phục vụ gia c&ocirc;ng cốt th&eacute;p ch&iacute;nh x&aacute;c</li>\r\n<li>Quản l&yacute; khối lượng thi c&ocirc;ng dựa tr&ecirc;n nền tảng m&ocirc; h&igrave;nh chi tiết như: c&aacute;c cấu kiện, th&ocirc;ng tin chi tiết của cốt th&eacute;p</li>\r\n</ul>\r\n<p><em>-&gt; Mục ti&ecirc;u: Gia c&ocirc;ng ch&iacute;nh x&aacute;c cốt th&eacute;p, sản xuất v&agrave; lắp dựng nhanh ch&oacute;ng, ch&iacute;nh x&aacute;c c&aacute;c chi tiết kết cấu phức tạp.</em></p>\r\n<p><strong>c/ Biện ph&aacute;p thi c&ocirc;ng</strong></p>\r\n<ul>\r\n<li>Thể hiện biện ph&aacute;p thi c&ocirc;ng như hệ thống bơm, hệ thống v&aacute;n khu&ocirc;n trượt</li>\r\n</ul>\r\n<p><em>-&gt; Mục ti&ecirc;u: Để hiểu r&otilde; v&agrave; chi tiết biện ph&aacute;p thi c&ocirc;ng, ph&acirc;n t&iacute;ch v&agrave; dự b&aacute;o những t&igrave;nh huống c&oacute; thể xảy ra để chủ động kiểm so&aacute;t v&agrave; giảm thiểu rủi ro.</em></p>\r\n<blockquote class=\"wp-block-quote\">\r\n<p>COTECCONS L&Agrave; NH&Agrave; THẦU TRONG NƯỚC ĐẦU TI&Ecirc;N HO&Agrave;N TH&Agrave;NH DỰ &Aacute;N T&Ograve;A TH&Aacute;P 461M CAO NHẤT VIỆT NAM VƯỢT TIẾN ĐỘ DỰ KIẾN 45 NG&Agrave;Y. TH&Agrave;NH C&Ocirc;NG N&Agrave;Y ĐƯỢC GHI NHẬN BỞI KH&Acirc;U CHUẨN BỊ CẨN THẬN, CHI TIẾT, NỖ LỰC CỦA C&Aacute;C KỸ SƯ, TINH THẦN ĐỒNG ĐỘI, SỨC MẠNH CỦA THẾ HỆ TRẺ, THIẾT BỊ C&Ocirc;NG NGHỆ TI&Ecirc;N TIẾN V&Agrave; SỰ NGHI&Ecirc;M NGẶT TRONG QUẢN L&Yacute; RỦI RO. VỚI SỰ PHỐI HỢP HIỆU QUẢ CỦA ĐỘI NGŨ THI C&Ocirc;NG, GI&Aacute;M S&Aacute;T TẠI C&Ocirc;NG TRƯỜNG C&Ugrave;NG NH&Oacute;M KỸ SƯ DỰ &Aacute;N PH&Ograve;NG BIM, C&Aacute;C TH&Aacute;CH THỨC BAN ĐẦU DẦN ĐƯỢC GIẢI QUYẾT. C&Aacute;C NH&Oacute;M KỸ SƯ DỰ &Aacute;N BAN BIM Đ&Atilde; ĐẠT ĐƯỢC TH&Agrave;NH T&Iacute;CH TRONG VIỆC ỨNG DỤNG C&Ocirc;NG NGHỆ MỚI V&Agrave; X&Acirc;Y DỰNG TH&Ocirc;NG TIN LI&Ecirc;N LẠC TỐT HƠN TRONG C&Aacute;C HỆ SINH TH&Aacute;I GIỮA C&Aacute;C B&Ecirc;N THAM GIA DỰ &Aacute;N, GIỮA VĂN PH&Ograve;NG VỚI C&Ocirc;NG TRƯỜNG.</p>\r\n</blockquote>\r\n<p>2.4 Kết quả đạt được</p>\r\n<h3><strong>a/ Tạo n&ecirc;n một hệ sinh th&aacute;i cho ph&eacute;p giao tiếp v&agrave; kết nối tốt hơn</strong></h3>\r\n<p>C&aacute;c phiếu y&ecirc;u cầu th&ocirc;ng tin (RFI) v&agrave; c&aacute;c y&ecirc;u cầu của QA/QC được thể hiện tr&ecirc;n nền tảng 3D gi&uacute;p khả năng trao đổi th&ocirc;ng tin giữa Coteccons v&agrave; c&aacute;c b&ecirc;n tham gia dự &aacute;n được nhanh hơn v&agrave; ch&iacute;nh x&aacute;c hơn</p>\r\n<p><strong>b/ X&aacute;c định trước c&aacute;c rủi ro về kết cấu v&agrave; biện ph&aacute;p thi c&ocirc;ng trong thi c&ocirc;ng phần ngầm</strong></p>\r\n<p>Ban BIM Coteccons đ&atilde; c&oacute; c&aacute;c đề xuất phương &aacute;n một c&aacute;ch hiệu quả khi dự b&aacute;o trước c&aacute;c điểm va chạm hoặc sai s&oacute;t trong triển khai chi tiết. Rất nhiều giải ph&aacute;p từ COTECCONS được chủ đầu tư v&agrave; tư vấn thiết kế đ&aacute;nh gi&aacute; cao.</p>\r\n<p><strong>c/ Thể hiện ch&iacute;nh x&aacute;c c&aacute;c chi tiết chế tạo cho dầm chuyển L06 v&agrave; l&otilde;i cứng</strong></p>\r\n<p><strong>d/ Ph&acirc;n t&iacute;ch đ&aacute;nh gi&aacute; biện ph&aacute;p thi c&ocirc;ng khả thi</strong></p>\r\n<p>&ndash; Cẩu lắp v&agrave; thi c&ocirc;ng lắp đặt phần đỉnh th&aacute;p</p>\r\n<figure class=\"wp-block-image\"><img class=\"lazyloading\" src=\"http://quantri.hsdvn.com.vn/Images/Product/ProductArchive/464/82018/lm%2081%20thi%20cong.jpg\" alt=\"\" data-lazy-src=\"http://quantri.hsdvn.com.vn/Images/Product/ProductArchive/464/82018/lm%2081%20thi%20cong.jpg\" data-was-processed=\"true\" /></figure>\r\n<h3><strong>e/ Sự chuẩn bị v&agrave; lắp dựng ch&iacute;nh x&aacute;c đ&aacute;p ứng y&ecirc;u cầu tiến độ v&agrave; hiệu quả thời gian</strong></h3>\r\n<p>OTECCONS JSC &ndash; l&agrave; một trong những nh&agrave; thầu h&agrave;ng đầu tại Việt Nam, được th&agrave;nh lập v&agrave;o năm 2005, c&ocirc;ng ty đang ph&aacute;t triển bền vững như khẩu hiệu &ldquo;Our experience drive us forward&rdquo;. Kh&ocirc;ng chỉ chi&ecirc;u mộ đội ngũ kỹ sư gi&agrave;u kinh nghiệm, s&aacute;ng tạo v&agrave; ưu t&uacute;, kiến tr&uacute;c sư v&agrave; chuy&ecirc;n gia nước ngo&agrave;i, Ban gi&aacute;m đốc của Coteccons đặc biệt quan t&acirc;m đến c&ocirc;ng nghệ ứng dụng M&ocirc; h&igrave;nh th&ocirc;ng tin c&ocirc;ng tr&igrave;nh (BIM) theo chiến lược x&acirc;y dựng kết hợp trọn vẹn giữa<strong>&nbsp;&ldquo;Thiết kế &amp; Thi c&ocirc;ng&rdquo; (Design &amp; Build &ndash; D&amp;B)</strong>. Ban BIM Coteccons th&agrave;nh lập từ năm 2015 đ&atilde;&nbsp;sớm được đầu tư &aacute;p dụng những c&ocirc;ng cụ BIM hiện đại. Đội ngũ gần 15 chuy&ecirc;n vi&ecirc;n v&agrave; kỹ sư với&nbsp;mục ti&ecirc;u kh&ocirc;ng ngừng n&acirc;ng cao chất lượng thiết kế, đổi mới phương thức trao đổi giữa c&aacute;c đơn vị tham gia dự &aacute;n v&agrave; đưa BIM v&agrave;o hỗ trợ c&ocirc;ng t&aacute;c thi c&ocirc;ng thực tế tại c&ocirc;ng trường.</p>\r\n<p>Năm 2016, COTECCONS đ&atilde; nhận giải ba của Giải thưởng Tekla BIM ch&acirc;u &Aacute; với dự &aacute;n Gold View Residence. Cũng tại thời điểm n&agrave;y, Ban BIM Coteccons đ&atilde; ph&aacute;t triển một nh&oacute;m kỹ sư dự &aacute;n chỉ &aacute;p dụng duy nhất Tekla cho c&aacute;c dạng kết cấu phức tạp, triển khai chi tiết bản vẽ v&agrave; chế tạo ch&iacute;nh x&aacute;c. Trong số c&aacute;c dự &aacute;n được &aacute;p dụng, Landmark 81 l&agrave; dự &aacute;n th&agrave;nh c&ocirc;ng nhất khi chứng minh được những lợi &iacute;ch r&otilde; r&agrave;ng của BIM v&agrave; tạo ra c&aacute;c kỷ lục mới trong c&aacute;c ứng dụng BIM của doanh nghiệp.</p>','Dự án Vinhomes Landmark 81 dành hạng nhì Giải thưởng Tekla BIM Awards châu Á 2018','du-an-vinhomes-landmark-81-danh-hang-nhi-giai-thuong-tekla-bim-awards-chau-a-2018','Vinhomes Landmark 81 giúp Coteccons giành hạng nhì Giải thưởng Tekla BIM Awards châu Á 2018 do Hãng Trimble tổ chức.','BIM, Bim nâng cao',NULL),(5,3,'en','BIM and the reconstruction of Notre Dame Cathedral in Paris','The iconic building, representing the history and culture of Paris in particular and France in general - Notre Dame Cathedral, was partially destroyed by a fire that occurred on April 15. The fire started inside the church and quickly spread to other areas, especially the oak roof. The historical and cultural heritage that took nearly 200 years to build was quickly destroyed within minutes.','<p>While many of the artifacts stored inside the church were kept safe by the efforts of more than 400 firefighters, who risked their lives into the flames as part of the cathedral\'s tower was ablaze. The roof of the Church has been severely damaged, including parts that were completed in the 12th century and are the oldest roofs built that have survived to this day.</p>\r\n<p><img class=\"wp-image-10792 aligncenter lazyloaded\" style=\"display: block; margin-left: auto; margin-right: auto;\" src=\"http://vietnambim.net/wp-content/uploads/2019/05/a%CC%89nh-cha%CC%81y.jpg\" srcset=\"https://vietnambim.net/wp-content/uploads/2019/05/ảnh-cháy.jpg 1440w, https://vietnambim.net/wp-content/uploads/2019/05/ảnh-cháy-300x200.jpg 300w, https://vietnambim.net/wp-content/uploads/2019/05/ảnh-cháy-768x512.jpg 768w, https://vietnambim.net/wp-content/uploads/2019/05/ảnh-cháy-1024x683.jpg 1024w, https://vietnambim.net/wp-content/uploads/2019/05/ảnh-cháy-696x464.jpg 696w, https://vietnambim.net/wp-content/uploads/2019/05/ảnh-cháy-1068x712.jpg 1068w, https://vietnambim.net/wp-content/uploads/2019/05/ảnh-cháy-630x420.jpg 630w\" alt=\"\" width=\"614\" height=\"409\" data-lazy-src=\"http://vietnambim.net/wp-content/uploads/2019/05/ảnh-cháy.jpg\" data-lazy-srcset=\"https://vietnambim.net/wp-content/uploads/2019/05/ảnh-cháy.jpg 1440w, https://vietnambim.net/wp-content/uploads/2019/05/ảnh-cháy-300x200.jpg 300w, https://vietnambim.net/wp-content/uploads/2019/05/ảnh-cháy-768x512.jpg 768w, https://vietnambim.net/wp-content/uploads/2019/05/ảnh-cháy-1024x683.jpg 1024w, https://vietnambim.net/wp-content/uploads/2019/05/ảnh-cháy-696x464.jpg 696w, https://vietnambim.net/wp-content/uploads/2019/05/ảnh-cháy-1068x712.jpg 1068w, https://vietnambim.net/wp-content/uploads/2019/05/ảnh-cháy-630x420.jpg 630w\" data-lazy-sizes=\"(max-width: 614px) 100vw, 614px\" data-was-processed=\"true\" /></p>\r\n<p><br />The fire and damage suffered by Notre Dame Cathedral were unexpected, but the French Government acted quickly and almost immediately, planning to restore and rebuild the building. this program. With advanced technology and the development of the construction industry as it is today, it is only a matter of time before rebuilding this iconic Gothic building.</p>\r\n<p>With the help of Building Information Modeling (BIM) and 3D laser scanning technology, building reconstruction will become easy and fast.</p>\r\n<p>Salvation of Notre Dame Cathedral in Paris</p>\r\n<p>In 2015, historian and architect Andrew Tallon used a 3D laser scanner to create a model of the entire church as well as accurate images of the building on a computer. The detailed image of the structure after scanning, known as the Point Cloud Model, will be the basis for the entire rebuilding process of the Cathedral. The internal structure of the Church, images of the building from different angles&hellip; all can be expressed thanks to this 3D model.</p>\r\n<p>3D Laser Scan Technology</p>\r\n<p>The 3D Scanning process for a building or structure includes 3 stages:</p>\r\n<p>1, Scan (Scan) &ndash; Thanks to a dedicated 3D scanner, millions of points will be collected and stored. Then, these points will be gathered into a \"cloud\" and that is the detailed 3D model of the building after laser scanning. For example, during the 3D scanning of Notre Dame de Paris, laser scanners will be placed in different locations, then the cloud points are collected and combined, thereby creating a complete 3D model. correction.</p>\r\n<p>2, Register &ndash; After the cloud points are collected from the 3D laser scanner, the software &ldquo;glues&rdquo; the points together into a complete 3D Point Cloud model. This process is called &ldquo;Recording&rdquo;. Once recorded, the point cloud model can be exported to other applications to cater for different requirements.</p>\r\n<p>3, Detail &ndash; Detailing a 3D model involves using a software tool to turn components captured by a scanner into BIM elements containing useful information. Such information can then be used in a variety of ways into fabrication, assembly, installation, and more.</p>\r\n<p>Applying 3D Scanning technology to Notre Dame Cathedral</p>\r\n<p>In 2015, Tallon completed 2 out of 3 steps of the 3D scanning process. This really makes sense for the contractors undertaking the rebuilding of the church, because they just need to bring the existing 3D point cloud model into a complete construction model with all the details to build. used throughout the construction process.</p>\r\n<p>Information from 3D scanning can be used throughout the construction process, in both new construction as well as renovation or rebuilding projects. Before starting construction, a 3D scan of the building will help maintain and record the original condition of the building. A comprehensive 3D model is created that makes the design and construction process easier. In the field of heritage conservation, managers can apply 3D scanning to capture spatial and physical information of a building as well as help conservationists point out problems. and ways to deal with them.</p>\r\n<p>Digital application to heritage conservation is becoming the trend and norm of archaeologists. Combining 3D scanning with videos and images creates a complete and complete showcase for the building. This allows archaeologists not only to see the current image of the structure, but also to reconstruct on model the shape of the heritage from thousands of years ago.</p>\r\n<p>The fire at Notre Dame Cathedral in Paris is extremely unfortunate, but with the application of advanced technology, the authorities can completely bring back the beauty of the church as before. We all hope that the rebuilding process of the church, with the participation of BIM and 3D Scan technology, will go smoothly.</p>\r\n<p>Source: https://constructible.trimble.com/construction-industry/bim-to-the-rescue-the-restoration-and-rebuilding-of-notre-dame</p>\r\n<p>Translator: Bui Duy Anh</p>','BIM and the reconstruction of Notre Dame Cathedral in Paris','bim-va-qua-trinh-tai-thiet-nha-tho-duc-ba-paris','The iconic building, representing the history and culture of Paris in particular and France in general - Notre Dame Cathedral, was partially destroyed by a fire that occurred on April 15. The fire started inside the church and quickly spread to other areas, especially the oak roof. The historical and cultural heritage that took nearly 200 years to build was quickly destroyed within minutes.','BIM, Advance BIM',NULL),(6,3,'vi','BIM và quá trình tái thiết Nhà thờ Đức Bà Paris','Công trình mang tính biểu tượng, đại diện cho lịch sử và văn hóa của Paris nói riêng và nước Pháp nói chung – Nhà thờ Đức Bà Paris, đã bị thiêu rụi một phần bởi đám cháy xảy ra vào ngày 15 tháng 4 vừa qua. Ngọn lửa xuất phát từ bên trong nhà thờ và nhanh chóng lan sang các khu vực khác, nhất là phần mái được làm từ gỗ sồi. Di sản lịch sử và văn hóa vốn mất gần 200 năm để xây dựng đã nhanh chóng bị phá hủy chỉ trong vòng vài phút.','<p>Trong khi nhiều cổ vật được cất giữ b&ecirc;n trong nh&agrave; thờ đ&atilde; được an to&agrave;n bởi nỗ lực của hơn 400 l&iacute;nh cứu hỏa, những người đ&atilde; liều m&igrave;nh lao v&agrave;o ngọn lửa khi phần t&ograve;a th&aacute;p của nh&agrave; thờ đang bốc ch&aacute;y. Phần m&aacute;i của Nh&agrave; thờ đ&atilde; bị hư hại nghi&ecirc;m trọng, trong đ&oacute; bao gồm những phần được ho&agrave;n thiện từ thế kỉ XII v&agrave; l&agrave; phần m&aacute;i cổ xưa nhất được x&acirc;y dựng m&agrave; c&ograve;n lưu lại tới ng&agrave;y nay.</p>\r\n<p><img class=\"wp-image-10792 aligncenter lazyloaded\" style=\"display: block; margin-left: auto; margin-right: auto;\" src=\"http://vietnambim.net/wp-content/uploads/2019/05/a%CC%89nh-cha%CC%81y.jpg\" srcset=\"https://vietnambim.net/wp-content/uploads/2019/05/ảnh-cháy.jpg 1440w, https://vietnambim.net/wp-content/uploads/2019/05/ảnh-cháy-300x200.jpg 300w, https://vietnambim.net/wp-content/uploads/2019/05/ảnh-cháy-768x512.jpg 768w, https://vietnambim.net/wp-content/uploads/2019/05/ảnh-cháy-1024x683.jpg 1024w, https://vietnambim.net/wp-content/uploads/2019/05/ảnh-cháy-696x464.jpg 696w, https://vietnambim.net/wp-content/uploads/2019/05/ảnh-cháy-1068x712.jpg 1068w, https://vietnambim.net/wp-content/uploads/2019/05/ảnh-cháy-630x420.jpg 630w\" alt=\"\" width=\"614\" height=\"409\" data-lazy-src=\"http://vietnambim.net/wp-content/uploads/2019/05/ảnh-cháy.jpg\" data-lazy-srcset=\"https://vietnambim.net/wp-content/uploads/2019/05/ảnh-cháy.jpg 1440w, https://vietnambim.net/wp-content/uploads/2019/05/ảnh-cháy-300x200.jpg 300w, https://vietnambim.net/wp-content/uploads/2019/05/ảnh-cháy-768x512.jpg 768w, https://vietnambim.net/wp-content/uploads/2019/05/ảnh-cháy-1024x683.jpg 1024w, https://vietnambim.net/wp-content/uploads/2019/05/ảnh-cháy-696x464.jpg 696w, https://vietnambim.net/wp-content/uploads/2019/05/ảnh-cháy-1068x712.jpg 1068w, https://vietnambim.net/wp-content/uploads/2019/05/ảnh-cháy-630x420.jpg 630w\" data-lazy-sizes=\"(max-width: 614px) 100vw, 614px\" data-was-processed=\"true\" /></p>\r\n<div class=\"td-g-rec td-g-rec-id-content_inline td_uid_11_6119daf3c6176_rand td_block_template_9 \">&nbsp;</div>\r\n<p>Vụ hỏa hoạn cũng như những hư hại m&agrave; Nh&agrave; thờ Đức B&agrave; Paris gặp phải l&agrave; điều kh&ocirc;ng ai mong muốn, nhưng Ch&iacute;nh phủ Ph&aacute;p đ&atilde; nhanh ch&oacute;ng h&agrave;nh động v&agrave; gần như ngay lập tức, l&ecirc;n kế hoạch để kh&ocirc;i phục v&agrave; x&acirc;y dựng lại c&ocirc;ng tr&igrave;nh n&agrave;y. Với c&ocirc;ng nghệ ti&ecirc;n tiến v&agrave; sự ph&aacute;t triển của ng&agrave;nh x&acirc;y dựng như hiện nay, việc phục dựng c&ocirc;ng tr&igrave;nh mang t&iacute;nh biểu tượng về kiến tr&uacute;c Gothic chỉ l&agrave; vấn đề thời gian.</p>\r\n<p>Với sự trợ gi&uacute;p đắc lực của M&ocirc; h&igrave;nh Th&ocirc;ng tin C&ocirc;ng tr&igrave;nh (BIM) v&agrave; c&ocirc;ng nghệ qu&eacute;t laser 3D, việc x&acirc;y dựng lại c&ocirc;ng tr&igrave;nh sẽ trở n&ecirc;n dễ d&agrave;ng v&agrave; nhanh ch&oacute;ng.</p>\r\n<h3><strong>Cứu c&aacute;nh của Nh&agrave; thờ Đức B&agrave; Paris</strong></h3>\r\n<p>Năm 2015, nh&agrave; sử học v&agrave; kiến tr&uacute;c sư Andrew Tallon đ&atilde; sử dụng m&aacute;y qu&eacute;t laser 3D nhằm dựng l&ecirc;n m&ocirc; h&igrave;nh của to&agrave;n bộ nh&agrave; thờ cũng như c&aacute;c h&igrave;nh ảnh ch&iacute;nh x&aacute;c của c&ocirc;ng tr&igrave;nh tr&ecirc;n m&aacute;y t&iacute;nh. H&igrave;nh ảnh chi tiết của c&ocirc;ng tr&igrave;nh sau khi qu&eacute;t, được gọi l&agrave; M&ocirc; h&igrave;nh Điểm Đ&aacute;m m&acirc;y, sẽ l&agrave; nền tảng cho to&agrave;n bộ qu&aacute; tr&igrave;nh phục dựng lại Nh&agrave; thờ. Cấu tr&uacute;c b&ecirc;n trong của Nh&agrave; thờ, h&igrave;nh ảnh của c&ocirc;ng tr&igrave;nh từ c&aacute;c g&oacute;c nh&igrave;n kh&aacute;c nhau&hellip; tất cả đều c&oacute; thể thể hiện nhờ v&agrave;o m&ocirc; h&igrave;nh 3D n&agrave;y.</p>\r\n<h3><strong>C&ocirc;ng nghệ Qu&eacute;t laser 3D</strong></h3>\r\n<p>Qu&aacute; tr&igrave;nh Qu&eacute;t 3D cho một t&ograve;a nh&agrave; hay c&ocirc;ng tr&igrave;nh bao gồm 3 giai đoạn:</p>\r\n<p><strong>1, Qu&eacute;t</strong>&nbsp;<strong>(Scan)</strong>&nbsp;&ndash; Nhờ v&agrave;o một m&aacute;y qu&eacute;t 3D chuy&ecirc;n dụng, h&agrave;ng triệu điểm sẽ được thu thập v&agrave; lưu giữ. Sau đ&oacute;, c&aacute;c điểm n&agrave;y sẽ được tập hợp lại th&agrave;nh &ldquo;đ&aacute;m m&acirc;y&rdquo; v&agrave; đ&oacute; ch&iacute;nh l&agrave; m&ocirc; h&igrave;nh 3D chi tiết của c&ocirc;ng tr&igrave;nh sau khi qu&eacute;t laser. Chẳng hạn như trong qu&aacute; tr&igrave;nh qu&eacute;t 3D Nh&agrave; thờ Đức B&agrave; Paris, m&aacute;y qu&eacute;t laser sẽ được đăt ở nhiều vị tr&iacute; kh&aacute;c nhau, sau đ&oacute; c&aacute;c điểm đ&aacute;m m&acirc;y được thu thập v&agrave; kết hợp lại, qua đ&oacute; tạo n&ecirc;n một m&ocirc; h&igrave;nh 3D ho&agrave;n chỉnh.</p>\r\n<p><strong>2, Ghi lại (Register)</strong>&nbsp;&ndash; Sau khi c&aacute;c điểm đ&aacute;m m&acirc;y được thu thập từ m&aacute;y qu&eacute;t laser 3D, phần mềm sẽ &ldquo;gắn&rdquo; c&aacute;c điểm n&agrave;y lại với nhau th&agrave;nh một m&ocirc; h&igrave;nh 3D Điểm Đ&aacute;m m&acirc;y ho&agrave;n chỉnh. Qu&aacute; tr&igrave;nh n&agrave;y được gọi l&agrave; &ldquo;Ghi lại&rdquo;. Một khi được ghi lại, m&ocirc; h&igrave;nh điểm đ&aacute;m m&acirc;y c&oacute; thể xuất sang ứng dụng kh&aacute;c để phục vụ cho c&aacute;c y&ecirc;u cầu kh&aacute;c nhau.</p>\r\n<p><strong>3, Chi tiết (Detail)</strong>&nbsp;&ndash; Chi tiết h&oacute;a một m&ocirc; h&igrave;nh 3D bao gồm việc sử dụng c&ocirc;ng cụ phần mềm nhằm biến c&aacute;c th&agrave;nh phần được ghi lại bởi m&aacute;y qu&eacute;t th&agrave;nh c&aacute;c yếu tố BIM chứa th&ocirc;ng tin hữu &iacute;ch. C&aacute;c th&ocirc;ng tin như vậy sau đ&oacute; c&oacute; thể được sử dụng theo nhiều c&aacute;ch kh&aacute;c nhau v&agrave;o c&aacute;c qu&aacute; tr&igrave;nh chế tạo, lắp gh&eacute;p, c&agrave;i đặt v&agrave; nhiều c&ocirc;ng đoạn kh&aacute;c nữa.</p>\r\n<h3><strong>&Aacute;p dụng c&ocirc;ng nghệ Qu&eacute;t 3D v&agrave;o Nh&agrave; thờ Đức B&agrave;</strong></h3>\r\n<p>V&agrave;o năm 2015, Tallon đ&atilde; ho&agrave;n th&agrave;nh 2 tr&ecirc;n 3 bước của quy tr&igrave;nh qu&eacute;t 3D. Điều n&agrave;y thực sự c&oacute; &yacute; nghĩa đối với c&aacute;c nh&agrave; thầu đảm nhận qu&aacute; tr&igrave;nh phục dựng nh&agrave; thờ, bởi v&igrave; họ chỉ cần đưa m&ocirc; h&igrave;nh điểm đ&aacute;m m&acirc;y 3D c&oacute; sẵn th&agrave;nh một m&ocirc; h&igrave;nh thi c&ocirc;ng hoản chỉnh với đầy đủ c&aacute;c chi tiết để sử dụng xuy&ecirc;n suốt qu&aacute; tr&igrave;nh x&acirc;y dựng.</p>\r\n<p><img class=\"wp-image-10793 aligncenter lazyloaded\" style=\"display: block; margin-left: auto; margin-right: auto;\" src=\"http://vietnambim.net/wp-content/uploads/2019/05/itemeditorimage_5cb836c0492a3.png\" srcset=\"https://vietnambim.net/wp-content/uploads/2019/05/itemeditorimage_5cb836c0492a3.png 962w, https://vietnambim.net/wp-content/uploads/2019/05/itemeditorimage_5cb836c0492a3-300x191.png 300w, https://vietnambim.net/wp-content/uploads/2019/05/itemeditorimage_5cb836c0492a3-768x489.png 768w, https://vietnambim.net/wp-content/uploads/2019/05/itemeditorimage_5cb836c0492a3-696x443.png 696w, https://vietnambim.net/wp-content/uploads/2019/05/itemeditorimage_5cb836c0492a3-660x420.png 660w\" alt=\"\" width=\"624\" height=\"397\" data-lazy-src=\"http://vietnambim.net/wp-content/uploads/2019/05/itemeditorimage_5cb836c0492a3.png\" data-lazy-srcset=\"https://vietnambim.net/wp-content/uploads/2019/05/itemeditorimage_5cb836c0492a3.png 962w, https://vietnambim.net/wp-content/uploads/2019/05/itemeditorimage_5cb836c0492a3-300x191.png 300w, https://vietnambim.net/wp-content/uploads/2019/05/itemeditorimage_5cb836c0492a3-768x489.png 768w, https://vietnambim.net/wp-content/uploads/2019/05/itemeditorimage_5cb836c0492a3-696x443.png 696w, https://vietnambim.net/wp-content/uploads/2019/05/itemeditorimage_5cb836c0492a3-660x420.png 660w\" data-lazy-sizes=\"(max-width: 624px) 100vw, 624px\" data-was-processed=\"true\" /></p>\r\n<p>Th&ocirc;ng tin từ qu&aacute; tr&igrave;nh qu&eacute;t 3D c&oacute; thể được sử dụng xuy&ecirc;n suốt qu&aacute; tr&igrave;nh thi c&ocirc;ng, ở cả c&ocirc;ng tr&igrave;nh mới cũng như c&aacute;c dự &aacute;n cải tạo hay x&acirc;y dựng lại. Trước khi bắt tay v&agrave;o thi c&ocirc;ng, việc qu&eacute;t 3D c&ocirc;ng tr&igrave;nh sẽ gi&uacute;p duy tr&igrave; v&agrave; ghi lại t&igrave;nh trạng ban đầu của c&ocirc;ng tr&igrave;nh. Một m&ocirc; h&igrave;nh 3D to&agrave;n diện được tạo ra gi&uacute;p cho qu&aacute; tr&igrave;nh thiết kế v&agrave; thi c&ocirc;ng của c&ocirc;ng tr&igrave;nh trở n&ecirc;n dễ d&agrave;ng hơn. Trong lĩnh vực bảo tồn di sản, c&aacute;c nh&agrave; quản l&yacute; c&oacute; thể &aacute;p dụng việc qu&eacute;t 3D để lưu lại c&aacute;c th&ocirc;ng tin về mặt kh&ocirc;ng gian v&agrave; vật l&iacute; của c&ocirc;ng tr&igrave;nh cũng như gi&uacute;p c&aacute;c nh&agrave; bảo tồn chỉ ra c&aacute;c vấn đề c&ograve;n vướng mắc v&agrave; phương hướng giải quyết ch&uacute;ng.</p>\r\n<p>Ứng dụng kĩ thuật số v&agrave;o bảo tồn di sản đang trở th&agrave;nh xu thế v&agrave; quy chuẩn của c&aacute;c nh&agrave; khảo cổ học. Kết hợp việc qu&eacute;t 3D với c&aacute;c video v&agrave; h&igrave;nh ảnh sẽ tạo n&ecirc;n một bản giới thiệu ho&agrave;n chỉnh v&agrave; đầy đủ cho c&ocirc;ng tr&igrave;nh. Điều n&agrave;y cho ph&eacute;p c&aacute;c nh&agrave; khảo cổ học kh&ocirc;ng chỉ thấy được h&igrave;nh ảnh hiện tại của c&ocirc;ng tr&igrave;nh, m&agrave; c&ograve;n c&oacute; thể t&aacute;i hiện lại tr&ecirc;n m&ocirc; h&igrave;nh h&igrave;nh dạng của di sản từ h&agrave;ng ng&agrave;n năm trước.</p>\r\n<p><img class=\"wp-image-10794 aligncenter lazyloaded\" style=\"display: block; margin-left: auto; margin-right: auto;\" src=\"http://vietnambim.net/wp-content/uploads/2019/05/01_-_VCA_-_PALINGENESIS-TRIBUTE_TO_NOTRE-DAME_-_BIRDS_EYE_VIEW.jpg\" srcset=\"https://vietnambim.net/wp-content/uploads/2019/05/01_-_VCA_-_PALINGENESIS-TRIBUTE_TO_NOTRE-DAME_-_BIRDS_EYE_VIEW.jpg 1335w, https://vietnambim.net/wp-content/uploads/2019/05/01_-_VCA_-_PALINGENESIS-TRIBUTE_TO_NOTRE-DAME_-_BIRDS_EYE_VIEW-300x225.jpg 300w, https://vietnambim.net/wp-content/uploads/2019/05/01_-_VCA_-_PALINGENESIS-TRIBUTE_TO_NOTRE-DAME_-_BIRDS_EYE_VIEW-768x575.jpg 768w, https://vietnambim.net/wp-content/uploads/2019/05/01_-_VCA_-_PALINGENESIS-TRIBUTE_TO_NOTRE-DAME_-_BIRDS_EYE_VIEW-1024x767.jpg 1024w, https://vietnambim.net/wp-content/uploads/2019/05/01_-_VCA_-_PALINGENESIS-TRIBUTE_TO_NOTRE-DAME_-_BIRDS_EYE_VIEW-80x60.jpg 80w, https://vietnambim.net/wp-content/uploads/2019/05/01_-_VCA_-_PALINGENESIS-TRIBUTE_TO_NOTRE-DAME_-_BIRDS_EYE_VIEW-265x198.jpg 265w, https://vietnambim.net/wp-content/uploads/2019/05/01_-_VCA_-_PALINGENESIS-TRIBUTE_TO_NOTRE-DAME_-_BIRDS_EYE_VIEW-696x521.jpg 696w, https://vietnambim.net/wp-content/uploads/2019/05/01_-_VCA_-_PALINGENESIS-TRIBUTE_TO_NOTRE-DAME_-_BIRDS_EYE_VIEW-1068x800.jpg 1068w, https://vietnambim.net/wp-content/uploads/2019/05/01_-_VCA_-_PALINGENESIS-TRIBUTE_TO_NOTRE-DAME_-_BIRDS_EYE_VIEW-561x420.jpg 561w\" alt=\"\" width=\"592\" height=\"443\" data-lazy-src=\"http://vietnambim.net/wp-content/uploads/2019/05/01_-_VCA_-_PALINGENESIS-TRIBUTE_TO_NOTRE-DAME_-_BIRDS_EYE_VIEW.jpg\" data-lazy-srcset=\"https://vietnambim.net/wp-content/uploads/2019/05/01_-_VCA_-_PALINGENESIS-TRIBUTE_TO_NOTRE-DAME_-_BIRDS_EYE_VIEW.jpg 1335w, https://vietnambim.net/wp-content/uploads/2019/05/01_-_VCA_-_PALINGENESIS-TRIBUTE_TO_NOTRE-DAME_-_BIRDS_EYE_VIEW-300x225.jpg 300w, https://vietnambim.net/wp-content/uploads/2019/05/01_-_VCA_-_PALINGENESIS-TRIBUTE_TO_NOTRE-DAME_-_BIRDS_EYE_VIEW-768x575.jpg 768w, https://vietnambim.net/wp-content/uploads/2019/05/01_-_VCA_-_PALINGENESIS-TRIBUTE_TO_NOTRE-DAME_-_BIRDS_EYE_VIEW-1024x767.jpg 1024w, https://vietnambim.net/wp-content/uploads/2019/05/01_-_VCA_-_PALINGENESIS-TRIBUTE_TO_NOTRE-DAME_-_BIRDS_EYE_VIEW-80x60.jpg 80w, https://vietnambim.net/wp-content/uploads/2019/05/01_-_VCA_-_PALINGENESIS-TRIBUTE_TO_NOTRE-DAME_-_BIRDS_EYE_VIEW-265x198.jpg 265w, https://vietnambim.net/wp-content/uploads/2019/05/01_-_VCA_-_PALINGENESIS-TRIBUTE_TO_NOTRE-DAME_-_BIRDS_EYE_VIEW-696x521.jpg 696w, https://vietnambim.net/wp-content/uploads/2019/05/01_-_VCA_-_PALINGENESIS-TRIBUTE_TO_NOTRE-DAME_-_BIRDS_EYE_VIEW-1068x800.jpg 1068w, https://vietnambim.net/wp-content/uploads/2019/05/01_-_VCA_-_PALINGENESIS-TRIBUTE_TO_NOTRE-DAME_-_BIRDS_EYE_VIEW-561x420.jpg 561w\" data-lazy-sizes=\"(max-width: 592px) 100vw, 592px\" data-was-processed=\"true\" /></p>\r\n<p>Vụ hỏa hoạn xảy ra tại Nh&agrave; thờ Đức B&agrave; Paris l&agrave; điều v&ocirc; c&ugrave;ng đ&aacute;ng tiếc, nhưng với việc &aacute;p dụng những c&ocirc;ng nghệ ti&ecirc;n tiến th&igrave; c&aacute;c nh&agrave; chức tr&aacute;ch ho&agrave;n to&agrave;n c&oacute; thể đem lại vẻ đẹp của nh&agrave; thờ như trước đ&acirc;y. Ch&uacute;ng ta đều hi vọng v&agrave;o qu&aacute; tr&igrave;nh phục dựng lại nh&agrave; thờ, với sự tham gia của BIM v&agrave; c&ocirc;ng nghệ Qu&eacute;t 3D, sẽ diễn ra thuận lợi.</p>\r\n<p>Nguồn:&nbsp;https://constructible.trimble.com/construction-industry/bim-to-the-rescue-the-restoration-and-rebuilding-of-notre-dame</p>\r\n<p>Người bi&ecirc;n dịch: B&ugrave;i Duy Anh</p>','BIM và quá trình tái thiết Nhà thờ Đức Bà Paris','bim-va-qua-trinh-tai-thiet-nha-tho-duc-ba-paris','Công trình mang tính biểu tượng, đại diện cho lịch sử và văn hóa của Paris nói riêng và nước Pháp nói chung – Nhà thờ Đức Bà Paris, đã bị thiêu rụi một phần bởi đám cháy xảy ra vào ngày 15 tháng 4 vừa qua. Ngọn lửa xuất phát từ bên trong nhà thờ và nhanh chóng lan sang các khu vực khác, nhất là phần mái được làm từ gỗ sồi. Di sản lịch sử và văn hóa vốn mất gần 200 năm để xây dựng đã nhanh chóng bị phá hủy chỉ trong vòng vài phút.','BIM, BIM cơ bản',NULL),(7,4,'en','BIM consultant for Tan Son Nhat Airport high-rise garage project','TCP Park is the largest and most modern garage in Vietnam, invested by TCP Investment Joint Stock Company.\r\nThe garage applies many modern technologies and equipment according to European safety and quality standards to ensure safe and efficient operation.','<p>Project information<br />The project started construction in October 2015 and officially came into operation in October 2016.<br />The integrated project of a green park and a busy commercial center makes TCP Park an ideal stopover for tens of thousands of passengers traveling at Tan Son Nhat Airport every day.</p>\r\n<p><br />Total floor area of ​​67,000m2, including 1 basement, 1 mezzanine, 5 floating floors and 1 roof floor<br />The garage can accommodate up to 6000 motorbikes, 1500 cars and 700 taxis. Open 24 hours a day, every day of the week to serve passengers who need to park their car<br />Owning 11 of the largest billboards at the airport, surrounding 4 sides of the parking building<br />The design of the atrium and planting of trees helps to improve the ability of air conditioning</p>\r\n<p>Applying BIM technology<br />Located at a particularly important position right in front of the domestic terminal, Tan Son Nhat airport where traffic density is high; The design and construction took place in a short time while ensuring the aesthetics of the gateway work and ensuring the safety of passengers coming and going. The investor - TCP Joint Stock Company has decided to choose BIM Hanoi as the provider of BIM consulting services for the project. The scope of work includes consulting the entire process and implementation method, organizing the implementation of BIM application for the entire project from the design stage to construction and erection.</p>\r\n<p>&nbsp;</p>\r\n<p><br />The advantage of the project is that most of the consulting and construction contractors have used BIM software such as Revit and Tekla Structures. However, these contractors have never coordinated with each other on the BIM platform; challenges for design collaboration and construction coordination as these contractors traditionally submit 2D drawings.<br />Based on the nature of the project and the capabilities of the contractors, BIM Hanoi has consulted BIM modeling software tools and BIM coordination software.<br />Investors are the ones who benefit the most from the application of BIM when all design data is presented in a visual 3D environment to help investors make accurate decisions about design options.</p>\r\n<p>3D design data on Revit and Autocad Civil3D software is shared through Open BIM formats such as IFC to help parties easily share information. The integrated BIM model is stored and shared on a cloud computing platform to help parties always have the latest data. Consulting contractors easily refer to partners\' models to adjust their plans accordingly.</p>\r\n<p><br />During the fabrication phase, all drawings are created from the 3D model for precise machining. The erection plan is reviewed and evaluated on 3D before issuing shop drawings to help parties analyze the feasibility of structural structural solutions, significantly reducing the contractor\'s errors; BIM Hanoi\'s consulting tips are especially useful for steel structure contractors in complex locations; high potential for conflict. Due to the characteristics of the project at the location with a narrow space, the calculation of the manufacturing and erection progress should be paid special attention so that when the components are transported to the construction site, they will be erected immediately without having to be stored in the yard. .</p>\r\n<p><br />The integrated 3D BIM model also helps to calculate the layout plan of large equipment such as transformers or the layout of the pump room, avoiding many errors due to chiseling during construction in the traditional way.</p>\r\n<p><br />Source: bimhanoi.vn</p>',NULL,NULL,NULL,NULL,NULL),(8,4,'vi','Tư vấn BIM dự án Nhà để xe cao tầng Sân bay Tân Sơn Nhất','TCP Park là nhà để xe quy mô lớn nhất và hiện đại nhất Việt Nam do Công ty Cổ phần Đầu tư TCP làm chủ đầu tư.\r\nNhà để xe áp dụng nhiều công nghệ và thiết bị hiện đại theo tiêu chuẩn chất lượng và an toàn của châu Âu nhằm đảm bảo hoạt động an ninh và vận hành hiệu quả.','<p><strong>Th&ocirc;ng tin dự &aacute;n</strong><br />Dự &aacute;n được khởi c&ocirc;ng x&acirc;y dựng từ 10/2015 v&agrave; ch&iacute;nh thức đi v&agrave;o hoạt động to&agrave;n phần từ th&aacute;ng 10/2016.<br />Dự &aacute;n t&iacute;ch hợp c&ocirc;ng vi&ecirc;n c&acirc;y xanh v&agrave; khu trung t&acirc;m thương mại sầm uất khiến TCP Park trở th&agrave;nh điểm dừng ch&acirc;n l&yacute; tưởng cho h&agrave;ng chục ng&agrave;n lượt h&agrave;nh kh&aacute;ch di chuyển tại S&acirc;n bay T&acirc;n Sơn Nhất mỗi ng&agrave;y.</p>\r\n<ul>\r\n<li>Tổng diện t&iacute;ch s&agrave;n 67.000m2, gồm 1 tầng hầm, 1 tầng lửng, 5 tầng nổi v&agrave; 1 tầng m&aacute;i</li>\r\n<li>Nh&agrave; để xe c&oacute; sức chứa l&ecirc;n đến 6000 xe m&aacute;y, 1500 xe &ocirc; t&ocirc; v&agrave; 700 xe taxi. Mở cửa 24/24 giờ tất cả c&aacute;c ng&agrave;y trong tuần phục vụ h&agrave;nh kh&aacute;ch c&oacute; nhu cầu để xe</li>\r\n<li>Sở hữu 11 biển quảng c&aacute;o tấm lớn nhất s&acirc;n bay, bao quanh 4 mặt t&ograve;a nh&agrave; để xe</li>\r\n<li>Thiết kế th&ocirc;ng tầng v&agrave; trồng c&acirc;y xanh gi&uacute;p n&acirc;ng cao khả năng điều h&ograve;a kh&ocirc;ng kh&iacute;</li>\r\n</ul>\r\n<p><strong>&Aacute;p dụng c&ocirc;ng nghệ BIM</strong><br />Tọa lạc tại vị tr&iacute; đặc biệt quan trọng ngay trước cửa nh&agrave; ga quốc nội, s&acirc;n bay T&acirc;n Sơn Nhất nơi c&oacute; mật độ giao th&ocirc;ng cao; việc thiết kế v&agrave; thi c&ocirc;ng được diễn ra trong thời gian ngắn vừa phải đảm bảo t&iacute;nh mỹ thuật của c&ocirc;ng tr&igrave;nh cửa ng&otilde;, vừa phải đảm bảo an to&agrave;n cho h&agrave;nh kh&aacute;ch đến v&agrave; đi. Chủ đầu tư &ndash; c&ocirc;ng ty cổ phần TCP đ&atilde; quyết định chọn BIM H&agrave; Nội l&agrave; đơn vị cung cấp dịch vụ tư vấn BIM cho dự &aacute;n. Phạm vi c&ocirc;ng việc bao gồm tư vấn to&agrave;n bộ qui tr&igrave;nh v&agrave; c&aacute;ch thức triển khai, tổ chức triển khai &aacute;p dụng BIM cho to&agrave;n bộ dự &aacute;n từ giai đoạn thiết kế đến thi c&ocirc;ng, lắp dựng.</p>\r\n<figure class=\"wp-block-image\"><img class=\"lazyloaded\" src=\"http://bimhanoi.vn/wp-content/uploads/2018/01/TCP_khu-vuc-ham.png\" alt=\"\" data-lazy-src=\"http://bimhanoi.vn/wp-content/uploads/2018/01/TCP_khu-vuc-ham.png\" data-was-processed=\"true\" /></figure>\r\n<div class=\"td-g-rec td-g-rec-id-content_inline td_uid_11_6119dccdcff1c_rand td_block_template_9 \">&nbsp;</div>\r\n<p>Điểm thuận lợi của dự &aacute;n l&agrave; c&aacute;c nh&agrave; thầu tư vấn v&agrave; thi c&ocirc;ng hầu hết đ&atilde; từng sử dụng c&aacute;c phần mềm BIM như Revit v&agrave; Tekla Structures. Tuy nhi&ecirc;n c&aacute;c nh&agrave; thầu n&agrave;y chưa từng phối hợp với nhau tr&ecirc;n nền tảng BIM; th&aacute;ch thức đặt ra cho việc cộng t&aacute;c thiết kế v&agrave; phối hợp thi c&ocirc;ng v&igrave; theo truyền thống c&aacute;c nh&agrave; thầu n&agrave;y vẫn đệ tr&igrave;nh bản vẽ 2D.<br />Căn cứ v&agrave;o t&iacute;nh chất của dự &aacute;n v&agrave; khả năng của c&aacute;c nh&agrave; thầu, BIM H&agrave; Nội đ&atilde; tư vấn c&aacute;c c&ocirc;ng cụ phần mềm m&ocirc; h&igrave;nh BIM v&agrave; phần mềm điều phối BIM.<br />Chủ đầu tư l&agrave; những người được hưởng lợi nhiều nhất từ việc &aacute;p dụng BIM khi to&agrave;n bộ dữ liệu thiết kế được thể hiện tr&ecirc;n m&ocirc;i trường 3D trực quan gi&uacute;p chủ đầu tư đưa ra c&aacute;c quyết định ch&iacute;nh x&aacute;c về phương &aacute;n thiết kế.</p>\r\n<p>Dữ liệu thiết kế 3D tr&ecirc;n c&aacute;c phần mềm Revit v&agrave; Autocad Civil3D được chia sẻ th&ocirc;ng qua c&aacute;c định dạng Open BIM như IFC gi&uacute;p c&aacute;c b&ecirc;n dễ d&agrave;ng chia sẻ th&ocirc;ng tin. M&ocirc; h&igrave;nh BIM tổng hợp được lưu trữ v&agrave; chia sẻ tr&ecirc;n nền tảng điện to&aacute;n đ&aacute;m m&acirc;y gi&uacute;p c&aacute;c b&ecirc;n lu&ocirc;n c&oacute; được dữ liệu mới nhất. C&aacute;c nh&agrave; thầu tư vấn dễ d&agrave;ng tham chiếu c&aacute;c m&ocirc; h&igrave;nh của đối t&aacute;c để điều chỉnh phương &aacute;n của m&igrave;nh cho ph&ugrave; hợp.</p>\r\n<figure class=\"wp-block-image\"><img class=\"lazyloaded\" src=\"http://bimhanoi.vn/wp-content/uploads/2018/01/TCP_phong-bom.png\" alt=\"\" data-lazy-src=\"http://bimhanoi.vn/wp-content/uploads/2018/01/TCP_phong-bom.png\" data-was-processed=\"true\" /></figure>\r\n<p>Trong giai đoạn gia c&ocirc;ng chế tạo, to&agrave;n bộ c&aacute;c bản vẽ được tạo ra từ m&ocirc; h&igrave;nh 3D gi&uacute;p việc gia c&ocirc;ng ch&iacute;nh x&aacute;c. Phương &aacute;n lắp dựng được xem x&eacute;t đ&aacute;nh gi&aacute; tr&ecirc;n 3D trước khi ban h&agrave;nh bản vẽ shop gi&uacute;p c&aacute;c b&ecirc;n ph&acirc;n t&iacute;ch t&iacute;nh khả thi của giải ph&aacute;p cấu tạo kết cấu l&agrave;m giảm đ&aacute;ng kể c&aacute;c sai s&oacute;t của nh&agrave; thầu; c&aacute;c lời khuy&ecirc;n tư vấn của BIM H&agrave; Nội đặc biệt hữu &iacute;ch đối với c&aacute;c nh&agrave; thầu kết cấu th&eacute;p tại c&aacute;c vị tr&iacute; phức tạp; khả năng xung đột cao. Do đặc điểm c&ocirc;ng tr&igrave;nh tại vị tr&iacute; c&oacute; mặt bằng chật hẹp, việc t&iacute;nh to&aacute;n tiến độ chế tạo v&agrave; lắp dựng cần đặc biệt được lưu t&acirc;m để khi cấu kiện được vận chuyển đến c&ocirc;ng trường sẽ được lắp dựng ngay m&agrave; kh&ocirc;ng cần lưu b&atilde;i.</p>\r\n<figure class=\"wp-block-image\"><img class=\"lazyloaded\" src=\"http://bimhanoi.vn/wp-content/uploads/2018/01/TCP_lap-KCT.jpg\" alt=\"\" data-lazy-src=\"http://bimhanoi.vn/wp-content/uploads/2018/01/TCP_lap-KCT.jpg\" data-was-processed=\"true\" /></figure>\r\n<p>M&ocirc; h&igrave;nh 3D BIM tổng hợp cũng gi&uacute;p t&iacute;nh to&aacute;n phương &aacute;n bố tr&iacute; c&aacute;c thiết bị lớn như m&aacute;y biến &aacute;p hay bố tr&iacute; kh&ocirc;ng gian ph&ograve;ng bơm tr&aacute;nh được nhiều sai s&oacute;t do phải đục ph&aacute; khi thi c&ocirc;ng theo c&aacute;ch truyền thống</p>\r\n<p><br /><em>Nguồn: bimhanoi.vn</em></p>','Tư vấn BIM dự án Nhà để xe cao tầng Sân bay Tân Sơn Nhất','tu-van-bim-du-an-nha-de-xe-cao-tang-san-bay-tan-son-nhat','TCP Park là nhà để xe quy mô lớn nhất và hiện đại nhất Việt Nam do Công ty Cổ phần Đầu tư TCP làm chủ đầu tư.\r\nNhà để xe áp dụng nhiều công nghệ và thiết bị hiện đại theo tiêu chuẩn chất lượng và an toàn của châu Âu nhằm đảm bảo hoạt động an ninh và vận hành hiệu quả.','BIM, BIM cơ bản',NULL),(9,5,'en','Project: Trade, service, finance and banking center Ciputra','The Ciputra Commercial - Service - Finance - Banking Center project (VietinBank Tower) is a modern building with a unique architectural design, located on the main traffic axis from Noi Bai International Airport to the Center. Hanoi.','<p>The total investment capital of the project is about 400 million USD. With a total usable area of ​​300,000m2, VietinBank Tower consists of 2 towers, linked by a 7-storey podium for common purposes such as conference rooms, seminars, high-class commercial centers, restaurants. . The first tower, 68 floors high, designed to maximize energy consumption, will be the main office of VietinBank. The second tower, with 48 floors, will house a 5-star hotel, health care area, spa services and luxury apartments for rent.</p>\r\n<p>The building complex is environmentally friendly with a design that minimizes the impact of the surrounding environment. The design uses a dehumidifying fan system with low energy consumption. This system has the function of dehumidifying, separating water from the air and emitting hot steam and dry air, which is then cooled by groundwater and brought back into the buildings. Energy saving is estimated at 35% compared to other buildings.</p>\r\n<p>The tower was designed by Norman Foster, Vinaconex R&amp;D is in charge of technical design, Turner International is the project management consultant, Hoa Binh and Agrimeco are the structural contractors, REE M&amp;E is the M&amp;E contractor. of project. The work is currently going into the construction phase of the body structure items.</p>\r\n<p>Figure 21. Perspective photo of the interior of Vietinbank project.</p>\r\n<p>Figure 22. Current status picture of Vietinbank project in February 2015</p>\r\n<p>Due to the complex nature of the structure and technical systems in the building, the investor and the project management consultant have had a policy to require the project participants to use BIM in the design phase. construction drawings, which require contractors to:</p>\r\n<p>&ndash; There are enough personnel and tools to implement BIM during the implementation of the bidding package.</p>\r\n<p>- Design construction drawings in 3D environment.</p>\r\n<p>&ndash; Bachelor of qualified personnel to work in the field to participate in the coordination of spatial conflict resolution.</p>\r\n<p>&ndash; Electromechanical contractor REE M&amp;E is mainly responsible for setting up BIM information sharing system, establishing process and coordinating spatial conflict resolution for the project.</p>\r\n<p>REE M&amp;E (R.E.E Refrigeration Engineering &amp; Services Joint Stock Company) is a leading capable unit in Vietnam in the field of electromechanical works. REE has experience in using BIM in making construction drawings in a number of projects with a smaller scale than this one, however, REE has little experience in the coordinated implementation of building systems in projects with large scale. large scale.</p>\r\n<p>During the period from April 2014 to October 2014. BIM research team, Institute of Construction Economics - Ministry of Construction has trained REE personnel, established and transferred the coordination processes, details are shown in Table 2.</p>\r\n<p>Table 2. Detailed coordination process for Vietinbank Tower project</p>','Dự án: Trung tâm thương mại, dịch vụ, tài chính ngân hàng Ciputra',NULL,NULL,NULL,NULL),(10,5,'vi','Dự án: Trung tâm thương mại, dịch vụ, tài chính ngân hàng Ciputra','Dự án Trung tâm Thương mại – Dịch vụ – Tài chính – Ngân hàng Ciputra (VietinBank Tower) là một công trình hiện đại với kiểu dáng kiến trúc độc đáo, nằm trên trục giao thông chính từ sân bay quốc tế Nội Bài về Trung tâm Hà Nội.','<p>Tổng vốn đầu tư của dự &aacute;n v&agrave;o khoảng 400 triệu USD. Với tổng diện t&iacute;ch sử dụng l&agrave; 300.000m2, VietinBank Tower gồm 2 t&ograve;a th&aacute;p, được li&ecirc;n kết bằng khối đế 7 tầng d&agrave;nh cho c&aacute;c mục đ&iacute;ch sử dụng chung như ph&ograve;ng hội nghị, hội thảo, trung t&acirc;m thương mại cao cấp, nh&agrave; h&agrave;ng. Th&aacute;p thứ nhất, cao 68 tầng, được thiết kế để tiết kiệm tối đa năng lượng ti&ecirc;u thụ, sẽ l&agrave; trụ sở l&agrave;m việc ch&iacute;nh của VietinBank. Th&aacute;p thứ hai, với 48 tầng, sẽ l&agrave; nơi đặt kh&aacute;ch sạn 5 sao, khu chăm s&oacute;c sức khỏe, dịch vụ spa v&agrave; căn hộ cao cấp cho thu&ecirc;.</p>\r\n<p>Tổ hợp t&ograve;a nh&agrave; được định hướng th&acirc;n thiện m&ocirc;i trường với thiết kế giảm thiểu c&aacute;c t&aacute;c động của m&ocirc;i trường xung quanh. Thiết kế sử dụng hệ thống quạt h&uacute;t ẩm &iacute;t ti&ecirc;u hao năng lượng. Hệ thống n&agrave;y c&oacute; chức năng h&uacute;t ẩm, t&aacute;ch nước khỏi kh&ocirc;ng kh&iacute; v&agrave; phả ra hơi n&oacute;ng c&ugrave;ng kh&ocirc;ng kh&iacute; kh&ocirc;, nguồn kh&iacute; n&agrave;y ngay sau đ&oacute; được l&agrave;m lạnh bởi nước ngầm v&agrave; đưa trở lại v&agrave;o c&aacute;c t&ograve;a nh&agrave;. Mức độ tiết kiệm năng lượng ước t&iacute;nh khoảng 35% so với c&aacute;c t&ograve;a nh&agrave; kh&aacute;c.</p>\r\n<p>T&ograve;a th&aacute;p được thiết kế bởi h&atilde;ng Norman Foster, Vinaconex R&amp;D phụ tr&aacute;ch thiết kế kỹ thuật, Turner International l&agrave; nh&agrave; thầu tư vấn quản l&yacute; dự &aacute;n, Li&ecirc;n danh H&ograve;a B&igrave;nh v&agrave; Agrimeco l&agrave; nh&agrave; thầu kết cấu, REE M&amp;E l&agrave; nh&agrave; thầu cơ điện của dự &aacute;n. C&ocirc;ng tr&igrave;nh hiện nay đang đi v&agrave;o giai đoạn thi c&ocirc;ng c&aacute;c hạng mục kết cấu phần th&acirc;n.</p>\r\n<p>H&igrave;nh 21. Ảnh phối cảnh nội thất dự &aacute;n Vietinbank.</p>\r\n<p>H&igrave;nh 22. Ảnh hiện trạng thi c&ocirc;ng dự &aacute;n Vietinbank th&aacute;ng 02/2015</p>\r\n<p>Do t&iacute;nh chất phức tạp về mặt kết cấu v&agrave; c&aacute;c hệ thống kỹ thuật trong t&ograve;a nh&agrave;, chủ đầu tư v&agrave; tư vấn quản l&yacute; dự &aacute;n đ&atilde; c&oacute; chủ trương y&ecirc;u cầu c&aacute;c b&ecirc;n tham gia dự &aacute;n phải sử dụng BIM trong giai đoạn thiết kế bản vẽ thi c&ocirc;ng, trong đ&oacute; y&ecirc;u cầu c&aacute;c nh&agrave; thầu phải:</p>\r\n<p>&ndash; C&oacute; đủ nh&acirc;n sự v&agrave; c&ocirc;ng cụ để triển khai BIM trong qu&aacute; tr&igrave;nh thực hiện g&oacute;i thầu.</p>\r\n<p>&ndash; Thực hiện thiết kế bản vẽ thi c&ocirc;ng trong m&ocirc;i trường kh&ocirc;ng gian 3 chiều.</p>\r\n<p>&ndash; Cử nh&acirc;n sự đủ năng lực l&agrave;m việc tại hiện trường để tham gia phối hợp giải quyết xung đột kh&ocirc;ng gian.</p>\r\n<p>&ndash; Nh&agrave; thầu cơ điện REE M&amp;E chịu tr&aacute;ch nhiệm ch&iacute;nh trong việc thiết lập hệ thống chia sẻ th&ocirc;ng tin BIM, thiết lập quy tr&igrave;nh v&agrave; thực hiện điều phối giải quyết xung đột kh&ocirc;ng gian cho dự &aacute;n.</p>\r\n<p>REE M&amp;E (C&ocirc;ng ty Cổ Phần Dịch vụ &amp; Kỹ thuật Cơ Điện Lạnh R.E.E) l&agrave; một dơn vị c&oacute; năng lực h&agrave;ng đầu tại Việt nam trong lĩnh vực cơ điện c&ocirc;ng tr&igrave;nh. REE c&oacute; kinh nghiệm sử dụng BIM trong lập bản vẽ thi c&ocirc;ng trong một số dự &aacute;n c&oacute; quy m&ocirc; nhỏ hơn dự &aacute;n n&agrave;y, tuy nhi&ecirc;n REE c&ograve;n &iacute;t kinh nghiệm trong việc triển khai phối hợp c&aacute;c hệ thống c&ocirc;ng tr&igrave;nh trong c&aacute;c dự &aacute;n c&oacute; quy m&ocirc; lớn.</p>\r\n<p>Trong khoảng thời gian từ th&aacute;ng 4/2014 tới th&aacute;ng 10/2014. Nh&oacute;m nghi&ecirc;n cứu đề t&agrave;i BIM Viện Kinh tế x&acirc;y dựng &ndash; Bộ X&acirc;y dựng đ&atilde; đ&agrave;o tạo nh&acirc;n sự của REE, lập v&agrave; chuyển giao c&aacute;c quy tr&igrave;nh phối hợp, chi tiết thể hiện trong Bảng 2</p>\r\n<p>Bảng 2. Quy tr&igrave;nh phối hợp, chi tiết thể hiện cho dự &aacute;n Th&aacute;p Vietinbank</p>\r\n<table style=\"border-collapse: collapse; width: 100%; height: 638px; border-style: double;\" border=\"2\" width=\"619\">\r\n<thead>\r\n<tr style=\"height: 35px;\">\r\n<td style=\"height: 35px; width: 614.792px;\" colspan=\"3\"><strong>I. X&acirc;y dựng c&aacute;c ti&ecirc;u chuẩn v&agrave; quy tr&igrave;nh phục vụ phối hợp đa ng&agrave;nh, đ&agrave;o tạo nh&acirc;n sự của REE thực hiện quy tr&igrave;nh</strong></td>\r\n</tr>\r\n</thead>\r\n<tbody>\r\n<tr style=\"height: 17px;\">\r\n<td style=\"height: 17px; width: 184.236px;\"><strong>Nh&oacute;m c&ocirc;ng việc ch&iacute;nh</strong></td>\r\n<td style=\"height: 17px; width: 427.465px;\" colspan=\"2\"><strong>Nội dung c&ocirc;ng việc</strong></td>\r\n</tr>\r\n<tr style=\"height: 357px;\">\r\n<td style=\"height: 357px; width: 184.236px;\">1.1&nbsp;X&acirc;y dựng c&aacute;c biểu mẫu v&agrave; quy tr&igrave;nh phục vụ phối hợp đa ng&agrave;nh</td>\r\n<td style=\"height: 357px; width: 427.465px;\" colspan=\"2\">X&acirc;y dựng c&aacute;c quy tr&igrave;nh, ti&ecirc;u chuẩn, hướng dẫn bao gồm:\r\n<p>Quy tr&igrave;nh chuẩn bị v&agrave; tiến h&agrave;nh c&aacute;c buổi họp điều phối đa ng&agrave;nh</p>\r\n<p>Quy tr&igrave;nh ph&ograve;ng tr&aacute;nh xung đột kh&ocirc;ng gian giữa c&aacute;c hệ k&yacute; thuật c&ocirc;ng tr&igrave;nh</p>\r\n<p>Ti&ecirc;u chuẩn đặt t&ecirc;n file cho BIM</p>\r\n<p>Ti&ecirc;u chuẩn đặt mầu ph&acirc;n biệt c&aacute;c hệ trong BIM</p>\r\n<p>Hướng dẫn thiết lập toạ độ chung cho lập m&ocirc; h&igrave;nh 3D</p>\r\n<p>Checklist để kiểm so&aacute;t chất lượng file BIM</p>\r\n<p>Mẫu bi&ecirc;n bản cuộc họp điều phối BIM</p>\r\n<p>Sơ đồ x&aacute;c định vai tr&ograve; v&agrave; tr&aacute;ch nhiệm c&aacute;c b&ecirc;n tham gia điều phối BIM</p>\r\n</td>\r\n</tr>\r\n<tr style=\"height: 35px;\">\r\n<td style=\"height: 35px; width: 184.236px;\">1.2&nbsp;Đ&agrave;o tạo nh&acirc;n sự của REE thực hiện quy tr&igrave;nh</td>\r\n<td style=\"height: 35px; width: 427.465px;\" colspan=\"2\">Hướng dẫn nh&acirc;n sự BIM Cordinator của REE hiểu v&agrave; thực hiện c&aacute;c bước của c&aacute;c quy tr&igrave;nh v&agrave; ti&ecirc;u chuẩn trong 1.1</td>\r\n</tr>\r\n<tr style=\"height: 17px;\">\r\n<td style=\"height: 17px; width: 184.236px;\" colspan=\"2\">Nh&oacute;m c&ocirc;ng việc ch&iacute;nh</td>\r\n<td style=\"height: 17px; width: 427.465px;\">Nội dung c&ocirc;ng việc</td>\r\n</tr>\r\n<tr style=\"height: 53px;\">\r\n<td style=\"height: 53px; width: 184.236px;\" colspan=\"2\">2.1&nbsp;Tư vấn lựa chọn giải ph&aacute;p online hosting</td>\r\n<td style=\"height: 53px; width: 427.465px;\">Ph&acirc;n t&iacute;ch đặc điểm của c&aacute;c giải ph&aacute;p online hosting cho BIM v&agrave; tư vấn REE lựa chọn giải ph&aacute;p ph&ugrave; hợp với dự &aacute;n v&agrave; kinh ph&iacute;.</td>\r\n</tr>\r\n<tr style=\"height: 124px;\">\r\n<td style=\"height: 124px; width: 184.236px;\" colspan=\"2\">2.1&nbsp;Thiết lập online hosting v&agrave; đ&agrave;o tạo sử dụng</td>\r\n<td style=\"height: 124px; width: 427.465px;\">Hướng dẫn REE x&acirc;y dựng cấu tr&uacute;c thư mục, ph&acirc;n quyền (nếu c&oacute;), đặt t&ecirc;n, version control (nếu c&oacute;), synchronization (nếu c&oacute;) hướng dẫn nh&acirc;n sự BIM của REE sử dụng v&agrave; vận h&agrave;nh. Tư vấn điều chỉnh trong qu&aacute; tr&igrave;nh thực hiện để tăng hiệu quả workflow. Nh&acirc;n sự BIM của REE sử dụng v&agrave; vận h&agrave;nh được giải ph&aacute;p online hosting phục vụ BIM coordination.</td>\r\n</tr>\r\n</tbody>\r\n</table>\r\n<p>Sau hai th&aacute;ng đ&agrave;o tạo v&agrave; chuyển giao quy tr&igrave;nh, nh&acirc;n sự của REE đ&atilde; tự thực hiện được c&aacute;c c&ocirc;ng việc theo hợp đồng cam kết về điều phối BIM với chủ đầu tư, r&agrave; so&aacute;t t&igrave;m kiếm v&agrave; phối hợp với c&aacute;c nh&agrave; thầu kh&aacute;c xử l&yacute; th&agrave;nh c&ocirc;ng c&aacute;c xung đột kh&ocirc;ng gian v&agrave; c&ugrave;ng với đơn vị quản l&yacute; dự &aacute;n l&agrave; Turner ho&agrave;n thiện kế hoạch tiến độ điều phối xử l&yacute; xung đột kh&ocirc;ng gian cho to&agrave;n dự &aacute;n.</p>\r\n<p>Bảng 3 dưới đ&acirc;y thống k&ecirc; c&aacute;c xung đột kh&ocirc;ng gian m&agrave; dự &aacute;n đ&atilde; ph&aacute;t hiện v&agrave; giải quyết cho đến thời điểm th&aacute;ng 7/2015. Trong đ&oacute; c&oacute; nhiều thiếu s&oacute;t thiết kế m&agrave; nếu kh&ocirc;ng ph&aacute;t hiện sớm sẽ g&acirc;y thiệt hại rất lớn khi đưa ra triển khai thi c&ocirc;ng. Một v&iacute; dụ l&agrave; k&iacute;ch thước lỗ chờ thang m&aacute;y tr&ecirc;n c&aacute;c s&agrave;n b&ecirc; t&ocirc;ng nhỏ hơn k&iacute;ch thước thiết bị dự kiến lắp đặt.</p>\r\n<table width=\"100%\">\r\n<tbody>\r\n<tr>\r\n<td width=\"8%\"><strong>STT</strong></td>\r\n<td width=\"18%\"><strong>G&oacute;i thầu</strong></td>\r\n<td width=\"16%\"><strong>Đang chờ</strong></td>\r\n<td width=\"21%\"><strong>Đ&atilde; giải quyết về kỹ thuật giữa c&aacute;c nh&oacute;m trong DA</strong></td>\r\n<td width=\"18%\"><strong>Tổng số</strong></td>\r\n<td width=\"17%\"><strong>Đ&atilde; giải quyết về kỹ thuật v&agrave; được chấp thuận</strong></td>\r\n</tr>\r\n<tr>\r\n<td width=\"8%\">&nbsp;</td>\r\n<td width=\"18%\">Tổng hợp</td>\r\n<td width=\"16%\">668</td>\r\n<td width=\"21%\">1132</td>\r\n<td width=\"18%\">1818</td>\r\n<td width=\"17%\">427</td>\r\n</tr>\r\n<tr>\r\n<td width=\"8%\">1</td>\r\n<td width=\"18%\">Tầng hầm</td>\r\n<td width=\"16%\">61</td>\r\n<td width=\"21%\">792</td>\r\n<td width=\"18%\">853</td>\r\n<td width=\"17%\">351</td>\r\n</tr>\r\n<tr>\r\n<td width=\"8%\">2</td>\r\n<td width=\"18%\">Khối văn ph&ograve;ng</td>\r\n<td width=\"16%\">188</td>\r\n<td width=\"21%\">220</td>\r\n<td width=\"18%\">408</td>\r\n<td width=\"17%\">27</td>\r\n</tr>\r\n<tr>\r\n<td width=\"8%\">3</td>\r\n<td width=\"18%\">Khối kh&aacute;ch sạn</td>\r\n<td width=\"16%\">361</td>\r\n<td width=\"21%\">21</td>\r\n<td width=\"18%\">382</td>\r\n<td width=\"17%\">0</td>\r\n</tr>\r\n<tr>\r\n<td width=\"8%\">4</td>\r\n<td width=\"18%\">H&agrave;nh lang</td>\r\n<td width=\"16%\">0</td>\r\n<td width=\"21%\">57</td>\r\n<td width=\"18%\">71</td>\r\n<td width=\"17%\">49</td>\r\n</tr>\r\n<tr>\r\n<td width=\"8%\">5</td>\r\n<td width=\"18%\">G&oacute;i thầu của H&ograve;a B&igrave;nh</td>\r\n<td width=\"16%\">8</td>\r\n<td width=\"21%\">0</td>\r\n<td width=\"18%\">8</td>\r\n<td width=\"17%\">0</td>\r\n</tr>\r\n<tr>\r\n<td width=\"8%\">6</td>\r\n<td width=\"18%\">G&oacute;i thầu của Agrimeco</td>\r\n<td width=\"16%\">28</td>\r\n<td width=\"21%\">7</td>\r\n<td width=\"18%\">39</td>\r\n<td width=\"17%\">0</td>\r\n</tr>\r\n<tr>\r\n<td width=\"8%\">7</td>\r\n<td width=\"18%\">G&oacute;i thầu cơ điện của REE M&amp;E</td>\r\n<td width=\"16%\">0</td>\r\n<td width=\"21%\">14</td>\r\n<td width=\"18%\">14</td>\r\n<td width=\"17%\">0</td>\r\n</tr>\r\n<tr>\r\n<td width=\"8%\">8</td>\r\n<td width=\"18%\">G&oacute;i thầu tường k&iacute;nh của Yuanda</td>\r\n<td width=\"16%\">0</td>\r\n<td width=\"21%\">0</td>\r\n<td width=\"18%\">0</td>\r\n<td width=\"17%\">0</td>\r\n</tr>\r\n<tr>\r\n<td width=\"8%\">9</td>\r\n<td width=\"18%\">G&oacute;i thầu thang m&aacute;y của Schindler</td>\r\n<td width=\"16%\">22</td>\r\n<td width=\"21%\">21</td>\r\n<td width=\"18%\">43</td>\r\n<td width=\"17%\">0</td>\r\n</tr>\r\n</tbody>\r\n</table>','Dự án: Trung tâm thương mại, dịch vụ, tài chính ngân hàng Ciputra','du-an-trung-tam-thuong-mai-dich-vu-tai-chinh-ngan-hang-ciputra','Dự án Trung tâm Thương mại – Dịch vụ – Tài chính – Ngân hàng Ciputra (VietinBank Tower) là một công trình hiện đại với kiểu dáng kiến trúc độc đáo, nằm trên trục giao thông chính từ sân bay quốc tế Nội Bài về Trung tâm Hà Nội.','BIM, BIM cơ bản',NULL),(11,6,'en','Thanks to BIM, the Eiffel Tower (and surrounding area) is introduced in 3D for the first time','Autodesk has revealed the 3D model that will be used in the restoration and repair of the entire Eiffel Tower, covering all 2.4 square kilometers. This model will be used by the Council of Paris to participate in the design and construction process; allowing both Parisians and tourists to experience the Eiffel Tower in a way they have never had before – virtual 3D.','<p><iframe class=\"lazyloaded\" src=\"https://www.youtube.com/embed/iZSP0AQp1_4?feature=oembed\" width=\"100%\" height=\"281\" frameborder=\"0\" allowfullscreen=\"\" data-was-processed=\"true\"></iframe></p>\r\n<p>Autodesk revealed the 3D model that will be used in the restoration and repair of the entire Eiffel Tower construction covering all 2.4 square kilometers. This model will be used by the &nbsp;Paris Council &nbsp;to participate in the design and construction process; allowing both Parisians and tourists to experience the Eiffel Tower in a way they have never had before &ndash; virtual 3D.</p>\r\n<p>Autodesk is the only technology provider to partner with the City of Paris on this unique project and uses Building Information Modeling (BIM) to create the largest urban model in the world, complete with buildings, roads, infrastructure, pedestrian areas, urban interiors and green areas around the building.</p>\r\n<p>&nbsp;</p>\r\n<p><br />The absolute accuracy of the project was an interesting challenge for Autodesk\'s data modeling team. To map the details of this 2.4 square kilometer area, engineers had to scan the lidar to create 194 cloud points, taking aerial images with an accuracy of 2 to 5cm depending on the area and generates 342 GB of point cloud data (including 10.3 billion points), all using Autodesk InfraWorks and 3ds Max.</p>\r\n<p>At the event held at Paris City Hall, Jean-Louis Missika &ndash; Deputy Mayor of Paris, in charge of urban planning, architecture, Grand Paris project and Jean-Fran&ccedil;ois Martins &ndash; Deputy Mayor of Paris, assistant responsible for sports, tourism, Olympic and Paralympic Games, also revealed 4 teams/architects competing to redesign the area Eiffel Tower. These are &nbsp;Gustafson Porter + Bowman and BIM; AL_A ​​and Quatorze-ig; Agence ter and Arcadis; and architect KOZ!</p>\r\n<p>Over the next year, Autodesk will work with teams to describe the current state of the Eiffel Tower to four teams, and Autodesk will also give them access to a simplified version of the 3D model for use in the future. different stages in the competition process. This model will help illustrate the visibility of project design elements from different perspectives, helping teams create their own proposals for urban spaces. In addition, that model will also be used by the judges in the final evaluation of the four proposals from the four teams to better understand them.</p>\r\n<p>The four designs by the four teams will then be unveiled in the spring of 2019, and construction on the winning project will begin in 2021. The renovation of the Eiffel Tower area, including the Trocad&eacute;ro Garden and the Champ de Mars , which will be completed just before the 2024 summer Olympics, and before other major events including the 2025 Universal Show and the 2026 Rugby World Cup.</p>\r\n<p>In addition, Paris will also need to address growing challenges related to energy, the environment, supply networks, mobility, logistics, waste management and security of the region. . Not only that, for a city famous for floods like Paris &nbsp;also prompted climate scientists to study what measures are needed to prevent these damages.</p>\r\n<p>While this project is taking place in Paris, we hope its impact will be felt around the world.</p>\r\n<p>Growing populations, dwindling resources, skills shortages, and squeezed business profits are just some of the pressures that are mounting on construction companies around the world. Besides, they also have the challenge of building projects on time, more cost-effectively with less carbon emissions, more environmentally friendly.</p>\r\n<p>But the BIM process, as well as other digital tools and cloud-enabled technologies have the answer. They can help architects, engineers, and contractors visualize designs before they are built, leading to more efficient and accurate projects. They also allow for closer collaboration between teams as designs can be accessed from anywhere, at any time.</p>\r\n<p>The Eiffel Tower project is one of the most respected BIM applications worldwide for this type of urban project, and a great example of how a city &ndash; even a government &ndash; ​​can exploit. Harnessing new digital technologies to drive automation in the construction industry.</p>\r\n<p>Nicolas Mangon, Senior Vice President of AEC Business Strategy and Marketing at Autodesk, said: &ldquo;Autodesk is proud to be collaborating on this landmark project and has a platform to showcase to people around the world. world. While France is one of the countries leading BIM and other digital tools through the Digital Transformation Plan for Construction (PTNB), there are still others who are not convinced of the power of BIM. and digital technologies. We hope that the success and benefits of the Eiffel Tower project will encourage countries to start taking digital approaches &ndash; like BIM or point cloud technology &ndash; as seriously as the future of Europe. AEC industry.&rdquo;</p>\r\n<p>Numbers</p>\r\n<p>Thousands of hours of data capture<br />4 square kilometers<br />342 GB of point cloud data used to construct the model elements (terrain, buildings, statues, and city furniture)<br />The cumulative point cloud contains 10.3 billion points and includes</p>\r\n<p>including 0.93 square kilometers<br />8,200 model trees, 1,000 buildings, three bridges, 25 statues and hundreds of lighting fixtures, benches and park fixtures</p>\r\n<p>For more information about this project, please visit https://www.paris.fr/actualites/un-appel-a-projets-pour-reamenager-la-tour-eiffel-5397</p>\r\n<p>According to TheBIMhub</p>\r\n<p>Translated by: Duong Duy Hung</p>\r\n<p>&mdash;&mdash;-<br />Please specify the source vietnambim.net when re-posting this article</p>\r\n<div id=\"gtx-trans\" style=\"position: absolute; left: 377px; top: 335.08px;\">\r\n<div class=\"gtx-trans-icon\">&nbsp;</div>\r\n</div>','Thanks to BIM, the Eiffel Tower (and surrounding area) is introduced in 3D for the first time','nho-bim-thap-eiffel-va-khu-vuc-xung-quanh-lan-dau-tien-duoc-gioi-thieu-o-che-do-3d','Autodesk has revealed the 3D model that will be used in the restoration and repair of the entire Eiffel Tower, covering all 2.4 square kilometers. This model will be used by the Council of Paris to participate in the design and construction process; allowing both Parisians and tourists to experience the Eiffel Tower in a way they have never had before – virtual 3D.','BIM, Advance BIM',NULL),(12,6,'vi','Nhờ BIM, Tháp Eiffel (và khu vực xung quanh) lần đầu tiên được giới thiệu ở chế độ 3D','Autodesk đã tiết lộ mô hình 3D sẽ được sử dụng trong quá trình khôi phục và sửa chữa toàn bộ công trình Tháp Eiffel bao gồm tất cả 2,4 km vuông. Mô hình này sẽ được Hội đồng Paris sử dụng để tham gia trong quá trình thiết kế và xây dựng; cho phép cả người dân Paris và khách du lịch cùng trải nghiệm Tháp Eiffel theo cách mà họ chưa bao giờ có trước đây – 3D ảo.','<p><iframe class=\"lazyloaded\" src=\"https://www.youtube.com/embed/iZSP0AQp1_4?feature=oembed\" width=\"100%\" height=\"281\" frameborder=\"0\" allowfullscreen=\"\" data-was-processed=\"true\"></iframe></p>\r\n<p><em>Autodesk</em>&nbsp;đ&atilde; tiết lộ m&ocirc; h&igrave;nh 3D sẽ được sử dụng trong qu&aacute; tr&igrave;nh kh&ocirc;i phục v&agrave; sửa chữa to&agrave;n bộ c&ocirc;ng tr&igrave;nh Th&aacute;p Eiffel bao gồm tất cả 2,4 km vu&ocirc;ng. M&ocirc; h&igrave;nh n&agrave;y sẽ được&nbsp;<em>Hội đồng Paris</em>&nbsp;sử dụng để tham gia trong qu&aacute; tr&igrave;nh thiết kế v&agrave; x&acirc;y dựng; cho ph&eacute;p cả người d&acirc;n Paris v&agrave; kh&aacute;ch du lịch c&ugrave;ng trải nghiệm Th&aacute;p Eiffel theo c&aacute;ch m&agrave; họ chưa bao giờ c&oacute; trước đ&acirc;y &ndash; 3D ảo.</p>\r\n<p>Autodesk l&agrave; nh&agrave; cung cấp c&ocirc;ng nghệ duy nhất hợp t&aacute;c với Th&agrave;nh phố Paris trong dự &aacute;n độc đ&aacute;o n&agrave;y v&agrave; sử dụng M&ocirc; h&igrave;nh Th&ocirc;ng tin X&acirc;y dựng (BIM) để tạo ra m&ocirc; h&igrave;nh đ&ocirc; thị lớn nhất tr&ecirc;n thế giới, ho&agrave;n chỉnh với c&aacute;c t&ograve;a nh&agrave;, đường x&aacute;, c&aacute;c cơ sở hạ tầng, những khu vực d&agrave;nh cho người đi bộ, nội thất đ&ocirc; thị v&agrave; khu vực c&acirc;y xanh xung quanh c&ocirc;ng tr&igrave;nh.</p>\r\n<div class=\"td-g-rec td-g-rec-id-content_inline td_uid_11_6119e05e9cf32_rand td_block_template_9 \">&nbsp;</div>\r\n<p>Sự ch&iacute;nh x&aacute;c đến tuyệt đối của dự &aacute;n l&agrave; một th&aacute;ch thức th&uacute; vị đối với đội tạo lập dữ liệu m&ocirc; h&igrave;nh của Autodesk. Để lập bản đồ c&aacute;c chi tiết của khu vực rộng 2,4 km vu&ocirc;ng n&agrave;y, c&aacute;c kĩ sữ đ&atilde; phải qu&eacute;t Lidar để tạo ra 194 điểm đ&aacute;m m&acirc;y, chụp ảnh tr&ecirc;n kh&ocirc;ng với độ ch&iacute;nh x&aacute;c từ 2 đến 5cm t&ugrave;y theo khu vực v&agrave; tạo ra dữ liệu đ&aacute;m m&acirc;y điểm nặng tới 342 GB (bao gồm 10,3 tỷ điểm), tất cả đều được sử dụng Autodesk InfraWorks v&agrave; 3ds Max.</p>\r\n<p><img class=\"alignnone wp-image-7143 size-full lazyloaded\" src=\"http://vietnambim.net/wp-content/uploads/2018/06/poster-tour-eiffel-jour-nuit-1.jpg\" srcset=\"https://vietnambim.net/wp-content/uploads/2018/06/poster-tour-eiffel-jour-nuit-1.jpg 1920w, https://vietnambim.net/wp-content/uploads/2018/06/poster-tour-eiffel-jour-nuit-1-300x169.jpg 300w, https://vietnambim.net/wp-content/uploads/2018/06/poster-tour-eiffel-jour-nuit-1-768x432.jpg 768w, https://vietnambim.net/wp-content/uploads/2018/06/poster-tour-eiffel-jour-nuit-1-1024x576.jpg 1024w, https://vietnambim.net/wp-content/uploads/2018/06/poster-tour-eiffel-jour-nuit-1-696x392.jpg 696w, https://vietnambim.net/wp-content/uploads/2018/06/poster-tour-eiffel-jour-nuit-1-1068x601.jpg 1068w, https://vietnambim.net/wp-content/uploads/2018/06/poster-tour-eiffel-jour-nuit-1-747x420.jpg 747w\" alt=\"\" width=\"1920\" height=\"1080\" data-lazy-src=\"http://vietnambim.net/wp-content/uploads/2018/06/poster-tour-eiffel-jour-nuit-1.jpg\" data-lazy-srcset=\"https://vietnambim.net/wp-content/uploads/2018/06/poster-tour-eiffel-jour-nuit-1.jpg 1920w, https://vietnambim.net/wp-content/uploads/2018/06/poster-tour-eiffel-jour-nuit-1-300x169.jpg 300w, https://vietnambim.net/wp-content/uploads/2018/06/poster-tour-eiffel-jour-nuit-1-768x432.jpg 768w, https://vietnambim.net/wp-content/uploads/2018/06/poster-tour-eiffel-jour-nuit-1-1024x576.jpg 1024w, https://vietnambim.net/wp-content/uploads/2018/06/poster-tour-eiffel-jour-nuit-1-696x392.jpg 696w, https://vietnambim.net/wp-content/uploads/2018/06/poster-tour-eiffel-jour-nuit-1-1068x601.jpg 1068w, https://vietnambim.net/wp-content/uploads/2018/06/poster-tour-eiffel-jour-nuit-1-747x420.jpg 747w\" data-lazy-sizes=\"(max-width: 1920px) 100vw, 1920px\" data-was-processed=\"true\" /></p>\r\n<p>Tại sự kiện được tổ chức tại T&ograve;a thị ch&iacute;nh Paris, Jean-Louis Missika &ndash; Ph&oacute; Thị trưởng th&agrave;nh phố Paris, phụ tr&aacute;ch quy hoạch đ&ocirc; thị, kiến tr&uacute;c, dự &aacute;n Grand Paris v&agrave; Jean-Fran&ccedil;ois Martins &ndash; Ph&oacute; Thị trưởng Paris , phụ tr&aacute;ch thể thao, du lịch, Olympic v&agrave; Paralympic Games, cũng tiết lộ 4 đội/ kiến tr&uacute;c sư cạnh tranh để thiết kế lại khu vực&nbsp;Th&aacute;p Eiffel. Đ&oacute; l&agrave;&nbsp;<em>Gustafson Porter + Bowman and BIM</em>;&nbsp;<em>AL_A v&agrave; Quatorze-ig</em>;&nbsp;<em>Agence ter v&agrave; Arcadis</em>; v&agrave;&nbsp;<em>kiến tr&uacute;c sư KOZ!</em></p>\r\n<p>Trong v&ograve;ng 1 năm tới, Autodesk sẽ l&agrave;m việc với c&aacute;c đội để m&ocirc; tả t&igrave;nh trạng th&aacute;p Eiffel hiện tại cho 4 đội, đồng thời Autodesk cũng sẽ cho ph&eacute;p họ truy cập v&agrave;o một phi&ecirc;n bản đơn giản của m&ocirc; h&igrave;nh 3D để sử dụng trong c&aacute;c giai đoạn kh&aacute;c nhau trong qu&aacute; tr&igrave;nh cạnh tranh. M&ocirc; h&igrave;nh n&agrave;y sẽ gi&uacute;p minh họa khả năng hiển thị của c&aacute;c th&agrave;nh phần thiết kế dự &aacute;n từ c&aacute;c g&oacute;c nh&igrave;n kh&aacute;c nhau, gi&uacute;p c&aacute;c nh&oacute;m tạo ra c&aacute;c đề xuất ri&ecirc;ng cho kh&ocirc;ng gian đ&ocirc; thị. Ngo&agrave;i ra, m&ocirc; h&igrave;nh đ&oacute; cũng sẽ được ban gi&aacute;m khảo sử dụng trong lần đ&aacute;nh gi&aacute; cuối c&ugrave;ng của bốn đề xuất đến từ 4 đội để hiểu r&otilde; hơn về ch&uacute;ng.</p>\r\n<p>4 mẫu thiết kế của 4 đội sau đ&oacute; sẽ được c&ocirc;ng bố v&agrave;o m&ugrave;a xu&acirc;n năm 2019, v&agrave; việc x&acirc;y dựng dự &aacute;n chiến thắng sẽ bắt đầu v&agrave;o năm 2021. Việc cải tạo khu vực Th&aacute;p Eiffel, bao gồm Vườn Trocad&eacute;ro v&agrave; Champ de Mars, sẽ được ho&agrave;n th&agrave;nh ngay trước thế vận hội m&ugrave;a h&egrave; năm 2024, v&agrave; trước c&aacute;c sự kiện lớn kh&aacute;c bao gồm Triển l&atilde;m Universal năm 2025 v&agrave; World Cup b&oacute;ng bầu dục năm 2026.</p>\r\n<p>B&ecirc;n cạnh đ&oacute;, thủ đ&ocirc; Paris cũng sẽ cần phải giải quyết những th&aacute;ch thức ng&agrave;y c&agrave;ng gia tăng li&ecirc;n quan đến năng lượng, m&ocirc;i trường, mạng lưới cung cấp, di động, hậu cần, quản l&yacute; chất thải v&agrave; an ninh của khu vực. Kh&ocirc;ng chỉ vậy, đối với th&agrave;nh phố nổi tiếng về lũ lụt như Paris&nbsp; cũng khiến c&aacute;c nh&agrave; khoa học kh&iacute; hậu phải nghi&ecirc;n cứu những biện ph&aacute;p cần thiết để ngăn chặn những thiệt hại n&agrave;y.</p>\r\n<p>Trong khi dự &aacute;n n&agrave;y đang diễn ra tại Paris, ch&uacute;ng t&ocirc;i hy vọng t&aacute;c động của n&oacute; sẽ được cảm nhận tr&ecirc;n to&agrave;n thế giới.</p>\r\n<p>D&acirc;n số ng&agrave;y c&agrave;ng tăng, t&agrave;i nguy&ecirc;n suy giảm, sự thiếu k&eacute;m về kỹ năng, v&agrave; lợi nhuận kinh doanh bị &eacute;p chỉ l&agrave; một số &aacute;p lực đang đ&egrave; dần l&ecirc;n c&aacute;c c&ocirc;ng ty x&acirc;y dựng tr&ecirc;n to&agrave;n thế giới. B&ecirc;n cạnh đ&oacute;, họ c&ograve;n phải th&aacute;ch thức với việc x&acirc;y dựng c&aacute;c dự &aacute;n đ&uacute;ng thời hạn, hiệu quả về mặt chi ph&iacute; nhiều hơn với &iacute;t kh&iacute; thải carbon hơn, th&acirc;n thiện với m&ocirc;i trường hơn.</p>\r\n<p>Nhưng qu&aacute; tr&igrave;nh BIM, cũng như c&aacute;c c&ocirc;ng cụ kỹ thuật số kh&aacute;c v&agrave; c&aacute;c c&ocirc;ng nghệ hỗ trợ đ&aacute;m m&acirc;y c&oacute; c&acirc;u trả lời. Ch&uacute;ng c&oacute; thể gi&uacute;p c&aacute;c kiến tr&uacute;c sư, kỹ sư v&agrave; nh&agrave; thầu trực quan h&oacute;a thiết kế trước khi ch&uacute;ng được x&acirc;y dựng, dẫn đến c&aacute;c dự &aacute;n hiệu quả v&agrave; ch&iacute;nh x&aacute;c hơn. Họ cũng cho ph&eacute;p sự hợp t&aacute;c chặt chẽ hơn giữa c&aacute;c đội v&igrave; c&aacute;c thiết kế c&oacute; thể được truy cập từ mọi nơi, bất cứ l&uacute;c n&agrave;o.</p>\r\n<p>Dự &aacute;n Th&aacute;p Eiffel l&agrave; một trong những ứng dụng BIM c&oacute; uy t&iacute;n nhất tr&ecirc;n to&agrave;n thế giới về loại dự &aacute;n đ&ocirc; thị n&agrave;y, v&agrave; một v&iacute; dụ tuyệt vời về c&aacute;ch m&agrave; một th&agrave;nh phố &ndash; thậm ch&iacute; l&agrave; một ch&iacute;nh phủ &ndash; c&oacute; thể khai th&aacute;c c&aacute;c c&ocirc;ng nghệ kỹ thuật số mới để th&uacute;c đẩy tự động h&oacute;a trong ng&agrave;nh x&acirc;y dựng.</p>\r\n<p>Nicolas Mangon, Ph&oacute; chủ tịch cấp cao AEC chiến lược v&agrave; tiếp thị kinh doanh tại Autodesk, cho biết:&nbsp;<em>&ldquo;Autodesk tự h&agrave;o được cộng t&aacute;c trong dự &aacute;n mang t&iacute;nh bước ngoặt n&agrave;y v&agrave; c&oacute; một nền tảng để giới thiệu cho mọi người tr&ecirc;n khắp thế giới. Trong khi Ph&aacute;p l&agrave; một trong những quốc gia dẫn đầu BIM v&agrave; c&aacute;c c&ocirc;ng cụ kỹ thuật số kh&aacute;c th&ocirc;ng qua Kế hoạch chuyển đổi kỹ thuật số cho x&acirc;y dựng (PTNB), vẫn c&ograve;n những người kh&aacute;c chưa được thuyết phục về sức mạnh của BIM v&agrave; c&aacute;c c&ocirc;ng nghệ kỹ thuật số. Ch&uacute;ng t&ocirc;i hy vọng rằng sự th&agrave;nh c&ocirc;ng v&agrave; lợi &iacute;ch của dự &aacute;n Th&aacute;p Eiffel sẽ khuyến kh&iacute;ch c&aacute;c quốc gia bắt đầu thực hiện c&aacute;c phương ph&aacute;p kỹ thuật số &ndash; như BIM hay c&ocirc;ng nghệ đ&aacute;m m&acirc;y điểm &ndash; 1 c&aacute;ch nghi&ecirc;m t&uacute;c như tương lai của ng&agrave;nh c&ocirc;ng nghiệp AEC.&rdquo;</em></p>\r\n<p><strong>C&aacute;c con số</strong></p>\r\n<ul>\r\n<li>H&agrave;ng ngh&igrave;n giờ chụp dữ liệu</li>\r\n<li>4 km vu&ocirc;ng</li>\r\n<li>342 GB dữ liệu đ&aacute;m m&acirc;y điểm được sử dụng để x&acirc;y dựng c&aacute;c yếu tố của m&ocirc; h&igrave;nh (địa h&igrave;nh, t&ograve;a nh&agrave;, tượng v&agrave; đồ nội thất th&agrave;nh phố)</li>\r\n<li>Đ&aacute;m m&acirc;y điểm t&iacute;ch lũy chứa 10,3 tỷ điểm v&agrave; bao gồm 0,93 km vu&ocirc;ng</li>\r\n<li>8.200 c&acirc;y m&ocirc; h&igrave;nh, 1.000 t&ograve;a nh&agrave;, ba c&acirc;y cầu, 25 bức tượng v&agrave; h&agrave;ng trăm đồ đạc &aacute;nh s&aacute;ng, băng ghế v&agrave; đồ đạc c&ocirc;ng vi&ecirc;n</li>\r\n</ul>\r\n<p>Để biết th&ecirc;m th&ocirc;ng tin về dự &aacute;n n&agrave;y, vui l&ograve;ng truy cập&nbsp;<a href=\"https://www.paris.fr/actualites/un-appel-a-projets-pour-reamenager-la-tour-eiffel-5397\">https://www.paris.fr/actualites/un-appel-a-projets-pour-reamenager-la-tour-eiffel-5397</a></p>\r\n<p><em>Theo TheBIMhub</em></p>\r\n<p><em>Bi&ecirc;n dịch: Dương Duy Hưng</em></p>\r\n<p>&mdash;&mdash;-<br /><em><strong>Vui l&ograve;ng ghi r&otilde; nguồn vietnambim.net khi đăng tải lại b&agrave;i viết n&agrave;y</strong></em></p>\r\n<div id=\"gtx-trans\" style=\"position: absolute; left: -53px; top: -12.0104px;\">\r\n<div class=\"gtx-trans-icon\">&nbsp;</div>\r\n</div>','Nhờ BIM, Tháp Eiffel (và khu vực xung quanh) lần đầu tiên được giới thiệu ở chế độ 3D','nho-bim-thap-eiffel-va-khu-vuc-xung-quanh-lan-dau-tien-duoc-gioi-thieu-o-che-do-3d','Autodesk đã tiết lộ mô hình 3D sẽ được sử dụng trong quá trình khôi phục và sửa chữa toàn bộ công trình Tháp Eiffel bao gồm tất cả 2,4 km vuông. Mô hình này sẽ được Hội đồng Paris sử dụng để tham gia trong quá trình thiết kế và xây dựng; cho phép cả người dân Paris và khách du lịch cùng trải nghiệm Tháp Eiffel theo cách mà họ chưa bao giờ có trước đây – 3D ảo.','BIM, BIM cơ bản',NULL),(13,7,'en','Bach Mai Golf Course','In mid-2015, Hanoi was heavily affected by storms. Severe storms damaged infrastructure and buildings, including Bach Mai Golf Course. Strong winds bend and tilt the steel poles used to stretch the surrounding net. This distortion can be dangerous, so the investor needs to determine the level of impact to take corrective and repair measures.','<p>Project type: Sports<br />Location: Hanoi Vietnam<br />Category: Golf training area<br />Scope of application: 3D laser scanning, simulation from drawing design, checking deformation and tolerance<br />Status: Completed<br />In mid-2015, Hanoi was heavily affected by storms. Severe storms damaged infrastructure and buildings, including Bach Mai Golf Course. Strong winds bend and tilt the steel poles used to stretch the surrounding net. This distortion can be dangerous, so the investor needs to determine the level of impact to take corrective and repair measures.</p>\r\n<p><br />Bach Mai Golf Course<br />It is difficult to use traditional measurements to determine the displacement of steel columns with small and difficult to detect deformations. Therefore, ViBIM applies 3D laser scanning and BIM technology to capture the actual structure of the building in 3D structure, and then compares it with the structural model in design conditions to determine the area, position position and size deformation.</p>\r\n<p>Bach Mai Golf Course</p>\r\n<p>&nbsp;</p>\r\n<p>Bach Mai Golf Course<br />Thanks to the detailed drawings, the investor has the best settlement and handling plan.</p>','Bach Mai Golf Course','san-goft-bach-mai','In mid-2015, Hanoi was heavily affected by storms. Severe storms damaged infrastructure and buildings, including Bach Mai Golf Course. Strong winds bend and tilt the steel poles used to stretch the surrounding net. This distortion can be dangerous, so the investor needs to determine the level of impact to take corrective and repair measures.','BIM, Advance BIM',NULL),(14,7,'vi','SÂN GOFT BẠCH MAI','Giữa năm 2015, Hà Nội bị ảnh hưởng nặng nề bởi bão. Các đợt bão lớn làm hư hỏng cơ sở hạ tầng và các tòa nhà, trong đó có Sân Gôn Bạch Mai. Gió mạnh làm cong và nghiêng ngả các cột thép được sử dụng để căng lưới bao quanh. Sự biến dạng này có thể gây ra nguy hiểm, do đó, nhà đầu tư cần xác định mức độ ảnh hưởng để tiến hành các biện pháp khắc phục, sửa chữa.','<h4><strong>Loại dự &aacute;n: Thể thao</strong></h4>\r\n<h4><strong>Địa điểm: H&agrave; Nội Việt Nam</strong></h4>\r\n<h4><strong>Hạng mục: Khu đ&agrave;o tạo chơi Golf</strong></h4>\r\n<h4><strong>Phạm vi ứng dụng: Laser scan 3D, m&ocirc; phỏng từ thiết kế bản vẽ, kiểm tra biến dạng v&agrave; dung sai</strong></h4>\r\n<h4><strong>Trạng th&aacute;i: Ho&agrave;n th&agrave;nh</strong></h4>\r\n<h5>Giữa năm 2015,&nbsp;<span lang=\"vi\">H&agrave; Nội bị ảnh hưởng nặng nề bởi b&atilde;o. C&aacute;c đợt b&atilde;o lớn l&agrave;m hư hỏng cơ sở hạ tầng v&agrave; c&aacute;c t&ograve;a nh&agrave;, trong đ&oacute; c&oacute; S&acirc;n G&ocirc;n Bạch Mai. Gi&oacute; mạnh l&agrave;m cong v&agrave; nghi&ecirc;ng ngả c&aacute;c cột th&eacute;p được sử dụng để căng lưới bao quanh. Sự biến dạng n&agrave;y c&oacute; thể g&acirc;y ra nguy hiểm, do đ&oacute;, nh&agrave; đầu tư cần x&aacute;c định mức độ ảnh hưởng để tiến h&agrave;nh c&aacute;c biện ph&aacute;p khắc phục, sửa chữa.</span></h5>\r\n<p>&nbsp;</p>\r\n<p><img class=\"alignnone wp-image-6441 lazyloaded\" src=\"https://vietnambim.net/wp-content/uploads/2018/04/San-gon-Bach-Mai_Apave-point-300x174.png\" srcset=\"https://vietnambim.net/wp-content/uploads/2018/04/San-gon-Bach-Mai_Apave-point-300x174.png 300w, https://vietnambim.net/wp-content/uploads/2018/04/San-gon-Bach-Mai_Apave-point.png 640w\" alt=\"\" width=\"671\" height=\"389\" data-lazy-src=\"https://vietnambim.net/wp-content/uploads/2018/04/San-gon-Bach-Mai_Apave-point-300x174.png\" data-lazy-srcset=\"https://vietnambim.net/wp-content/uploads/2018/04/San-gon-Bach-Mai_Apave-point-300x174.png 300w, https://vietnambim.net/wp-content/uploads/2018/04/San-gon-Bach-Mai_Apave-point.png 640w\" data-lazy-sizes=\"(max-width: 671px) 100vw, 671px\" data-was-processed=\"true\" /></p>\r\n<h5>S&acirc;n g&ocirc;n Bạch Mai</h5>\r\n<h5><span lang=\"vi\">Thật kh&oacute; khi sử dụng c&aacute;c ph&eacute;p đo truyền thống để x&aacute;c định sự dịch chuyển của c&aacute;c cột th&eacute;p với những biến dạng nhỏ v&agrave; kh&oacute; ph&aacute;t hiện. V&igrave; vậy, ViBIM &aacute;p dụng c&ocirc;ng nghệ qu&eacute;t laser 3D v&agrave; BIM để nắm bắt c&aacute;c cấu tr&uacute;c thực tế của c&ocirc;ng tr&igrave;nh trong cấu tr&uacute;c 3D, sau đ&oacute; so s&aacute;nh với m&ocirc; h&igrave;nh cấu tr&uacute;c trong điều kiện thiết kế để x&aacute;c định diện t&iacute;ch, vị tr&iacute; v&agrave; k&iacute;ch thước biến dạng.</span></h5>\r\n<p><img class=\"alignnone wp-image-6443 lazyloaded\" src=\"https://vietnambim.net/wp-content/uploads/2018/04/San-gon-Bach-Mai_Apave-1-300x212.jpg\" srcset=\"https://vietnambim.net/wp-content/uploads/2018/04/San-gon-Bach-Mai_Apave-1-300x212.jpg 300w, https://vietnambim.net/wp-content/uploads/2018/04/San-gon-Bach-Mai_Apave-1-100x70.jpg 100w, https://vietnambim.net/wp-content/uploads/2018/04/San-gon-Bach-Mai_Apave-1-200x140.jpg 200w, https://vietnambim.net/wp-content/uploads/2018/04/San-gon-Bach-Mai_Apave-1-593x420.jpg 593w, https://vietnambim.net/wp-content/uploads/2018/04/San-gon-Bach-Mai_Apave-1.jpg 640w\" alt=\"\" width=\"645\" height=\"456\" data-lazy-src=\"https://vietnambim.net/wp-content/uploads/2018/04/San-gon-Bach-Mai_Apave-1-300x212.jpg\" data-lazy-srcset=\"https://vietnambim.net/wp-content/uploads/2018/04/San-gon-Bach-Mai_Apave-1-300x212.jpg 300w, https://vietnambim.net/wp-content/uploads/2018/04/San-gon-Bach-Mai_Apave-1-100x70.jpg 100w, https://vietnambim.net/wp-content/uploads/2018/04/San-gon-Bach-Mai_Apave-1-200x140.jpg 200w, https://vietnambim.net/wp-content/uploads/2018/04/San-gon-Bach-Mai_Apave-1-593x420.jpg 593w, https://vietnambim.net/wp-content/uploads/2018/04/San-gon-Bach-Mai_Apave-1.jpg 640w\" data-lazy-sizes=\"(max-width: 645px) 100vw, 645px\" data-was-processed=\"true\" /></p>\r\n<h5>S&acirc;n gofl Bạch Mai</h5>\r\n<div class=\"td-g-rec td-g-rec-id-content_inline td_uid_11_6119e14d65b59_rand td_block_template_9 \">&nbsp;</div>\r\n<p><img class=\"alignnone wp-image-6446 lazyloaded\" src=\"https://vietnambim.net/wp-content/uploads/2018/04/San-gon-Bach-Mai_Apave-6-300x212.jpg\" srcset=\"https://vietnambim.net/wp-content/uploads/2018/04/San-gon-Bach-Mai_Apave-6-300x212.jpg 300w, https://vietnambim.net/wp-content/uploads/2018/04/San-gon-Bach-Mai_Apave-6-100x70.jpg 100w, https://vietnambim.net/wp-content/uploads/2018/04/San-gon-Bach-Mai_Apave-6-200x140.jpg 200w, https://vietnambim.net/wp-content/uploads/2018/04/San-gon-Bach-Mai_Apave-6-595x420.jpg 595w, https://vietnambim.net/wp-content/uploads/2018/04/San-gon-Bach-Mai_Apave-6.jpg 640w\" alt=\"\" width=\"627\" height=\"443\" data-lazy-src=\"https://vietnambim.net/wp-content/uploads/2018/04/San-gon-Bach-Mai_Apave-6-300x212.jpg\" data-lazy-srcset=\"https://vietnambim.net/wp-content/uploads/2018/04/San-gon-Bach-Mai_Apave-6-300x212.jpg 300w, https://vietnambim.net/wp-content/uploads/2018/04/San-gon-Bach-Mai_Apave-6-100x70.jpg 100w, https://vietnambim.net/wp-content/uploads/2018/04/San-gon-Bach-Mai_Apave-6-200x140.jpg 200w, https://vietnambim.net/wp-content/uploads/2018/04/San-gon-Bach-Mai_Apave-6-595x420.jpg 595w, https://vietnambim.net/wp-content/uploads/2018/04/San-gon-Bach-Mai_Apave-6.jpg 640w\" data-lazy-sizes=\"(max-width: 627px) 100vw, 627px\" data-was-processed=\"true\" /></p>\r\n<h5>S&acirc;n Gofl Bạch Mai</h5>\r\n<h3>Nhờ c&oacute; c&aacute;c bản vẽ chi tiết, nh&agrave; đầu tư đ&atilde; c&oacute; kế hoạch giải quyết v&agrave; xử l&yacute; tốt nhất.</h3>','SÂN GOFT BẠCH MAI','san-goft-bach-mai','Giữa năm 2015, Hà Nội bị ảnh hưởng nặng nề bởi bão. Các đợt bão lớn làm hư hỏng cơ sở hạ tầng và các tòa nhà, trong đó có Sân Gôn Bạch Mai. Gió mạnh làm cong và nghiêng ngả các cột thép được sử dụng để căng lưới bao quanh. Sự biến dạng này có thể gây ra nguy hiểm, do đó, nhà đầu tư cần xác định mức độ ảnh hưởng để tiến hành các biện pháp khắc phục, sửa chữa.','BIM, Bim nâng cao',NULL);
/*!40000 ALTER TABLE `projects_translations` ENABLE KEYS */;
UNLOCK TABLES;

--
-- Table structure for table `role_user`
--

DROP TABLE IF EXISTS `role_user`;
/*!40101 SET @saved_cs_client     = @@character_set_client */;
/*!40101 SET character_set_client = utf8 */;
CREATE TABLE `role_user` (
  `id` int(10) unsigned NOT NULL AUTO_INCREMENT,
  `user_id` int(10) unsigned NOT NULL,
  `role_id` int(10) unsigned NOT NULL,
  PRIMARY KEY (`id`),
  KEY `role_user_user_id_foreign` (`user_id`),
  KEY `role_user_role_id_foreign` (`role_id`),
  CONSTRAINT `role_user_role_id_foreign` FOREIGN KEY (`role_id`) REFERENCES `roles` (`id`) ON DELETE CASCADE,
  CONSTRAINT `role_user_user_id_foreign` FOREIGN KEY (`user_id`) REFERENCES `users` (`id`) ON DELETE CASCADE
) ENGINE=InnoDB AUTO_INCREMENT=3 DEFAULT CHARSET=utf8mb4 COLLATE=utf8mb4_unicode_ci;
/*!40101 SET character_set_client = @saved_cs_client */;

--
-- Dumping data for table `role_user`
--

LOCK TABLES `role_user` WRITE;
/*!40000 ALTER TABLE `role_user` DISABLE KEYS */;
INSERT INTO `role_user` VALUES (1,1,1),(2,2,2);
/*!40000 ALTER TABLE `role_user` ENABLE KEYS */;
UNLOCK TABLES;

--
-- Table structure for table `roles`
--

DROP TABLE IF EXISTS `roles`;
/*!40101 SET @saved_cs_client     = @@character_set_client */;
/*!40101 SET character_set_client = utf8 */;
CREATE TABLE `roles` (
  `id` int(10) unsigned NOT NULL AUTO_INCREMENT,
  `name` varchar(191) COLLATE utf8mb4_unicode_ci NOT NULL,
  `all` tinyint(1) NOT NULL DEFAULT 0,
  `sort` smallint(5) unsigned NOT NULL DEFAULT 0,
  `status` tinyint(1) NOT NULL DEFAULT 1,
  `created_by` int(11) DEFAULT NULL,
  `updated_by` int(10) unsigned DEFAULT NULL,
  `created_at` timestamp NULL DEFAULT NULL,
  `updated_at` timestamp NULL DEFAULT NULL,
  `deleted_at` timestamp NULL DEFAULT NULL,
  PRIMARY KEY (`id`),
  UNIQUE KEY `roles_name_unique` (`name`)
) ENGINE=InnoDB AUTO_INCREMENT=3 DEFAULT CHARSET=utf8mb4 COLLATE=utf8mb4_unicode_ci;
/*!40101 SET character_set_client = @saved_cs_client */;

--
-- Dumping data for table `roles`
--

LOCK TABLES `roles` WRITE;
/*!40000 ALTER TABLE `roles` DISABLE KEYS */;
INSERT INTO `roles` VALUES (1,'Administrator',1,1,1,1,NULL,'2021-08-15 00:45:54','2021-08-15 00:45:54',NULL),(2,'Executive',0,2,1,1,NULL,'2021-08-15 00:45:54','2021-08-15 00:45:54',NULL);
/*!40000 ALTER TABLE `roles` ENABLE KEYS */;
UNLOCK TABLES;

--
-- Table structure for table `sessions`
--

DROP TABLE IF EXISTS `sessions`;
/*!40101 SET @saved_cs_client     = @@character_set_client */;
/*!40101 SET character_set_client = utf8 */;
CREATE TABLE `sessions` (
  `id` varchar(191) COLLATE utf8mb4_unicode_ci NOT NULL,
  `user_id` int(10) unsigned DEFAULT NULL,
  `ip_address` varchar(45) COLLATE utf8mb4_unicode_ci DEFAULT NULL,
  `user_agent` text COLLATE utf8mb4_unicode_ci DEFAULT NULL,
  `payload` text COLLATE utf8mb4_unicode_ci NOT NULL,
  `last_activity` int(11) NOT NULL,
  UNIQUE KEY `sessions_id_unique` (`id`)
) ENGINE=InnoDB DEFAULT CHARSET=utf8mb4 COLLATE=utf8mb4_unicode_ci;
/*!40101 SET character_set_client = @saved_cs_client */;

--
-- Dumping data for table `sessions`
--

LOCK TABLES `sessions` WRITE;
/*!40000 ALTER TABLE `sessions` DISABLE KEYS */;
/*!40000 ALTER TABLE `sessions` ENABLE KEYS */;
UNLOCK TABLES;

--
-- Table structure for table `settings`
--

DROP TABLE IF EXISTS `settings`;
/*!40101 SET @saved_cs_client     = @@character_set_client */;
/*!40101 SET character_set_client = utf8 */;
CREATE TABLE `settings` (
  `id` int(10) unsigned NOT NULL AUTO_INCREMENT,
  `logo` varchar(191) COLLATE utf8mb4_unicode_ci DEFAULT NULL,
  `favicon` varchar(191) COLLATE utf8mb4_unicode_ci DEFAULT NULL,
  `section_1_color` varchar(191) COLLATE utf8mb4_unicode_ci DEFAULT '#ffffff',
  `image_section_1` varchar(191) COLLATE utf8mb4_unicode_ci DEFAULT NULL,
  `section_2_color` varchar(191) COLLATE utf8mb4_unicode_ci DEFAULT '#ffffff',
  `section_3_color` varchar(191) COLLATE utf8mb4_unicode_ci DEFAULT '#ffffff',
  `section_4_color` varchar(191) COLLATE utf8mb4_unicode_ci DEFAULT '#ffffff',
  `section_5_color` varchar(191) COLLATE utf8mb4_unicode_ci DEFAULT '#f0f0f0',
  `footer_color` varchar(191) COLLATE utf8mb4_unicode_ci DEFAULT 'rgb(21, 25, 43)',
  `header_color` varchar(191) COLLATE utf8mb4_unicode_ci DEFAULT 'rgb(21, 25, 43)',
  `company_email_1` varchar(191) COLLATE utf8mb4_unicode_ci DEFAULT 'hello@agico.com',
  `company_email_2` varchar(191) COLLATE utf8mb4_unicode_ci DEFAULT 'info@example.com',
  `fb_link` varchar(512) COLLATE utf8mb4_unicode_ci DEFAULT NULL,
  `youtube_link` varchar(512) COLLATE utf8mb4_unicode_ci DEFAULT NULL,
  `linkedin_link` varchar(512) COLLATE utf8mb4_unicode_ci DEFAULT NULL,
  `google_analytics` text COLLATE utf8mb4_unicode_ci DEFAULT NULL,
  `longitude` text COLLATE utf8mb4_unicode_ci DEFAULT NULL,
  `latitude` text COLLATE utf8mb4_unicode_ci DEFAULT NULL,
  `google_map_apiKey` text COLLATE utf8mb4_unicode_ci DEFAULT NULL,
  `terms` text COLLATE utf8mb4_unicode_ci DEFAULT NULL,
  `disclaimer` text COLLATE utf8mb4_unicode_ci DEFAULT NULL,
  `created_at` timestamp NULL DEFAULT NULL,
  `updated_at` timestamp NULL DEFAULT NULL,
  `deleted_at` timestamp NULL DEFAULT NULL,
  PRIMARY KEY (`id`)
) ENGINE=InnoDB AUTO_INCREMENT=2 DEFAULT CHARSET=utf8mb4 COLLATE=utf8mb4_unicode_ci;
/*!40101 SET character_set_client = @saved_cs_client */;

--
-- Dumping data for table `settings`
--

LOCK TABLES `settings` WRITE;
/*!40000 ALTER TABLE `settings` DISABLE KEYS */;
INSERT INTO `settings` VALUES (1,'1629259394-logo-imgpsh_fullsize_anim.png','1629478687-favicon-1629259394-logo-imgpsh_fullsize_anim.png','#ffffff','1629479223-photos-pngegg.png','#ffffff','#ffffff','#ffffff','#ffffff','rgb(38, 41, 45)','rgb(38, 41, 45)','hello@agico.com','info@example.com',NULL,NULL,NULL,NULL,NULL,NULL,NULL,NULL,NULL,NULL,'2021-08-22 07:44:33',NULL);
/*!40000 ALTER TABLE `settings` ENABLE KEYS */;
UNLOCK TABLES;

--
-- Table structure for table `settings_translations`
--

DROP TABLE IF EXISTS `settings_translations`;
/*!40101 SET @saved_cs_client     = @@character_set_client */;
/*!40101 SET character_set_client = utf8 */;
CREATE TABLE `settings_translations` (
  `id` int(10) unsigned NOT NULL AUTO_INCREMENT,
  `setting_id` int(10) unsigned NOT NULL,
  `locale` varchar(191) COLLATE utf8mb4_unicode_ci NOT NULL,
  `app_name` varchar(191) COLLATE utf8mb4_unicode_ci DEFAULT NULL,
  `seo_title` varchar(191) COLLATE utf8mb4_unicode_ci DEFAULT NULL,
  `seo_keyword` text COLLATE utf8mb4_unicode_ci DEFAULT NULL,
  `seo_description` text COLLATE utf8mb4_unicode_ci DEFAULT NULL,
  `home_header_section_1` text COLLATE utf8mb4_unicode_ci DEFAULT 'BIM (Building Information Modeling)',
  `home_sub_header_section_1` text COLLATE utf8mb4_unicode_ci DEFAULT 'Tổng Quan Về Phần Mềm BIM',
  `description_section_1` text COLLATE utf8mb4_unicode_ci DEFAULT 'Mô tả',
  `feature1_section_1` text COLLATE utf8mb4_unicode_ci DEFAULT 'Tính năng 1',
  `feature1_description_section_1` text COLLATE utf8mb4_unicode_ci DEFAULT 'Mô tả tính năng 1',
  `feature1_section_2` text COLLATE utf8mb4_unicode_ci DEFAULT 'Tính năng 2',
  `feature1_description_section_2` text COLLATE utf8mb4_unicode_ci DEFAULT 'Mô tả tính năng 2',
  `feature1_section_3` text COLLATE utf8mb4_unicode_ci DEFAULT 'Tính năng 3',
  `feature1_description_section_3` text COLLATE utf8mb4_unicode_ci DEFAULT 'Mô tả tính năng 3',
  `feature1_section_4` text COLLATE utf8mb4_unicode_ci DEFAULT 'Tính năng 4',
  `feature1_description_section_4` text COLLATE utf8mb4_unicode_ci DEFAULT 'Mô tả tính năng 4',
  `home_header_section_2` text COLLATE utf8mb4_unicode_ci DEFAULT 'Sản Phẩm / Dịch Vụ',
  `home_sub_header_section_2` text COLLATE utf8mb4_unicode_ci DEFAULT 'Tất Cả Sản Phẩm / Dịch Vụ Của Chúng Tôi',
  `home_header_section_3` text COLLATE utf8mb4_unicode_ci DEFAULT 'Tin Tức',
  `home_sub_header_section_3` text COLLATE utf8mb4_unicode_ci DEFAULT 'Đừng Bỏ Lỡ Những Tin Tức Mới Nhất',
  `home_header_section_4` text COLLATE utf8mb4_unicode_ci DEFAULT 'Đối tác',
  `home_sub_header_section_4` text COLLATE utf8mb4_unicode_ci DEFAULT 'Chúng Tôi Tự Hào Khi Có Sự Tham Gia Của Các Đối Tác',
  `home_header_section_5` text COLLATE utf8mb4_unicode_ci DEFAULT 'Liên hệ',
  `home_sub_header_section_5` text COLLATE utf8mb4_unicode_ci DEFAULT 'Vui Lòng Cung Cấp Thông Tin. Chúng Tôi Sẽ Liên Hệ Với Bạn.',
  `footer_description` text COLLATE utf8mb4_unicode_ci DEFAULT 'Nội dung footer',
  `company_name` varchar(512) COLLATE utf8mb4_unicode_ci DEFAULT 'BIM Company',
  `company_detail` varchar(191) COLLATE utf8mb4_unicode_ci DEFAULT 'Lorem ipsum dolor sit amet consectetur elit sed do eiusmod tempor',
  `company_address` varchar(191) COLLATE utf8mb4_unicode_ci DEFAULT 'Studio 76d, Riley Ford, North Michaelchester, CF99 6QQ',
  `company_contact_phone_1` varchar(191) COLLATE utf8mb4_unicode_ci DEFAULT '(+091) 413 554 8598',
  `company_contact_phone_2` varchar(191) COLLATE utf8mb4_unicode_ci DEFAULT '(+091) 413 554 8599',
  `deleted_at` timestamp NULL DEFAULT NULL,
  PRIMARY KEY (`id`),
  UNIQUE KEY `settings_translations_setting_id_locale_unique` (`setting_id`,`locale`),
  KEY `settings_translations_locale_index` (`locale`),
  CONSTRAINT `settings_translations_setting_id_foreign` FOREIGN KEY (`setting_id`) REFERENCES `settings` (`id`) ON DELETE CASCADE
) ENGINE=InnoDB AUTO_INCREMENT=3 DEFAULT CHARSET=utf8mb4 COLLATE=utf8mb4_unicode_ci;
/*!40101 SET character_set_client = @saved_cs_client */;

--
-- Dumping data for table `settings_translations`
--

LOCK TABLES `settings_translations` WRITE;
/*!40000 ALTER TABLE `settings_translations` DISABLE KEYS */;
INSERT INTO `settings_translations` VALUES (1,1,'en',NULL,NULL,NULL,NULL,'BIM (Building Information Modeling)','Tổng Quan Về Phần Mềm BIM','BIM (Building Information Modeling) is an advanced construction industry (AEC) process based on digital 3D models used throughout the lifecycle of a design, infrastructure and construction project. .','Centralized data management','With BIM, everything happens automatically and accurately, you just need to focus on the quality of the 3D design models.','Intuitive model design','The investor will easily get the most intuitive view of the project, the structural design team, MEP... easily detect conflicts, optimally design the details in the space of the building.','Save cost - time',NULL,NULL,NULL,'Sản Phẩm / Dịch Vụ','Tất Cả Sản Phẩm / Dịch Vụ Của Chúng Tôi','Tin Tức','Đừng Bỏ Lỡ Những Tin Tức Mới Nhất','Đối tác','Chúng Tôi Tự Hào Khi Có Sự Tham Gia Của Các Đối Tác','Liên hệ','Vui Lòng Cung Cấp Thông Tin. Chúng Tôi Sẽ Liên Hệ Với Bạn.','Vietnam BIM Network was born to create consensus in the BIM practitioner community on working methods, formats, and cultures. Building a common data exchange and information exchange environment about BIM in Vietnam oriented towards Connection - Sharing - Extensive cooperation. use footer','BIM Company','Vietnam BIM Network được sinh ra để tạo nên sự đồng thuận trong cộng đồng người hành nghề BIM về phương pháp, định dạng, văn hóa làm việc. Xây dựng một môi trường trao đổi dữ liệu, trao đổi t','Studio 76d, Riley Ford, North Michaelchester, CF99 6QQ','(+091) 413 554 8598','(+091) 413 554 8599',NULL),(2,1,'vi',NULL,NULL,NULL,NULL,'BIM (Building Information Modeling)','Tổng Quan Về Phần Mềm BIM','BIM (Building Information Modeling) là một quy trình tiên tiến được ứng dụng trong ngành xây dựng (AEC) dựa trên các mô hình 3D kỹ thuật số được sử dụng xuyên suốt vòng đời của một dự án thiết kế, hạ tầng và xây dựng.','Quản lý dữ liệu tập trung','Với BIM, mọi thứ sẽ diễn ra một cách tự động và chính xác, bạn chỉ cần tập trung vào chất lượng của các mô hình thiết kế 3D.','Thiết kế mô hình trực quan','Chủ đầu tư sẽ dễ dàng có được một cái nhìn trực quan nhất về dự án, đội ngũ thiết kế kết cấu, MEP... dễ dàng phát hiện các xung đột, thiết kế tối ưu các chi tiết trong không gian của tòa nhà','Tiết kiệm chi phí - thời gian','Giảm thiểu các khoảng phát sinh về chi phí lẫn thời gian làm việc với việc quản lý dữ liệu đồng nhất, tránh mất mác trong quá trình lưu trữ và quản lý tài liệu.','Tăng khả năng cộng tác','BIM giúp sự liên kết giữa các phòng ban trở nên chặt chẽ hơn, từ thiết kế kiến trúc, kết cấu, MEP, dự toán... tất cả đều làm việc trên một mô hình thống nhất','Sản Phẩm / Dịch Vụ','Tất Cả Sản Phẩm / Dịch Vụ Của Chúng Tôi','Tin Tức','Đừng Bỏ Lỡ Những Tin Tức Mới Nhất','Đối tác','Chúng Tôi Tự Hào Khi Có Sự Tham Gia Của Các Đối Tác','Liên hệ','Vui Lòng Cung Cấp Thông Tin. Chúng Tôi Sẽ Liên Hệ Với Bạn.','Vietnam BIM Network được sinh ra để tạo nên sự đồng thuận trong cộng đồng người hành nghề BIM về phương pháp, định dạng, văn hóa làm việc. Xây dựng một môi trường trao đổi dữ liệu, trao đổi thông tin chung về BIM ở Việt Nam định hướng tới sự Kết nối – Chia sẻ - Hợp tác sâu rộng. dung footer','BIM Company','Vietnam BIM Network được sinh ra để tạo nên sự đồng thuận trong cộng đồng người hành nghề BIM về phương pháp, định dạng, văn hóa làm việc. Xây dựng một môi trường trao đổi dữ liệu, trao đổi t','Studio 76d, Riley Ford, North Michaelchester, CF99 6QQ','(+091) 413 554 8598','(+091) 413 554 8599',NULL);
/*!40000 ALTER TABLE `settings_translations` ENABLE KEYS */;
UNLOCK TABLES;

--
-- Table structure for table `telescope_entries`
--

DROP TABLE IF EXISTS `telescope_entries`;
/*!40101 SET @saved_cs_client     = @@character_set_client */;
/*!40101 SET character_set_client = utf8 */;
CREATE TABLE `telescope_entries` (
  `sequence` bigint(20) unsigned NOT NULL AUTO_INCREMENT,
  `uuid` char(36) COLLATE utf8mb4_unicode_ci NOT NULL,
  `batch_id` char(36) COLLATE utf8mb4_unicode_ci NOT NULL,
  `family_hash` varchar(191) COLLATE utf8mb4_unicode_ci DEFAULT NULL,
  `should_display_on_index` tinyint(1) NOT NULL DEFAULT 1,
  `type` varchar(20) COLLATE utf8mb4_unicode_ci NOT NULL,
  `content` longtext COLLATE utf8mb4_unicode_ci NOT NULL,
  `created_at` datetime DEFAULT NULL,
  PRIMARY KEY (`sequence`),
  UNIQUE KEY `telescope_entries_uuid_unique` (`uuid`),
  KEY `telescope_entries_batch_id_index` (`batch_id`),
  KEY `telescope_entries_type_should_display_on_index_index` (`type`,`should_display_on_index`),
  KEY `telescope_entries_family_hash_index` (`family_hash`)
) ENGINE=InnoDB DEFAULT CHARSET=utf8mb4 COLLATE=utf8mb4_unicode_ci;
/*!40101 SET character_set_client = @saved_cs_client */;

--
-- Dumping data for table `telescope_entries`
--

LOCK TABLES `telescope_entries` WRITE;
/*!40000 ALTER TABLE `telescope_entries` DISABLE KEYS */;
/*!40000 ALTER TABLE `telescope_entries` ENABLE KEYS */;
UNLOCK TABLES;

--
-- Table structure for table `telescope_entries_tags`
--

DROP TABLE IF EXISTS `telescope_entries_tags`;
/*!40101 SET @saved_cs_client     = @@character_set_client */;
/*!40101 SET character_set_client = utf8 */;
CREATE TABLE `telescope_entries_tags` (
  `entry_uuid` char(36) COLLATE utf8mb4_unicode_ci NOT NULL,
  `tag` varchar(191) COLLATE utf8mb4_unicode_ci NOT NULL,
  KEY `telescope_entries_tags_entry_uuid_tag_index` (`entry_uuid`,`tag`),
  KEY `telescope_entries_tags_tag_index` (`tag`),
  CONSTRAINT `telescope_entries_tags_entry_uuid_foreign` FOREIGN KEY (`entry_uuid`) REFERENCES `telescope_entries` (`uuid`) ON DELETE CASCADE
) ENGINE=InnoDB DEFAULT CHARSET=utf8mb4 COLLATE=utf8mb4_unicode_ci;
/*!40101 SET character_set_client = @saved_cs_client */;

--
-- Dumping data for table `telescope_entries_tags`
--

LOCK TABLES `telescope_entries_tags` WRITE;
/*!40000 ALTER TABLE `telescope_entries_tags` DISABLE KEYS */;
/*!40000 ALTER TABLE `telescope_entries_tags` ENABLE KEYS */;
UNLOCK TABLES;

--
-- Table structure for table `telescope_monitoring`
--

DROP TABLE IF EXISTS `telescope_monitoring`;
/*!40101 SET @saved_cs_client     = @@character_set_client */;
/*!40101 SET character_set_client = utf8 */;
CREATE TABLE `telescope_monitoring` (
  `tag` varchar(191) COLLATE utf8mb4_unicode_ci NOT NULL
) ENGINE=InnoDB DEFAULT CHARSET=utf8mb4 COLLATE=utf8mb4_unicode_ci;
/*!40101 SET character_set_client = @saved_cs_client */;

--
-- Dumping data for table `telescope_monitoring`
--

LOCK TABLES `telescope_monitoring` WRITE;
/*!40000 ALTER TABLE `telescope_monitoring` DISABLE KEYS */;
/*!40000 ALTER TABLE `telescope_monitoring` ENABLE KEYS */;
UNLOCK TABLES;

--
-- Table structure for table `users`
--

DROP TABLE IF EXISTS `users`;
/*!40101 SET @saved_cs_client     = @@character_set_client */;
/*!40101 SET character_set_client = utf8 */;
CREATE TABLE `users` (
  `id` int(10) unsigned NOT NULL AUTO_INCREMENT,
  `first_name` varchar(191) COLLATE utf8mb4_unicode_ci NOT NULL,
  `last_name` varchar(191) COLLATE utf8mb4_unicode_ci NOT NULL,
  `email` varchar(191) COLLATE utf8mb4_unicode_ci NOT NULL,
  `password` varchar(191) COLLATE utf8mb4_unicode_ci DEFAULT NULL,
  `status` tinyint(1) NOT NULL DEFAULT 1,
  `confirmation_code` varchar(191) COLLATE utf8mb4_unicode_ci DEFAULT NULL,
  `confirmed` tinyint(1) NOT NULL DEFAULT 0,
  `is_term_accept` tinyint(1) NOT NULL DEFAULT 0 COMMENT ' 0 = not accepted,1 = accepted',
  `remember_token` varchar(100) COLLATE utf8mb4_unicode_ci DEFAULT NULL,
  `created_by` int(11) DEFAULT NULL,
  `updated_by` int(10) unsigned DEFAULT NULL,
  `created_at` timestamp NULL DEFAULT NULL,
  `updated_at` timestamp NULL DEFAULT NULL,
  `deleted_at` timestamp NULL DEFAULT NULL,
  PRIMARY KEY (`id`),
  UNIQUE KEY `users_email_unique` (`email`)
) ENGINE=InnoDB AUTO_INCREMENT=3 DEFAULT CHARSET=utf8mb4 COLLATE=utf8mb4_unicode_ci;
/*!40101 SET character_set_client = @saved_cs_client */;

--
-- Dumping data for table `users`
--

LOCK TABLES `users` WRITE;
/*!40000 ALTER TABLE `users` DISABLE KEYS */;
INSERT INTO `users` VALUES (1,'SuperAdmin','Mr.','superadmin@admin.com','$2y$10$d4JwrXaUv1Vjgfhmrdkzqu2YDOV02jTd008DECDEgrcixdIbUYTfe',1,'54be4f378b2f9812bd4e7dac8e076453',1,0,NULL,1,NULL,'2021-08-15 00:45:53','2021-08-15 00:45:53',NULL),(2,'Admin','Mr.','admin@admin.com','$2y$10$TsPR17Vc1Xoc2F23xQIPJuG89fNGbNsKQjT1Q0OdqoCz1GIE8TVKu',1,'4aeb8d0ca987cc0daccd26e1a3434106',1,0,'iKGnYnl0m72ZYdPx50Gone7UY3CdwOsSUVBVHZzFlYVq6GX9aZ7WckxZSlAo',1,NULL,'2021-08-15 00:45:53','2021-08-15 00:45:53',NULL);
/*!40000 ALTER TABLE `users` ENABLE KEYS */;
UNLOCK TABLES;
/*!40103 SET TIME_ZONE=@OLD_TIME_ZONE */;

/*!40101 SET SQL_MODE=@OLD_SQL_MODE */;
/*!40014 SET FOREIGN_KEY_CHECKS=@OLD_FOREIGN_KEY_CHECKS */;
/*!40014 SET UNIQUE_CHECKS=@OLD_UNIQUE_CHECKS */;
/*!40101 SET CHARACTER_SET_CLIENT=@OLD_CHARACTER_SET_CLIENT */;
/*!40101 SET CHARACTER_SET_RESULTS=@OLD_CHARACTER_SET_RESULTS */;
/*!40101 SET COLLATION_CONNECTION=@OLD_COLLATION_CONNECTION */;
/*!40111 SET SQL_NOTES=@OLD_SQL_NOTES */;

-- Dump completed on 2022-08-05 19:00:01
